IDpol,Exposure,predicted_annual_frequency,predicted_claim_count,predicted_claim_severity,annualized_expected_loss,expected_loss,pure_premium,final_premium,risk_score,risk_category
41513,1.0,2.254407188630525,2.254407188630525,6845.330520418997,15432.162333784521,15432.162333784521,15432.162333784521,20111.81103391988,6346.69787642677,High
1041514,1.0,2.1833499364257225,2.1833499364257225,6831.298722850601,14915.115632240979,14915.115632240979,14915.115632240979,19439.650321913272,6134.0550120165235,High
141668,0.25,7.4479555329162395,1.8619888832290599,7366.210533429783,54863.208499084234,13715.802124771059,13715.802124771059,17880.542762202378,22563.280591781193,High
2260516,1.0,1.3821396339218193,1.3821396339218193,6712.0029799279655,9276.925341559798,9276.925341559798,9276.925341559798,12110.002944027738,3815.268469289637,High
131877,1.0,2.097008829870883,2.097008829870883,4215.068715208271,8839.036314304261,8839.036314304261,8839.036314304261,11540.74720859554,3635.180332625269,High
1131878,1.0,2.0309126578699632,2.0309126578699632,4206.428520147966,8542.888925993722,8542.888925993722,8542.888925993722,11155.75560379184,3513.385475893814,High
62898,1.0,1.6097608131393133,1.6097608131393133,4816.508125902329,7753.426037244643,7753.426037244643,7753.426037244643,10129.453848418038,3188.7075512343235,High
1062899,1.0,1.5590223393331977,1.5590223393331977,4806.6350793331885,7493.6514657030375,7493.6514657030375,7493.6514657030375,9791.74690541395,3081.871536559738,High
1177433,0.91,1.736868425154293,1.5805502668904066,4707.987354941162,8177.154582822982,7441.210670368913,7441.210670368913,9723.573871479588,3362.9719869133082,High
2075585,1.0,1.5098831048073278,1.5098831048073278,4796.782270879722,7242.58050824062,7242.58050824062,7242.58050824062,9465.354660712806,2978.6150078832165,High
3075586,1.0,1.4622927027188575,1.4622927027188575,4786.949659057125,6999.921554721757,6999.921554721757,6999.921554721757,9149.898021138284,2878.818036358201,High
4123957,1.0,1.4162023150114547,1.4162023150114547,4777.137202465629,6765.392765259168,6765.392765259168,6765.392765259168,8845.010594836918,2782.3647112927615,High
41847,0.24,3.991899785575446,0.958055948538107,6438.324733550148,25701.147123323928,6168.275309597742,6168.275309597742,8068.757902477066,10569.965008223817,High
151708,0.43,1.8898591166517156,0.8126394201602377,7531.308702294549,14233.112411349755,6120.238336880395,6120.238336880395,8006.309837944514,5853.571415477978,High
134303,1.0,1.5031994413773426,1.5031994413773426,3772.437492705695,5670.725931666144,5670.725931666144,5670.725931666144,7421.943711165987,2332.1672912623903,High
177430,0.49,2.2432977423081053,1.0992158937309715,5068.206044297649,11369.49517672521,5571.052636595352,5571.052636595352,7292.368427573958,4675.867796970639,High
1134304,1.0,1.4558197034317084,1.4558197034317084,3764.704618583807,5480.731161334661,5480.731161334661,5480.731161334661,7174.950509735059,2254.0292196614223,High
5093571,0.47,3.1175456592822437,1.4652464598626544,3716.800307064625,11587.294663708231,5446.028491942869,5446.028491942869,7129.83703952573,4765.440956688884,High
2182249,1.0,1.4099333398887015,1.4099333398887015,3756.9875955773646,5297.102068552816,5297.102068552816,5297.102068552816,6936.23268911866,2178.5091241620835,High
32880,1.0,0.8833681965213346,0.8833681965213346,5537.742600541098,4891.865693839355,4891.865693839355,4891.865693839355,6409.425401991162,2011.849858712659,High
4163699,1.0,0.8315741482782473,0.8315741482782473,5687.464984355552,4729.548850227823,4729.548850227823,4729.548850227823,6198.41350529617,1945.0947310529195,High
177431,0.41,2.2432977423081053,0.9197520743463231,5068.206044297649,11369.49517672521,4661.493022457335,4661.493022457335,6109.940929194537,4675.867796970639,High
2180560,0.56,1.9668997884717527,1.1014638815441817,4197.806036061239,8256.663804374297,4623.731730449607,4623.731730449607,6060.85124958449,3395.6712935082983,High
148841,1.0,1.5206140104132957,1.5206140104132957,2975.2283601049676,4524.173928554588,4524.173928554588,4524.173928554588,5931.426107120965,1860.6313518412273,High
1156923,0.45,2.1867269671237275,0.9840271352056774,4593.269284826704,10044.225812391673,4519.901615576253,4519.901615576253,5925.872100249129,4130.831782030896,High
5051325,0.75,1.201152483937513,0.9008643629531348,4710.043775025658,5657.480779826489,4243.110584869867,4243.110584869867,5566.043760330827,2326.720032787818,High
4144772,0.95,0.8395660220360526,0.7975877209342499,5024.444700989427,4218.3530505498165,4007.4353980223254,4007.4353980223254,5259.666017429024,1734.8581338683534,High
150965,0.78,1.0583467407427956,0.8255104577793806,4745.898062372265,5022.805746209235,3917.7884820432037,3917.7884820432037,5143.125026656165,2065.700831398178,High
4048043,0.83,0.47848955910139496,0.3971463340541578,9574.52159781159,4581.308617943651,3802.48615289323,3802.48615289323,4993.231998761199,1884.128811495473,High
1150967,0.78,1.0249884318905356,0.7994909768746178,4736.1697547773565,4854.519210116625,3786.5249838909676,3786.5249838909676,4972.482479058258,1996.490582170048,High
4149111,1.0,0.7903984571230667,0.7903984571230667,4772.494321215202,3772.172148117093,3772.172148117093,3772.172148117093,4953.823792552221,1551.359844728889,High
2177585,1.0,1.135522392560719,1.135522392560719,3317.736134825787,3767.3636737025295,3767.3636737025295,3767.3636737025295,4947.572775813289,1549.3822907286337,High
1043504,1.0,0.63464611971827,0.63464611971827,5655.639560557869,3589.3297016331935,3589.3297016331935,3589.3297016331935,4716.1286121231515,1476.1632687908846,High
1156833,1.0,0.9379776438190499,0.9379776438190499,3712.3804677178023,3482.129884069807,3482.129884069807,3482.129884069807,4576.768849290749,1432.0758078267518,High
40910,0.6,0.6008554802912071,0.3605132881747242,9473.07100976302,5691.946631403869,3415.167978842321,3415.167978842321,4489.718372495017,2340.8946080860906,High
1113889,0.6,1.0036225293617014,0.6021735176170208,5660.130386573578,5680.634375089999,3408.380625053999,3408.380625053999,4480.894812570199,2336.2422805916044,High
3006480,0.61,1.2468853728824412,0.7606000774582891,4447.93203328805,5546.061391882125,3383.0974490480958,3383.0974490480958,4448.026683762525,2280.8972130452357,High
1082145,0.9,0.7323842108518664,0.6591457897666798,5110.604417734045,3742.925983458211,3368.6333851123895,3368.6333851123895,4429.223400646107,1539.3319404650906,High
2197046,1.0,0.9084132801426704,0.9084132801426704,3704.770700583184,3365.4629042932293,3365.4629042932293,3365.4629042932293,4425.101775581198,1384.0948407541,High
133091,1.0,0.7113636826147032,0.7113636826147032,4672.595288533053,3323.914591818984,3323.914591818984,3323.914591818984,4371.0889693646795,1367.007501932364,High
3197047,1.0,0.8797807634088579,0.8797807634088579,3697.1765322149963,3252.7047919694232,3252.7047919694232,3252.7047919694232,4278.51622956025,1337.7214514288278,High
129681,1.0,0.6366868164068807,0.6366868164068807,5108.652378020455,3252.611618691284,3252.611618691284,3252.611618691284,4278.395104298669,1337.6831325831783,High
3167625,1.0,0.9282236284723876,0.9282236284723876,3501.9375973712417,3250.581223315809,3250.581223315809,3250.581223315809,4275.755590310552,1336.8481033928995,High
2098967,1.0,0.6004062172620767,0.6004062172620767,5359.311229818509,3217.7637826254986,3217.7637826254986,3217.7637826254986,4233.092917413148,1323.3514606908604,High
58573,0.94,0.7156013487504621,0.6726652678254343,4701.0699136368785,3364.0919707687685,3162.2464525226424,3162.2464525226424,4160.920388279435,1383.5310246990184,High
4178576,1.0,0.8520507224891194,0.8520507224891194,3689.597930638357,3143.7245824947718,3143.7245824947718,3143.7245824947718,4136.841957243203,1292.9017787811977,High
4159333,1.0,0.8989667041672065,0.8989667041672065,3494.7592033818073,3141.672162922155,3141.672162922155,3141.672162922155,4134.1738117988025,1292.0576918242746,High
3026086,0.71,0.9089862948991504,0.6453802693783968,4779.557731159961,4344.552473303683,3084.632256045614,3084.632256045614,4060.0219328592984,1786.7594546991215,High
5048044,0.83,0.40516960786005146,0.3362907745238427,9152.70026091179,3708.3959755742208,3077.968659726603,3077.968659726603,4051.3592576445844,1525.1309799664734,High
2215489,0.49,1.4814584307135663,0.7259146310496475,4234.419026410027,6273.115765849066,3073.826725266042,3073.826725266042,4045.974742845855,2579.9087417926244,High
35149,1.0,0.800502448268047,0.800502448268047,3790.9773910703725,3034.6866828806465,3034.6866828806465,3034.6866828806465,3995.0926877448405,1248.0583802371068,High
3159071,1.0,0.8087625933466669,0.8087625933466669,3721.991812447823,3010.2077506503624,3010.2077506503624,3010.2077506503624,3963.270075845471,1237.9910686159078,High
2116335,1.0,0.810932657106451,0.810932657106451,3708.6656654151857,3007.478102374601,3007.478102374601,3007.478102374601,3959.7215330869813,1236.8684616512803,High
3127759,0.78,0.8602931822531265,0.6710286821574386,4478.174770304739,3852.5432238311273,3004.983714588279,3004.983714588279,3956.4788289647627,1584.4136011972025,High
4153596,1.0,0.7832709927790895,0.7832709927790895,3714.362343643102,2909.3522804465983,2909.3522804465983,2909.3522804465983,3832.1579645805778,1196.5128114071347,High
70558,0.3,1.6835394252852902,0.505061827585587,5668.547257232521,9543.222791643746,2862.966837493124,2862.966837493124,3771.856888741061,3924.7871112265234,High
1079341,1.0,0.4649775151842082,0.4649775151842082,6069.267924791278,2822.0731186566645,2822.0731186566645,2822.0731186566645,3718.695054253664,1160.618005558975,High
1035150,0.96,0.775271201382386,0.7442603533270906,3783.206513217332,2933.0110585796688,2815.690616236482,2815.690616236482,3710.397801107427,1206.2428229044403,High
5044711,0.97,0.6765614870047285,0.6562646423945866,4253.155835552457,2877.5214365642087,2791.1957934672823,2791.1957934672823,3678.5545315074673,1183.4219207786086,High
151709,0.4,1.0638684458083265,0.4255473783233306,6541.245623616852,6959.024815247778,2783.6099260991114,2783.6099260991114,3668.6929039288448,2861.9986662687584,High
5093572,0.24,3.1175456592822437,0.7482109582277384,3716.800307064625,11587.294663708231,2780.9507192899755,2780.9507192899755,3665.2359350769684,4765.440956688884,High
1105107,1.0,0.6716183590587389,0.6716183590587389,4110.921836297715,2760.970577913009,2760.970577913009,2760.970577913009,3639.261751286912,1135.488710182587,High
4133709,1.0,1.0265245441584268,1.0265245441584268,2681.0129548012706,2752.125601310211,2752.125601310211,2752.125601310211,3627.7632817032745,1131.8510868212045,High
20969,1.0,0.9694841095863008,0.9694841095863008,2802.917047914131,2717.3835384412946,2717.3835384412946,2717.3835384412946,3582.598599973683,1117.562915671649,High
160151,1.0,0.6445158408174354,0.6445158408174354,4197.459071621946,2705.3288628431906,2705.3288628431906,2705.3288628431906,3566.927521696148,1112.6052576089153,High
3172695,0.8,0.6280155219373781,0.5024124175499025,5384.534638318418,3381.5713312734324,2705.2570650187463,2705.2570650187463,3566.8341845243704,1390.7196621560897,High
174422,0.74,1.1090221327082346,0.8206763782040936,3293.5589543667897,3652.6297757721604,2702.9460340713986,2702.9460340713986,3563.829844292818,1502.1963312630128,High
38890,1.0,0.502048643682224,0.502048643682224,5365.505823605798,2693.744921410365,2693.744921410365,2693.744921410365,3551.8683978334743,1107.841195716473,High
81459,1.0,0.2716423430113453,0.2716423430113453,9891.939508122588,2687.0696249129146,2687.0696249129146,2687.0696249129146,3543.190512386789,1105.095884386243,High
1168011,1.0,0.48740174936356756,0.48740174936356756,5505.521889949444,2683.4010003207736,2683.4010003207736,2683.4010003207736,3538.421300417006,1103.5871099575697,High
2106727,1.0,0.6504494436269163,0.6504494436269163,4102.495125147038,2668.4656716340273,2668.4656716340273,2668.4656716340273,3519.0053731242356,1097.4447420372692,High
162676,1.0,0.530335388983121,0.530335388983121,4999.0731722543105,2651.1854153625745,2651.1854153625745,2651.1854153625745,3496.541039971347,1090.3379890489311,High
2267200,0.5,1.0039825163696678,0.5019912581848339,5247.8225235872205,5268.722062692518,2634.361031346259,2634.361031346259,3474.669340750137,2166.837440114786,High
1020970,1.0,0.9389266853415397,0.9389266853415397,2797.1715306596993,2626.3389936140325,2626.3389936140325,2626.3389936140325,3464.2406916982422,1080.1195420978484,High
4006031,0.62,1.0095985738636242,0.6259511157954469,4191.454281350011,4231.686264865553,2623.6454842166427,2623.6454842166427,3460.7391294816357,1740.3416092980003,High
4154625,1.0,0.7632924431548771,0.7632924431548771,3430.568839732799,2618.52727109064,2618.52727109064,2618.52727109064,3454.085452417832,1076.9068592813962,High
2085483,0.96,0.45032176677609675,0.43230889610505285,6056.8269274347485,2727.5210030194535,2618.4201628986752,2618.4201628986752,3453.946211768278,1121.7320932320547,High
1160152,1.0,0.6242011767754103,0.6242011767754103,4188.854973424067,2614.6882037528326,2614.6882037528326,2614.6882037528326,3449.0946648786826,1075.3279878314129,High
3045400,0.61,0.5367028017433741,0.32738870906345824,7986.283367152619,4286.260658667318,2614.6190017870645,2614.6190017870645,3449.004702323184,1762.7861107072852,High
1085175,0.96,0.6654995894808203,0.6388796059015875,4074.258976698878,2711.4176764316503,2602.9609693743846,2602.9609693743846,3433.8492601867,1115.1093694395195,High
105106,0.91,0.6934762180894074,0.6310633584613607,4119.365856295476,2856.68225495042,2599.580852004882,2599.580852004882,3429.455107606347,1174.8515087498834,High
1081460,1.0,0.2630803766663985,0.2630803766663985,9871.66266505082,2597.040732245193,2597.040732245193,2597.040732245193,3426.1529519187507,1068.0702123156227,High
137877,1.0,0.7118645048869872,0.7118645048869872,3640.073461667445,2591.2390925421573,2591.2390925421573,2591.2390925421573,3418.6108203048047,1065.684204860113,High
95801,1.0,0.5260646779334082,0.5260646779334082,4914.495507260547,2585.342496232201,2585.342496232201,2585.342496232201,3410.9452451018615,1063.25914513944,High
1177143,1.0,0.5388852182200419,0.5388852182200419,4796.194224563715,2584.598171329722,2584.598171329722,2584.598171329722,3409.977622728639,1062.9530308583846,High
1162677,1.0,0.5136196085872123,0.5136196085872123,4988.82589747722,2562.3588047719977,2562.3588047719977,2562.3588047719977,3381.066446203597,1053.8067727091957,High
4144195,0.88,0.771591418646933,0.6790004484093011,3771.042741154568,2909.704218425672,2560.5397122145914,2560.5397122145914,3378.701625878969,1196.6575509437018,High
2049245,1.0,0.9093324085761866,0.9093324085761866,2791.4377907671933,2538.344849668921,2538.344849668921,2538.344849668921,3349.8483045695975,1043.9306895938926,High
173723,1.0,0.4990349389699732,0.4990349389699732,5075.950933672244,2533.0768643997067,2533.0768643997067,2533.0768643997067,3342.999923719619,1041.7641551706527,High
2199117,1.0,0.6045268159641283,0.6045268159641283,4180.268512207164,2527.084413559701,2527.084413559701,2527.084413559701,3335.209737627611,1039.2996739010644,High
4170897,0.97,0.3627895232399962,0.3519058375427963,7153.376796328477,2595.17015749606,2517.3150527711778,2517.3150527711778,3322.509568602531,1067.300911647885,High
4021232,0.75,0.8258596920950411,0.6193947690712808,4053.311195382869,3347.4663357842787,2510.599751838209,2510.599751838209,3313.779677389672,1376.6934940945544,High
2001769,0.8,0.2932209296017884,0.23457674368143075,10691.151385136242,3134.8693476630965,2507.8954781304774,2507.8954781304774,3310.264121569621,1289.259936576206,High
2094958,1.0,0.7001938708444473,0.7001938708444473,3581.166521071371,2507.510848527506,2507.510848527506,2507.510848527506,3309.7641030857576,1031.2497648256544,High
1036143,1.0,0.5615631929399959,0.5615631929399959,4460.628031799523,2504.92452005499,2504.92452005499,2504.92452005499,3306.401876071487,1030.186100183641,High
1097301,1.0,0.5179476168220182,0.5179476168220182,4826.310194297528,2499.775863180216,2499.775863180216,2499.775863180216,3299.708622134281,1028.0686412723878,High
3020769,0.87,0.8480559479836435,0.7378086747457698,3379.6072303460023,2866.096013543455,2493.5035317828056,2493.5035317828056,3291.5545913176475,1178.7230518544302,High
3166235,1.0,0.5018663378855795,0.5018663378855795,4950.798653214606,2484.639189697674,2484.639189697674,2484.639189697674,3280.030946606976,1021.8434674198874,High
2137198,0.6,1.4622882526746679,0.8773729516048007,2823.7433782378357,4129.126770565069,2477.476062339041,2477.476062339041,3270.718881040754,1698.1625477636821,High
2200725,1.0,0.49743069726330724,0.49743069726330724,4978.599627921855,2476.5082843120103,2476.5082843120103,2476.5082843120103,3269.4607696056137,1018.4995160779783,High
3137518,0.76,0.6857324163823476,0.5211566364505842,4749.139489790988,3256.6388980712036,2475.0455625341147,2475.0455625341147,3267.559231294349,1339.3394089322392,High
4154232,0.84,0.43546304177090317,0.36578895508755865,6766.193803481996,2946.4273348757065,2474.9989612955933,2474.9989612955933,3267.498649684271,1211.760458763623,High
79091,0.66,0.8791297527467056,0.5802256368128257,4229.790433295671,3718.5346177936044,2454.2328477437786,2454.2328477437786,3240.502702066912,1529.3006418487064,High
3049246,1.0,0.8806709215919072,0.8806709215919072,2785.715804094968,2453.298904485456,2453.298904485456,2453.298904485456,3239.288575831093,1008.9543260733416,High
3199118,1.0,0.5854725764979102,0.5854725764979102,4171.699651818332,2442.415743525514,2442.415743525514,2442.415743525514,3225.140466583168,1004.4784701913655,High
82144,0.63,0.7562196981061502,0.4764184098068746,5121.101831117826,3872.6780806987754,2439.7871908402285,2439.7871908402285,3221.7233480922973,1592.694349582301,High
3094959,1.0,0.6781242763524801,0.6781242763524801,3573.82572086713,2423.497980772903,2423.497980772903,2423.497980772903,3200.5473750047736,996.6982691999665,High
4131225,0.91,0.556000134023065,0.5059601219609892,4773.269123295043,2653.938272280202,2415.0838277749835,2415.0838277749835,3189.6089761074786,1091.4701409000663,High
2011660,0.87,0.6796795558090261,0.5913212135538527,4068.6418366929706,2765.3726763094983,2405.8742283892634,2405.8742283892634,3177.6364969060423,1137.2991362227315,High
4158394,1.0,0.4860478809874274,0.4860478809874274,4940.650333232601,2401.392625167533,2401.392625167533,2401.392625167533,3171.810412717793,987.6071249750823,High
2256292,1.0,0.7602403668803803,0.7602403668803803,3152.2434791485994,2396.462739084218,2396.462739084218,2396.462739084218,3165.4015608094833,985.5796386864304,High
3200726,1.0,0.48175204848676506,0.48175204848676506,4968.394320530969,2393.5341416058036,2393.5341416058036,2393.5341416058036,3161.5943840875448,984.375211011608,High
3169135,0.95,0.4366730426127604,0.41483939048212237,5760.618033168225,2515.5066038735044,2389.731273679829,2389.731273679829,3156.650655783778,1034.538133777281,High
1079093,0.66,0.8514202312029884,0.5619373525939724,4221.120061143479,3593.947018394353,2372.005032140273,2372.005032140273,3133.606541782355,1478.062206467213,High
4115604,1.0,0.852912823542634,0.852912823542634,2780.0055465508563,2371.1023801728743,2371.1023801728743,2371.1023801728743,3132.4330942247366,975.1498277132993,High
4179237,1.0,0.5670189126092319,0.5670189126092319,4163.148356178793,2360.58385395141,2360.58385395141,2360.58385395141,3118.7590101368332,970.8239330921186,High
40610,0.68,0.6157665478999602,0.41872125257197296,5634.956387485799,3469.8176422889605,2359.4759967564933,2359.4759967564933,3117.318795783441,1427.0122219808798,High
3149787,0.6,0.81612202143728,0.489673212862368,4782.297241117915,3902.9380915350803,2341.762854921048,2341.762854921048,3094.2917113973626,1605.1392126132569,High
2059015,0.96,0.5438631351904855,0.522108609782866,4451.4844806761,2420.9983059122937,2324.158373675802,2324.158373675802,3071.4058857785426,995.6702420974486,High
2006872,0.49,1.049286449187392,0.514150360101822,4520.030820536136,4742.807089897936,2323.9754740499884,2323.9754740499884,3071.168116264985,1950.5473720852945,High
56277,0.87,1.0393067149589785,0.9041968420143113,2567.2616443416277,2668.1722660208825,2321.3098714381676,2321.3098714381676,3067.702832869618,1097.3240747748596,High
3155569,1.0,0.36501419792922724,0.36501419792922724,6358.5115100406,2320.946978861229,2320.946978861229,2320.946978861229,3067.231072519598,954.522700282228,High
160639,0.81,0.9642992340714471,0.7810823795978722,2959.876269425804,2854.206419553555,2311.9071998383797,2311.9071998383797,3055.479359789894,1173.8332859684094,High
79340,0.79,0.48011023578697853,0.37928708627171304,6081.734476520917,2919.902973516254,2306.723349077841,2306.723349077841,3048.740353801193,1200.8519351055304,High
3138111,0.76,0.796702906786856,0.6054942091580106,3778.788634067829,3010.5718888949723,2288.034635560179,2288.034635560179,3024.445026228233,1238.1408256864859,High
3153645,0.7,0.6549922365220548,0.4584945655654384,4976.540118572798,3259.595142405729,2281.7165996840104,2281.7165996840104,3016.2315795892137,1340.5552067727695,High
6017320,0.7,0.6254231089737705,0.4377961762816393,5206.563335693405,3256.3050284782144,2279.4135199347497,2279.4135199347497,3013.2375759151746,1339.2021002783385,High
4024148,0.66,0.764899393727368,0.5048335998600629,4497.018196550149,3439.766492122151,2270.2458848006195,2270.2458848006195,3001.3196502408055,1414.653255892872,High
79873,1.0,0.42812775508406237,0.42812775508406237,5295.977463644738,2267.3549424860084,2267.3549424860084,2267.3549424860084,2997.561425231811,932.4822074401218,High
2191121,0.73,0.7754034489724752,0.5660445177499068,4001.424146167271,3102.718083739843,2264.9842011300857,2264.9842011300857,2994.4794614691114,1276.0372686148,High
4132346,1.0,0.7808850899391174,0.7808850899391174,2890.8386401683915,2257.4127915273702,2257.4127915273702,2257.4127915273702,2984.6366289855814,928.3933554042561,High
2280875,0.55,0.9999152955750727,0.54995341256629,4100.087894525626,4099.74059893837,2254.8573294161033,2254.8573294161033,2981.3145282409346,1686.0770636283069,High
2112749,1.0,0.41798679454029203,0.41798679454029203,5386.447776731036,2251.4640401544884,2251.4640401544884,2251.4640401544884,2976.903252200835,925.9468461666618,High
5021229,0.87,0.6686956038493981,0.5817651753489763,3819.5881673516624,2554.1418160232356,2222.103379940215,2222.103379940215,2938.734393922279,1050.427418350784,High
4043036,0.96,0.42248481006527266,0.40558541766266176,5469.693778974854,2310.8625373253944,2218.4280358323786,2218.4280358323786,2933.956446582092,950.3753292077082,High
1035834,1.0,0.5825947626919621,0.5825947626919621,3803.231709104614,2215.742875028348,2215.742875028348,2215.742875028348,2930.4657375368524,911.2560051849516,High
1113888,0.39,1.0036225293617014,0.39141278645106353,5660.130386573578,5680.634375089999,2215.4474062850995,2215.4474062850995,2930.0816281706293,2336.2422805916044,High
2261233,0.32,1.2280499667624536,0.39297598936398515,5597.501071719232,6874.011005077601,2199.6835216248323,2199.6835216248323,2909.588578112282,2827.035518732862,High
2006481,0.38,1.287465330741341,0.4892368256817096,4457.068287523334,5738.320896932972,2180.5619408345297,2180.5619408345297,2884.730523084889,2359.9666892493415,High
4075445,0.87,0.6712837579266066,0.5840168693961477,3717.1598990590223,2495.269065854426,2170.8840872933506,2170.8840872933506,2872.149313481356,1026.2151562974107,High
2220894,0.41,1.0039825163696678,0.4116328317115638,5247.8225235872205,5268.722062692518,2160.1760457039322,2160.1760457039322,2858.228859415112,2166.837440114786,High
6051326,0.5,0.9725688191952166,0.4862844095976083,4438.452071306362,4316.700090044992,2158.350045022496,2158.350045022496,2855.855058529245,1775.3047630066706,High
40634,1.0,0.4849077191774282,0.4849077191774282,4449.19580984028,2157.449392323421,2157.449392323421,2157.449392323421,2854.684210020447,887.2819751760182,High
1084577,1.0,0.5592785326884876,0.5592785326884876,3848.302198089531,2152.272806689394,2152.272806689394,2152.272806689394,2847.9546486962126,885.1530301623507,High
4152149,1.0,0.5072125473058494,0.5072125473058494,4224.126124723283,2142.5297718620827,2142.5297718620827,2142.5297718620827,2835.288703420708,881.1460674884889,High
2115908,0.39,0.9719890872990017,0.37907574404661065,5648.528053631686,5490.307627432268,2141.219974698585,2141.219974698585,2833.5859671081603,2257.9676785585466,High
3149197,1.0,0.507535109713987,0.507535109713987,4215.01760818109,2139.2694242145762,2139.2694242145762,2139.2694242145762,2831.050251478949,879.8052028032114,High
50568,1.0,0.4906682636961657,0.4906682636961657,4353.991269174699,2136.3653361942143,2136.3653361942143,2136.3653361942143,2827.2749370524784,878.6108549941919,High
102276,0.75,0.7773018624693605,0.5829763968520204,3655.882842666403,2841.7245425743754,2131.2934069307817,2131.2934069307817,2820.6814290100165,1168.6999352166388,High
3177586,0.58,1.0997315640718326,0.6378443071616628,3310.935323427359,3641.1400817734484,2111.8612474286,2111.8612474286,2795.4196216571804,1497.4710299782553,High
2258773,1.0,0.6484093954407205,0.6484093954407205,3244.0939270472163,2103.5009819895986,2103.5009819895986,2103.5009819895986,2784.5512765864783,865.094918437204,High
1092316,0.81,0.7229817215882914,0.5856151944865161,3588.52239961235,2594.4361024298837,2101.493242968206,2101.493242968206,2781.9412158586674,1066.9990209841583,High
44684,1.0,0.5253066573532325,0.5253066573532325,3999.3586894508294,2100.88974471202,2100.88974471202,2100.88974471202,2781.156668125626,864.0210096922075,High
1112083,0.85,0.6194503378470818,0.5265327871700195,3980.9635091530804,2466.00919070178,2096.107812096513,2096.107812096513,2774.940155725467,1014.1816133966039,High
4085759,0.55,0.893287500590223,0.4913081253246227,4261.225158323711,3806.4991711311654,2093.574544122141,2093.574544122141,2771.6469073587837,1565.477324791324,High
3060410,0.66,0.6188776865581193,0.4084592731283587,5106.151112960217,3160.082988004985,2085.65477208329,2085.65477208329,2761.3512037082774,1299.629407435421,High
177163,1.0,0.5950471080650881,0.5950471080650881,3500.7391473380644,2083.1047057137575,2083.1047057137575,2083.1047057137575,2758.036117427885,856.7066575747906,High
31966,1.0,0.5179021583925871,0.5179021583925871,4018.9130592783367,2081.403747792406,2081.403747792406,2081.403747792406,2755.8248721301284,856.0071142577988,High
3008516,0.78,0.7207104164705708,0.5621541248470452,3697.458801564679,2664.7970727584575,2078.5417167515966,2078.5417167515966,2752.1042317770757,1095.9359781849043,High
1103970,1.0,0.45073518760289427,0.45073518760289427,4611.436634110171,2078.5367563945074,2078.5367563945074,2078.5367563945074,2752.0977833128595,854.8280229662988,High
4042178,0.91,0.5351565566322197,0.48699246653531997,4258.89231610553,2279.1741469544545,2074.0484737285537,2074.0484737285537,2746.26301584712,937.3430246268824,High
4163610,0.78,0.46666777657657665,0.3640008657297298,5690.873650521778,2655.747353267224,2071.482935548435,2071.482935548435,2742.9278162129654,1092.214151377035,High
1050569,1.0,0.4752027618390984,0.4752027618390984,4345.066305811507,2064.7875088956366,2064.7875088956366,2064.7875088956366,2734.2237615643276,849.1734479290398,High
2011117,0.87,0.6380950684902994,0.5551427095865604,3709.1666231028526,2366.8009304107472,2059.11680945735,2059.11680945735,2726.851852294555,973.38079486616,High
160750,1.0,0.41702795826699735,0.41702795826699735,4928.356024808263,2055.262250638645,2055.262250638645,2055.262250638645,2721.8409258302386,845.2560489900902,High
161588,1.0,0.44242217373390347,0.44242217373390347,4642.5218218148975,2053.9545960144287,2053.9545960144287,2053.9545960144287,2720.1409748187575,844.7182572894129,High
5091640,0.78,0.3186145666228639,0.24851936196583385,8253.432120580928,2629.6636982501172,2051.1376846350913,2051.1376846350913,2716.4789900256187,1081.486874516805,High
2003435,0.63,1.0078466397517747,0.6349433830436181,3229.709237826804,3255.0516027190097,2050.6825097129763,2050.6825097129763,2715.8872626268694,1338.6866109754046,High
3145627,0.95,0.4299143356131449,0.40841861883248765,5015.56282220505,2156.262358434274,2048.44924051256,2048.44924051256,2712.9840126663285,886.7937904809285,High
32238,0.91,0.4862429875067258,0.4424811186311205,4609.757117714358,2241.462072597823,2039.730486064019,2039.730486064019,2701.6496318832246,921.8333936977873,High
3001770,0.8,0.2482900761434191,0.1986320609147353,10220.135081689072,2537.5581176286087,2030.0464941028868,2030.0464941028868,2689.0604423337527,1043.6071347697812,High
4179761,0.87,0.4665675791583563,0.40591379386777,4958.209932335575,2313.3400050887267,2012.6058044271924,2012.6058044271924,2666.3875457553504,951.394223323281,High
2063458,0.58,0.6146425420074416,0.3564926743643161,5644.046433067992,3469.0710468289444,2012.0612071607875,2012.0612071607875,2665.679569309024,1426.705173900504,High
2097443,0.76,0.7472673789569614,0.5679232080072907,3537.6013377947934,2643.5340794885556,2009.0859004113022,2009.0859004113022,2661.811670534693,1087.191267540102,High
89044,0.39,1.018190289008253,0.3970942127132187,5052.205381201271,5144.106457214373,2006.2015183136057,2006.2015183136057,2658.0619738076875,2115.587486832068,High
1109129,0.41,0.7849182180989122,0.321816469420554,6229.209102438207,4889.419708851321,2004.6620806290418,2004.6620806290418,2656.0607048177544,2010.843912339522,High
1120598,1.0,0.5316469114718635,0.5316469114718635,3768.9522615353485,2003.7518293301632,2003.7518293301632,2003.7518293301632,2654.877378129212,824.0716501701863,High
3128847,0.89,0.47771243207792463,0.4251640645493529,4697.396888886504,2244.0048922252486,1997.164354080471,1997.164354080471,2646.3136603046123,922.8791647038496,High
164441,0.95,0.3874375762940139,0.36806569747931317,5425.234449414536,2101.9396859079566,1996.8427016125588,1996.8427016125588,2645.8955120963265,864.4528130529093,High
5057901,0.5,0.9891130685923782,0.4945565342961891,4016.4217690805895,3972.69526077653,1986.347630388265,1986.347630388265,2632.251919504745,1633.8278479654796,High
44380,0.69,0.7979330839974105,0.5505738279582132,3606.9159242673445,2878.0775471700126,1985.8735075473085,1985.8735075473085,2631.635559811501,1183.6506292333654,High
1161589,1.0,0.42847735305618717,0.42847735305618717,4633.005418448207,1985.1378983916604,1985.1378983916604,1985.1378983916604,2630.6792679091586,816.4164043657327,High
45352,1.0,0.5641932505706007,0.5641932505706007,3497.5500752601083,1973.2941459944495,1973.2941459944495,1973.2941459944495,2615.2823897927847,811.5454914915374,High
1047242,1.0,0.4561217142078343,0.4561217142078343,4318.650784576379,1969.8303989259866,1969.8303989259866,1969.8303989259866,2610.779518603783,810.1209758800235,High
4042590,1.0,0.5804450312045715,0.5804450312045715,3392.7225464796957,1969.2889443598601,1969.2889443598601,1969.2889443598601,2610.075627667818,809.8982949315803,High
4078921,0.96,0.46732561587715643,0.44863259124207017,4372.827698428714,2043.5343972928872,1961.7930214011717,1961.7930214011717,2600.3309278215233,840.4328012614413,High
4141223,1.0,0.6605643167483558,0.6605643167483558,2956.2702111251056,1952.806612135373,1952.806612135373,1952.806612135373,2588.648595775985,803.1196996404524,High
3162563,1.0,0.38119152786208177,0.38119152786208177,5117.792064773193,1950.8589764513315,1950.8589764513315,1950.8589764513315,2586.1166693867312,802.3187065590811,High
2264037,1.0,0.6357876347796293,0.6357876347796293,3053.74517359521,1941.533421139807,1941.533421139807,1941.533421139807,2573.993447481749,798.4834383178587,High
3129592,0.96,0.6820624213213322,0.6547799244684789,2962.3425242888165,2020.5025148995776,1939.6824143035944,1939.6824143035944,2571.587138594673,830.9606096194628,High
3146671,0.75,0.5870111815449112,0.4402583861586834,4402.685619255323,2584.4256873298564,1938.3192654973923,1938.3192654973923,2569.81504514661,1062.8820943420374,High
1108934,0.96,0.5148325263841932,0.49423922532882547,3914.4934030839972,2015.3085282239922,1934.6961870950324,1934.6961870950324,2565.1050432235425,828.824508178127,High
6087468,0.69,0.7677550946139331,0.5297510152836138,3644.652970738997,2798.200886384671,1930.7586116054226,1930.7586116054226,2559.9861950870495,1150.8002079886019,High
4182847,0.86,0.6877549270143474,0.5914692372323387,3256.485436695707,2239.6639038379412,1926.1109573006293,1926.1109573006293,2553.944244490818,921.0938710305837,High
3034287,0.53,0.4409823985866163,0.23372067125090665,8229.998568812429,3629.284509239324,1923.520789896842,1923.520789896842,2550.577026865895,1492.595255903392,High
1044383,0.69,0.7727828215789325,0.5332201468894634,3599.522342037155,2781.64903181588,1919.337831952957,1919.337831952957,2545.1391815388442,1143.9930206372421,High
2231739,0.69,1.0755030004757822,0.7420970703282896,2585.929167241792,2781.174578386388,1919.0104590866076,1919.0104590866076,2544.71359681259,1143.7978948662524,High
2019366,0.78,0.28387290718413055,0.22142086760362184,8659.82758222984,2458.290431480905,1917.4665365551061,1917.4665365551061,2542.706497521638,1011.0071630703181,High
3171686,0.85,0.59289409470111,0.5039599804959435,3804.6476090941255,2255.753099850604,1917.3901348730135,1917.3901348730135,2542.6071753349174,927.710783421625,High
54843,1.0,0.4676401201802358,0.4676401201802358,4099.677362321389,1917.1736144161666,1917.1736144161666,1917.1736144161666,2542.325698741017,788.4651187681329,High
3107038,0.67,1.0599328458748694,0.7101550067361625,2686.519877069828,2847.530658802027,1907.8455413973581,1907.8455413973581,2530.199203816566,1171.087783707038,High
1045353,1.0,0.5464102953439559,0.5464102953439559,3490.3806749667215,1907.1799354714024,1907.1799354714024,1907.1799354714024,2529.3339161128233,784.3550751096645,High
3105074,1.0,0.5075089953113368,0.5075089953113368,3754.445014212272,1905.4146171145276,1905.4146171145276,1905.4146171145276,2527.039002248886,783.629062641388,High
30456,0.52,0.587493803869101,0.30549677801193253,6221.653324037238,3655.1827776934733,1900.6950444006063,1900.6950444006063,2520.9035577207883,1503.246289883331,High
2060409,0.58,0.6390190972976529,0.37063107643263865,5116.63937905391,3269.630277200653,1896.3855607763783,1896.3855607763783,2515.301229009292,1344.6822997436082,High
149578,1.0,0.6947183077593192,0.6947183077593192,2716.428902978589,1887.1528906257893,1887.1528906257893,1887.1528906257893,2503.298757813526,776.1186659633913,High
65722,1.0,0.4460439126888635,0.4460439126888635,4226.299469928529,1885.115151761791,1885.115151761791,1885.115151761791,2500.6496972903283,775.2806166582374,High
169572,1.0,0.5101711969543388,0.5101711969543388,3694.5837572005753,1884.8702176590757,1884.8702176590757,1884.8702176590757,2500.3312829567985,775.1798839990063,High
2110436,0.66,0.5554298516318648,0.3665837020770308,5140.150642269884,2854.993108601396,1884.2954516769216,1884.2954516769216,2499.5840871799983,1174.156823111251,High
6057897,0.49,0.9579369540339737,0.46938910747664714,4008.1887674680333,3839.5921391015154,1881.4001481597425,1881.4001481597425,2495.8201926076654,1579.0872820351171,High
3127800,1.0,0.4773844633478086,0.4773844633478086,3935.103639910289,1878.5573393565817,1878.5573393565817,1878.5573393565817,2492.1245411635564,772.583622344289,High
2105073,0.95,0.5240259054384784,0.49782461016655444,3762.156814641213,1971.4676311939031,1872.8942496342079,1872.8942496342079,2484.7625245244703,810.79431110896,High
3098969,0.68,0.5740951911140314,0.39038472995754137,4783.073634676388,2745.939572412026,1867.2389092401775,1867.2389092401775,2477.410582012231,1129.3069938015453,High
1133092,0.58,0.6889420238922628,0.3995863738575124,4663.0172395239915,3212.548534442171,1863.278149976459,1863.278149976459,2472.261594969397,1321.206615149824,High
3085627,1.0,0.5968830017548543,0.5968830017548543,3109.575644634246,1856.052844953075,1856.052844953075,1856.052844953075,2462.8686984389974,763.3283265696905,High
1192287,0.97,0.44899773845061725,0.4355278062970987,4257.390793136419,1911.558837818732,1854.2120726841697,1854.2120726841697,2460.4756944894207,786.1559614422321,High
1180612,1.0,0.5248077006157447,0.5248077006157447,3532.5722098919914,1853.9210987324957,1853.9210987324957,1853.9210987324957,2460.0974283522446,762.4516153921769,High
45023,0.87,0.4799724243885886,0.4175760092180721,4429.113304203854,2125.852250510476,1849.491457944114,1849.491457944114,2454.3388953273484,874.2871978721047,High
35249,1.0,0.5752614023818494,0.5752614023818494,3206.640961084079,1844.6567762083089,1844.6567762083089,1844.6567762083089,2448.0538090708014,758.6415300121089,High
3042967,0.73,0.551893388743721,0.4028821737829163,4574.358609875815,2524.5582745333804,1842.9275404093676,1842.9275404093676,2445.805802532178,1038.2607630312114,High
4133129,1.0,0.49151268601197273,0.49151268601197273,3746.7490217011723,1841.5746754690742,1841.5746754690742,1841.5746754690742,2444.0470781097965,757.3739719218333,High
98997,1.0,0.43143666459930524,0.43143666459930524,4252.785499255141,1834.8075910549292,1834.8075910549292,1834.8075910549292,2435.249868371408,754.5909114956978,High
2089617,0.7,0.6445235331541644,0.4511664732079151,4065.9074183582284,2620.573014757973,1834.4011103305809,1834.4011103305809,2434.7214434297553,1077.7482006766168,High
1177164,0.91,0.5762916620015912,0.524425412421448,3493.5632099733625,2013.311348583163,1832.1133272106786,1832.1133272106786,2431.747325373882,828.0031394346461,High
1099093,0.93,0.45527096052440286,0.4234019932876947,4326.062615808213,1969.530682387716,1831.663534620576,1831.663534620576,2431.1625950067487,809.9977131592311,High
1186928,0.86,0.24957489505437425,0.21463440974676185,8519.347856165235,2126.2153471341467,1828.5451985353664,1828.5451985353664,2427.1087580959766,874.4365265611467,High
1113638,0.77,0.6492437283458884,0.4999176708263341,3642.71633180792,2365.0107325694325,1821.058264078463,1821.058264078463,2417.375743302002,972.644550353427,High
1001225,0.8,0.23144659471631754,0.18515727577305405,9830.197193142825,2275.16566574281,1820.132532594248,1820.132532594248,2416.1722923725224,935.6944792938705,High
1037905,1.0,0.5079130296748874,0.5079130296748874,3580.919542483159,1818.795693844633,1818.795693844633,1818.795693844633,2414.434401998023,748.0057893446901,High
4140679,1.0,0.46233765708235935,0.46233765708235935,3927.0373270388764,1815.617237058125,1815.617237058125,1815.617237058125,2410.3024081755625,746.6986034493551,High
1059138,1.0,0.4758876329584265,0.4758876329584265,3801.8730245480792,1809.2643544606792,1809.2643544606792,1809.2643544606792,2402.043660798883,744.0858894551451,High
3159197,0.95,0.43528655092903534,0.41352222338258354,4364.175122332515,1899.6667366504212,1804.6833998179,1804.6833998179,2396.08841976327,781.2651644431663,High
4151783,0.8,0.35350921956888637,0.2828073756551091,6345.477611081427,2243.1848380852366,1794.5478704681896,1794.5478704681896,2382.9122316086464,922.5419056887876,High
4127014,1.0,0.5780696896760286,0.5780696896760286,3103.2015278784565,1793.866744222877,1793.866744222877,1793.866744222877,2382.0267674897405,737.7534016232639,High
2057857,1.0,0.6309377873298236,0.6309377873298236,2842.9521640834373,1793.7259478913377,1793.7259478913377,1793.7259478913377,2381.8437322587392,737.6954971145462,High
4018813,0.87,0.6566054835420859,0.5712467706816148,3139.4043505864684,2061.3501116509565,1793.374597136332,1793.374597136332,2381.386976277232,847.7597690601046,High
6093570,0.16,3.0192829189535213,0.48308526703256344,3709.1814799889544,11199.068285829393,1791.850925732703,1791.850925732703,2379.406203452514,4605.777296162043,High
2085626,0.93,0.6163085941827392,0.5731669925899475,3115.9628541151037,1920.3946861453153,1785.9670581151433,1785.9670581151433,2371.7571755496865,789.7898306692288,High
2276380,0.5,0.9068957278158003,0.45344786390790015,3928.5576725139854,3562.792169680917,1781.3960848404586,1781.3960848404586,2365.8149102925963,1465.249328537781,High
1064165,0.28,1.0483543804798814,0.2935392265343668,6057.1820709284775,6350.073357422069,1778.0205400781795,1778.0205400781795,2361.4267021016335,2611.558653998513,High
3050774,1.0,0.39876125358382714,0.39876125358382714,4457.097468302377,1777.317773805558,1777.317773805558,1777.317773805558,2360.5131059472255,730.947400420522,High
2008338,0.68,0.6182516634081988,0.4204111311175752,4202.788685809489,2598.3810959548746,1766.8991452493146,1766.8991452493146,2346.968888824109,1068.6214560963633,High
4165811,0.86,0.348281812141678,0.2995223584418431,5881.429649686636,2048.3949763766564,1761.6196796839245,1761.6196796839245,2340.105583589102,842.4317840534786,High
3040591,0.8,0.25290935950215715,0.20232748760172573,8705.890072517528,2201.8010821365965,1761.4408657092772,1761.4408657092772,2339.8731254220606,905.522243096022,High
34391,0.8,0.5102277077210183,0.4081821661768147,4310.5315755796,2199.3526448670486,1759.482115893639,1759.482115893639,2337.326750661731,904.5152881869757,High
3027679,0.63,0.3274242560607748,0.20627728131828812,8522.893030532505,2790.601910007668,1758.0792033048308,1758.0792033048308,2335.50296429628,1147.675020073143,High
1087171,1.0,0.2696615769125714,0.2696615769125714,6513.837620164001,1756.531724405856,1756.531724405856,1756.531724405856,2333.4912417276128,722.3988397761343,High
4051324,0.75,0.6196594806924551,0.46474461051934135,3779.373545631419,2341.924648628768,1756.4434864715759,1756.4434864715759,2333.3765324130486,963.1500675484828,High
4151985,1.0,0.27914229731654255,0.27914229731654255,6279.957736815296,1753.001829705417,1753.001829705417,1753.001829705417,2328.9023786170424,720.9471200031871,High
3165979,1.0,0.29832663273864196,0.29832663273864196,5872.761708126932,1752.0012252619429,1752.0012252619429,1752.0012252619429,2327.601592840526,720.5356070888473,High
1010868,0.94,0.500104146729533,0.47009789792576095,3721.9080236407444,1861.341636368657,1749.6611381865373,1749.6611381865373,2324.5594796424984,765.5034178187407,High
2255779,0.49,0.9068957278158003,0.44437890662974217,3928.5576725139854,3562.792169680917,1745.7681631436494,1745.7681631436494,2319.4986120867443,1465.249328537781,High
4163803,1.0,0.45409392828662554,0.45409392828662554,3841.9033858474827,1744.5850005771706,1744.5850005771706,1744.5850005771706,2317.960500750322,717.4855784253394,High
5043037,0.93,0.35774658310715857,0.33270432228965746,5228.717400290091,1870.5557839867251,1739.6168791076543,1739.6168791076543,2311.5019428399505,769.2928680497463,High
5050265,0.78,0.6538207333725691,0.5099801720306039,3408.945750738437,2228.839410775108,1738.494740404584,1738.494740404584,2310.0431625259594,916.6421431619051,High
1103280,1.0,0.17359060404737117,0.17359060404737117,10006.552845239969,1737.0435528371468,1737.0435528371468,1737.0435528371468,2308.156618688291,714.384049986126,High
1051199,1.0,0.504752263983715,0.504752263983715,3438.603165383449,1735.6427326688645,1735.6427326688645,1735.6427326688645,2306.335552469524,713.8079426205477,High
5050772,0.76,0.6442075131513026,0.48959770999499,3544.4048309704253,2283.332221760921,1735.3324885383,1735.3324885383,2305.93223509979,939.0530924691868,High
1009884,0.51,0.32273171446184706,0.164593174375542,10529.203399981387,3398.107865193502,1733.035011248686,1733.035011248686,2302.9455146232917,1397.520548671144,High
1004801,0.63,0.7108195761118509,0.4478163329504661,3868.2495766647767,2749.627524379703,1732.265340359213,1732.265340359213,2301.944942466977,1130.8237168903363,High
2101115,0.91,0.4409211555616369,0.4012382515610896,4317.194901574078,1903.5425647868499,1732.2237339560336,1732.2237339560336,2301.8908541428436,782.8591542983024,High
5055853,0.56,0.9001273501444476,0.5040713160808907,3430.8374963801307,3088.190664392858,1729.3867720600006,1729.3867720600006,2298.2028036780007,1270.0626592551237,High
2200038,0.9,0.4149720628434395,0.37347485655909557,4623.5085221374975,1918.6268690056197,1726.764182105058,1726.764182105058,2294.793436736575,789.0627905407139,High
25475,0.79,0.5698653671055797,0.45019364001340795,3829.967145063366,2182.565633123844,1724.2268501678368,1724.2268501678368,2291.494905218188,897.6113890782356,High
76292,1.0,0.4820040465505758,0.4820040465505758,3576.764496090516,1724.01496067406,1724.01496067406,1724.01496067406,2291.219448876278,709.0258547814741,High
1196847,0.49,1.2182823503762832,0.5969583516843787,2881.3492671361914,3510.2969574216604,1720.0455091366134,1720.0455091366134,2286.0591618775975,1443.65992032899,High
5086910,0.87,0.46348292867366725,0.4032301479460905,4261.014878909445,1974.907655199021,1718.1696600231483,1718.1696600231483,2283.620558030093,812.209070270762,High
4116199,1.0,0.38619259291404734,0.38619259291404734,4447.961154251312,1717.7696513412732,1717.7696513412732,1717.7696513412732,2283.1005467436553,706.4573818336972,High
36959,1.0,0.3902437278794327,0.3902437278794327,4392.829649071044,1714.274218192784,1714.274218192784,1714.274218192784,2278.556483650619,705.0198348677649,High
55416,1.0,0.4124338588665893,0.4124338588665893,4149.231278968117,1711.2834677147744,1711.2834677147744,1711.2834677147744,2274.668508029207,703.7898458813121,High
3024259,0.8,0.6414415701700177,0.5131532561360141,3333.9735118209333,2138.549204327667,1710.8393634621339,1710.8393634621339,2274.091172500774,879.5090020551932,High
5093505,0.72,0.31760208834521997,0.22867350360855837,7480.404487479669,2375.7920868904976,1710.5703025611583,1710.5703025611583,2273.741393329506,977.0785367964485,High
2222179,1.0,0.5543724106354786,0.5543724106354786,3085.346464422686,1710.4309571276553,1710.4309571276553,1710.4309571276553,2273.560244265952,703.4392386873316,High
3036280,0.61,0.34380903048286743,0.20972350859454914,8138.952588774476,2798.2453986925766,1706.9296932024718,1706.9296932024718,2269.0086011632134,1150.818514313014,High
1070560,0.94,0.47605140729189316,0.44748832285437956,3813.9725737776,1815.6470111195101,1706.7081904523395,1706.7081904523395,2268.7206475880416,746.7108484587113,High
5069851,0.84,0.19464818363786365,0.16350447425580547,10415.570753889988,2027.3719287963404,1702.992420188926,1702.992420188926,2263.890146245604,833.7857545115324,High
4150922,0.54,0.634347364212626,0.3425475766748181,4966.339032836093,3150.384075265858,1701.2074006435635,1701.2074006435635,2261.5696208366326,1295.6405906025198,High
2122675,0.96,0.6438644605834768,0.6181098821601377,2749.321037923049,1770.1901070531285,1699.3825027710034,1699.3825027710034,2259.1972536023045,728.0160453412349,High
3005168,0.53,0.8700580974988812,0.46113079167440707,3678.077934253632,3200.14148992933,1696.074989662545,1696.074989662545,2254.8974865613086,1316.1040403220572,High
1076729,1.0,0.5049502710952072,0.5049502710952072,3354.338036847311,1693.7739010510147,1693.7739010510147,1693.7739010510147,2251.9060713663193,696.5887857085098,High
1035250,0.95,0.5571295871716758,0.529273107813092,3200.067876452697,1782.8524949294324,1693.7098701829607,1693.7098701829607,2251.822831237849,733.2236337858621,High
3152000,0.58,0.5984627973943428,0.3471084224887188,4879.0432945395605,2919.925898658256,1693.5570212217883,1693.5570212217883,2251.624127588325,1200.8613633986572,High
4158159,1.0,0.2889235972582608,0.2889235972582608,5860.723516076152,1693.3013208008042,1693.3013208008042,1693.3013208008042,2251.2917170410456,696.3944303093389,High
57367,0.49,0.6191793004574243,0.3033978572241379,5573.195688771251,3450.807407885716,1690.8956298640012,1690.8956298640012,2248.1643188232015,1419.193990698196,High
4001617,0.79,0.21849854050442685,0.17261384699849722,9754.817191656615,2131.413319264462,1683.8165222189252,1683.8165222189252,2238.961478884603,876.5742670778452,High
2027441,0.62,0.31083865119201926,0.19271996373905192,8694.717397302109,2702.6542282731716,1675.6456215293663,1675.6456215293663,2228.339307988176,1111.5052758190272,High
4140658,0.45,0.8331773755214388,0.37492981898464744,4468.995251263929,3723.4657346658532,1675.559580599634,1675.559580599634,2228.227454779524,1531.3286343169427,High
1005380,0.54,1.0638081400258812,0.5744563956139759,2911.7270386761256,3097.518925277116,1672.6602196496428,1672.6602196496428,2224.4582855445356,1273.8990402018992,High
79565,1.0,0.5617829559343592,0.5617829559343592,2975.672165950024,1671.6819052790015,1671.6819052790015,1671.6819052790015,2223.186476862702,687.5031359065173,High
1009363,0.78,0.2848336358550765,0.22217023596695967,7494.242827082748,2134.6124324188063,1664.997697286669,1664.997697286669,2214.49700647267,877.8899482004235,High
3006482,0.38,1.0424560188804677,0.39613328717457774,4200.063718644322,4378.381703182253,1663.785047209256,1663.785047209256,2212.920561372033,1800.672210202052,High
1088305,0.25,1.6715753432567724,0.4178938358141931,3978.839090190241,6650.9293179482165,1662.7323294870541,1662.7323294870541,2211.5520283331703,2735.2899785194736,High
4167361,0.28,0.9738002555584134,0.2726640715563558,6085.792702742863,5926.346489206528,1659.3770169778281,1659.3770169778281,2207.1901220711766,2437.2949081590127,High
1110417,1.0,0.35042161131778116,0.35042161131778116,4733.220679048772,1658.6228170749127,1658.6228170749127,1658.6228170749127,2206.2096621973865,682.1323987680469,High
5089924,0.84,0.2836823628593681,0.2382931848018692,6953.151925286626,1972.4865674854743,1656.8887166877985,1656.8887166877985,2203.9553316941383,811.2133632584938,High
5075446,0.87,0.543536029373579,0.47287634555501373,3502.8201098333925,1903.908934108766,1656.4007726746265,1656.4007726746265,2203.3210044770144,783.0098289313902,High
3166073,0.93,0.3595648605578176,0.3343953203187704,4947.26378167965,1778.8622118023845,1654.3418569762177,1654.3418569762177,2200.6444140690833,731.5825726758883,High
1084602,1.0,0.6503569356417628,0.6503569356417628,2538.5397605768912,1650.9569396935613,1650.9569396935613,1650.9569396935613,2196.24402160163,678.9796968559721,High
3131321,1.0,0.39196409727617465,0.39196409727617465,4177.790244569325,1637.5437818218245,1637.5437818218245,1637.5437818218245,2178.8069163683717,673.4633434934649,High
2083438,1.0,0.4890346108963538,0.4890346108963538,3347.4621975918276,1637.0248732895727,1637.0248732895727,1637.0248732895727,2178.132335276445,673.249934924499,High
3169190,1.0,0.3181351284780668,0.3181351284780668,5143.1754664203945,1636.2247877948932,1636.2247877948932,1636.2247877948932,2177.0922241333615,672.9208883009468,High
87170,0.9,0.2784377288069352,0.2505939559262417,6527.217338221683,1817.4235710836945,1635.681213975325,1635.681213975325,2176.3855781679226,747.4414841990671,High
5078922,0.96,0.40467379392918645,0.388486842172019,4210.244382246213,1703.7755675326189,1635.624544831314,1635.624544831314,2176.3119082807084,700.7021143559514,High
3061327,1.0,0.5893923538015464,0.5893923538015464,2770.400364808447,1632.8527919871135,1632.8527919871135,1632.8527919871135,2172.708629583248,671.5341067100285,High
2742,0.63,0.22828912245086216,0.14382214714404318,11323.469735408462,2585.0249689952943,1628.5657304670356,1628.5657304670356,2167.1354496071463,1063.1285575136365,High
1179270,1.0,0.37015074618253,0.37015074618253,4395.067390337525,1626.8374740559398,1626.8374740559398,1626.8374740559398,2164.888716272722,669.0602210215509,High
2016780,0.53,0.30267178201909123,0.16041604447011837,10138.749973838627,3068.713522027752,1626.4181666747086,1626.4181666747086,2164.343616677121,1262.052405383127,High
3153675,1.0,0.4456688444979624,0.4456688444979624,3645.5824998989224,1624.722540251946,1624.722540251946,1624.722540251946,2162.13930232753,668.1904241912515,High
4151462,1.0,0.19034529159707803,0.19034529159707803,8535.554060712355,1624.7025266289165,1624.7025266289165,1624.7025266289165,2162.1132846175915,668.1821933020194,High
5078467,0.96,0.5136452144227568,0.4930994058458465,3287.8379342417284,1688.7822207208662,1621.2309318920315,1621.2309318920315,2157.6002114596413,694.5358856504408,High
1079566,1.0,0.5440759714173179,0.5440759714173179,2969.572529221309,1615.6730585302655,1615.6730585302655,1615.6730585302655,2150.374976089345,664.4686951695177,High
5012286,0.71,0.6945206015713099,0.49310962711563,3271.8365396336453,2272.357881749352,1613.37409604204,1613.37409604204,2147.3863248546522,934.5397378957886,High
4041937,0.53,0.3818622695378805,0.20238700285507666,7924.004243910146,3025.8782444073254,1603.7154695358822,1603.7154695358822,2134.830110396647,1244.4357837050009,High
39023,0.62,0.37728390381119153,0.23391602036293874,6843.710446743647,2582.0217939008767,1600.8535122185433,1600.8535122185433,2131.1095658841064,1061.8934587256622,High
3035858,0.46,1.1287579809763417,0.5192286712491172,3082.678620690557,3479.598095889607,1600.6151241092193,1600.6151241092193,2130.799661341985,1431.034573661423,High
3019367,0.78,0.24581559931888433,0.1917361674687298,8337.852059070414,2049.5741009325875,1598.6677987274184,1598.6677987274184,2128.268138345644,842.9167159219562,High
2027681,0.45,0.3954281224458303,0.17794265510062365,8979.820670367293,3550.873627583596,1597.8931324126183,1597.8931324126183,2127.261072136404,1460.3476573278058,High
64163,0.69,0.46092533058925594,0.3180384781065866,5017.211455818764,2312.559848909466,1595.6662957475314,1595.6662957475314,2124.366184471791,951.0733729162479,High
2089227,1.0,0.6298581645980491,0.6298581645980491,2533.336173119207,1595.6424723107093,1595.6424723107093,1595.6424723107093,2124.3352140039224,656.2308295824686,High
2062578,0.96,0.41360666196320656,0.39706239548467825,4014.666891923334,1660.4929720626114,1594.0732531801068,1594.0732531801068,2122.295229134139,682.9015268028804,High
5047823,0.69,0.46538432302204563,0.32111518288521146,4963.542626828792,2309.9549251777835,1593.8688983726704,1593.8688983726704,2122.029567884472,950.0020607074638,High
1119875,0.85,0.4123799422171886,0.3505229508846103,4547.013476647796,1875.097154760796,1593.8325815466765,1593.8325815466765,2121.9823560106793,771.1605718507077,High
5028022,0.66,0.6278641063279699,0.4143903101764601,3837.0983601521407,2409.1763327894423,1590.056379641032,1590.056379641032,2117.0732935333417,990.8082862618937,High
2001959,0.57,0.8239544052528652,0.4696540109941331,3383.1543238227596,2787.5649087640413,1588.9119979955033,1588.9119979955033,2115.5855973941543,1146.4260097966355,High
4157873,1.0,0.19234948673312327,0.19234948673312327,8251.938330532334,1587.2561024312804,1587.2561024312804,1587.2561024312804,2113.4329331606646,652.7818148071264,High
3150337,1.0,0.34462198086094437,0.34462198086094437,4604.9066219845345,1586.9520417479903,1586.9520417479903,1586.9520417479903,2113.0376542723875,652.6567654944506,High
4007856,0.78,0.5835566159183341,0.4551741604163006,3484.255021872974,2033.2600695606536,1585.94285425731,1585.94285425731,2111.725710534503,836.207336767906,High
2091330,0.79,0.7566180376029734,0.5977282497063491,2647.8726387131737,2003.4281997257685,1582.7082777833573,1582.7082777833573,2107.5207611183646,823.9385528583168,High
4119603,1.0,0.5708151414226681,0.5708151414226681,2764.7215013866644,1578.14489480832,1578.14489480832,1578.14489480832,2101.588363250816,649.0347001240641,High
4146229,0.75,0.6163172820791183,0.4622379615593387,3413.98222227549,2104.096244299258,1578.0721832244437,1578.0721832244437,2101.493838191777,865.3397285911486,High
5090303,0.72,0.4960088704746445,0.357126386741744,4417.156013491471,2190.948564962188,1577.4829667727752,1577.4829667727752,2100.7278568046077,901.0589899099202,High
4164805,1.0,0.37027982603632137,0.37027982603632137,4248.181351411642,1573.0158517714474,1573.0158517714474,1573.0158517714474,2094.9206073028818,646.9253076846808,High
1120866,0.4,0.7018749202133605,0.2807499680853442,5589.350509208324,3923.0249426950986,1569.2099770780394,1569.2099770780394,2089.972970201451,1613.400217963252,High
2220229,0.25,1.4814584307135663,0.3703646076783916,4234.419026410027,6273.115765849066,1568.2789414622664,1568.2789414622664,2088.7626239009464,2579.9087417926244,High
6110711,0.56,0.3310940761963647,0.18541268266996425,8450.38854885836,2797.8735900845977,1566.8092104473749,1566.8092104473749,2086.851973581587,1150.6656026955973,High
5097730,0.49,0.40755893765718776,0.199703879452022,7844.116587050109,3196.9398230772676,1566.5005133078612,1566.5005133078612,2086.4506673002197,1314.7873089547022,High
2267736,0.91,0.21133201433025692,0.1923121330405338,8144.013938382499,1721.0908703320624,1566.1926920021767,1566.1926920021767,2086.05049960283,707.8232807310827,High
5076122,0.87,0.39661962575333737,0.3450590744054035,4534.328652702945,1798.4037332776766,1564.6112479515784,1564.6112479515784,2083.994622337052,739.6193033793924,High
3114472,1.0,0.38713148458957247,0.38713148458957247,4040.1955636770067,1564.0869065984841,1564.0869065984841,1564.0869065984841,2083.3129785780293,643.2531510456909,High
3030685,0.55,0.32837623332302485,0.18060692832766367,8648.889052103144,2840.0896093583774,1562.0492851471076,1562.0492851471076,2080.6640706912403,1168.0275455057454,High
4161583,1.0,0.3008318585807734,0.3008318585807734,5187.792025668456,1560.6531170123567,1560.6531170123567,1560.6531170123567,2078.849052116064,641.8409558780272,High
1118903,1.0,0.38111066786733055,0.38111066786733055,4094.458365632233,1560.441762281079,1560.441762281079,1560.441762281079,2078.5742909654027,641.7540332164352,High
3057858,0.9,0.6110510935213861,0.5499459841692474,2837.1245814496874,1733.6280779512363,1560.2652701561126,1560.2652701561126,2078.3448512029463,712.9793870013451,High
2122269,0.5,0.4446500350938273,0.22232501754691364,7017.022815606223,3120.1194412134937,1560.0597206067469,1560.0597206067469,2078.077636788771,1283.1938262077163,High
1036010,1.0,0.6151836194871344,0.6151836194871344,2535.6872041575098,1559.9132321408292,1559.9132321408292,1559.9132321408292,2077.887201783078,641.5366676233187,High
4152744,0.62,0.36372968657709676,0.22551240567779998,6916.01034023607,2515.558273418026,1559.6461295191762,1559.6461295191762,2077.5399683749292,1034.5593836178023,High
156922,0.15,2.2578941249913873,0.3386841187487081,4602.704068371776,10392.41847505059,1558.8627712575883,1558.8627712575883,2076.521602634865,4274.031003558446,High
5029956,0.58,0.5901897765855678,0.3423100704196293,4552.966515195827,2687.1142904049966,1558.5262884348977,1558.5262884348977,2076.0841749653673,1105.1142537098424,High
1032003,1.0,0.5203689079194915,0.5203689079194915,2995.0254267959053,1558.5181105328943,1558.5181105328943,1558.5181105328943,2076.0735436927625,640.962903872334,High
58956,1.0,0.47477736402265447,0.47477736402265447,3280.851993746357,1557.6742613393658,1557.6742613393658,1557.6742613393658,2074.9765397411757,640.6158588005708,High
1014540,0.49,0.31252225298180647,0.15313590396108517,10159.575426362571,3175.0934015854277,1555.7957667768596,1555.7957667768596,2072.5344968099175,1305.8026550940933,High
2211129,0.99,0.37366526989051524,0.3699286171916101,4205.390075983008,1571.408217737085,1555.694135559714,1555.694135559714,2072.4023762276283,646.2641451533857,High
2011841,1.0,0.1991155909761314,0.1991155909761314,7800.383603972674,1553.1779911455446,1553.1779911455446,1553.1779911455446,2069.131388489208,638.7667032594517,High
97300,0.6,0.5348042525006989,0.3208825515004193,4836.2236544456255,2586.432976441991,1551.8597858651942,1551.8597858651942,2067.4177216247526,1063.707620750444,High
3112751,0.85,0.3539378078648576,0.30084713668512897,5149.138937943627,1822.4749480873484,1549.103705874246,1549.103705874246,2063.83481763652,749.5189353694669,High
4147942,0.62,0.5685090219597059,0.3524755936150176,4393.660840512725,2497.8358272625487,1548.6582129027802,1548.6582129027802,2063.255676773614,1027.2707737038297,High
84741,0.3,0.9512215023644903,0.2853664507093471,5422.9550171060055,5158.431418626625,1547.5294255879874,1547.5294255879874,2061.7882532643835,2121.478832465207,High
3026058,0.71,0.5433745494232254,0.38579593009049,4006.9262716273815,2177.261757417613,1545.8558477665051,1545.8558477665051,2059.6126020964566,895.4300941985235,High
24546,1.0,0.42742804538784107,0.42742804538784107,3616.069357135551,1545.6094573073156,1545.6094573073156,1545.6094573073156,2059.2922944995103,635.6540352742535,High
3089228,1.0,0.6100054997020125,0.6100054997020125,2528.143252156825,1542.1812878501948,1542.1812878501948,1542.1812878501948,2054.8356742052533,634.2441514651707,High
1054237,1.0,0.3582349417863448,0.3582349417863448,4302.61542491036,1541.347186271792,1541.347186271792,1541.347186271792,2053.7513421533295,633.9011152397945,High
75295,0.81,0.5346507976982044,0.43306714613554564,3558.195430728684,1902.3920254051973,1540.9375405782098,1540.9375405782098,2053.218802751673,782.3859784923239,High
4137405,1.0,0.35139626946757196,0.35139626946757196,4384.716305455867,1540.7729524108263,1540.7729524108263,1540.7729524108263,2053.0048381340744,633.6649533366773,High
5040163,0.46,1.018076509536285,0.46831519438669106,3288.602886074333,3348.04934750551,1540.1026998525344,1540.1026998525344,2052.1335098082945,1376.9332660184778,High
5021193,0.87,0.47307849778656774,0.41157829307431393,3736.93358911439,1767.8629286664027,1538.0407479397702,1538.0407479397702,2049.452972321701,727.0589598851827,High
38412,1.0,0.4452964015227986,0.4452964015227986,3452.2081826873964,1537.2558810582577,1537.2558810582577,1537.2558810582577,2048.432645375735,632.2185073492784,High
6068397,0.74,0.3981757052673358,0.2946500218978285,5214.172995788567,2076.15700998401,1536.3561873881674,1536.3561873881674,2047.2630436046177,853.8493181572604,High
4155394,0.9,0.31558376370239893,0.28402538733215904,5406.816022054199,1706.3033498862967,1535.6730148976671,1535.6730148976671,2046.3749193669673,701.7417010677264,High
1002743,0.71,0.19768363247444828,0.14035537905685827,10902.459033126197,2155.237704572248,1530.218770246296,1530.218770246296,2039.2844013201848,886.3723868986218,High
3156054,0.69,0.5237198095152019,0.36136666856548927,4232.802671466471,2216.802608815858,1529.593800082942,1529.593800082942,2038.4719401078246,911.6918358892492,High
3163657,0.97,0.5176697621560383,0.5021396692913571,3043.8016861367314,1575.68409491255,1528.4135720651734,1528.4135720651734,2036.9376436847256,648.0226609078485,High
5100338,0.45,0.42146303377868855,0.18965836520040985,8058.161730969273,3396.217289813638,1528.2977804161371,1528.2977804161371,2036.7871145409783,1396.743022457443,High
113887,0.26,1.0362854836584474,0.26943422575119635,5671.756551233815,5877.558980888301,1528.1653350309587,1528.1653350309587,2036.6149355402463,2417.2303463210665,High
1043313,1.0,0.34132644155761227,0.34132644155761227,4472.306708842623,1526.5165344834888,1526.5165344834888,1526.5165344834888,2034.4714948285355,627.8017971938209,High
6097873,0.58,0.31736084447534724,0.1840692897957014,8277.074896876768,2626.8194790585085,1523.555297853935,1523.555297853935,2030.6218872101153,1080.317148621429,High
43503,0.41,0.6553007150432165,0.26867329316771876,5667.256500857695,3713.7572373453645,1522.6404673115994,1522.6404673115994,2029.4326075050792,1527.3358756876255,High
5087453,0.94,0.2568588012898231,0.24144727321243367,6303.344464713081,1619.0695033230436,1521.9253331236607,1521.9253331236607,2028.502933060759,665.865531755829,High
159875,0.58,0.5679019792917052,0.329383147989189,4615.039735715414,2620.8902004226516,1520.116316245138,1520.116316245138,2026.1512111186794,1077.8786478259474,High
3126176,1.0,0.5603438195626683,0.5603438195626683,2712.784979802532,1520.0922972347867,1520.0922972347867,1520.0922972347867,2026.1199864052228,625.1597375768908,High
164429,1.0,0.3356790744470898,0.3356790744470898,4524.890248342408,1518.9109705382418,1518.9109705382418,1518.9109705382418,2024.5842616997145,624.673900046533,High
1118432,0.47,0.45912119666047035,0.21578696243042106,7031.436098888954,3228.281355963526,1517.292237302857,1517.292237302857,2022.4799084937142,1327.6769634250747,High
32888,0.55,0.527840704019174,0.29031238721054575,5220.916632871886,2755.812311120512,1515.6967711162815,1515.6967711162815,2020.405802451166,1133.3672990549762,High
1051335,1.0,0.3750947642476382,0.3750947642476382,4040.350043488549,1515.514147040272,1515.514147040272,1515.514147040272,2020.1683911523537,623.2769077122855,High
3160645,0.85,0.4689866637309698,0.3986386641713243,3794.629608716533,1779.630680286722,1512.6860782437138,1512.6860782437138,2016.4919017168281,731.8986163509194,High
4075767,0.8,0.22396053403892174,0.1791684272311374,8442.49674367777,1890.7860793359312,1512.628863468745,1512.628863468745,2016.4175225093686,777.6128668778565,High
4136151,1.0,0.37492938566279804,0.37492938566279804,4031.9138297100067,1511.6829752185122,1511.6829752185122,1511.6829752185122,2015.187867784066,621.701283406406,High
3146661,1.0,0.43133995595232244,0.43133995595232244,3503.279228902516,1511.1043082834974,1511.1043082834974,1511.1043082834974,2014.4356007685467,621.4632983380675,High
2002567,0.71,0.6827423216427332,0.4847470483663405,3116.020868381187,2127.4393219657773,1510.4819185957017,1510.4819185957017,2013.6264941744123,874.9399037481339,High
54119,1.0,0.38652405206938895,0.38652405206938895,3907.5924107094756,1510.3784524230184,1510.3784524230184,1510.3784524230184,2013.491988149924,621.1647797151646,High
4019000,0.9,0.5519025891400323,0.4967123302260291,3037.73329930978,1676.5328730059603,1508.8795857053642,1508.8795857053642,2011.5434614169735,689.4981658903519,High
2058928,1.0,0.5957934854321082,0.5957934854321082,2530.489463969597,1507.6491375876735,1507.6491375876735,1507.6491375876735,2009.9438788639757,620.0423098826861,High
168006,1.0,0.5131122599817309,0.5131122599817309,2935.237366340117,1506.1062786256014,1506.1062786256014,1506.1062786256014,2007.9381622132819,619.4077870279872,High
177773,0.85,0.43992277663181,0.3739343601370385,4019.759192547699,1768.3836253768263,1503.1260815703024,1503.1260815703024,2004.0639060413932,727.2731038680434,High
39221,0.37,0.7394053247118053,0.273579970143368,5490.8383851836315,4059.9551391367477,1502.1834014805968,1502.1834014805968,2002.838421924776,1669.7147232268699,High
42863,1.0,0.24277848781999892,0.24277848781999892,6185.107998136221,1501.6111667908924,1501.6111667908924,1501.6111667908924,2002.0945168281603,617.5591078786505,High
4167083,1.0,0.3436331901205598,0.3436331901205598,4364.577147205785,1499.813568621616,1499.813568621616,1499.813568621616,1999.757639208101,616.819819875009,High
2009456,0.95,0.4833794216988463,0.459210450613904,3264.2755933214853,1577.8836485653978,1498.989466137128,1498.989466137128,1998.6863059782663,648.9272588634477,High
3106728,0.58,0.6299477567997251,0.3653696989438406,4094.0856873631824,2579.0600949002974,1495.8548550421726,1495.8548550421726,1994.6113115548244,1060.6754175755611,High
4158204,0.87,0.3482316412931283,0.3029615279250216,4937.122707600761,1719.2623437333864,1495.7582390480463,1495.7582390480463,1994.4857107624603,707.0712729676989,High
56660,1.0,0.29867473566848146,0.29867473566848146,5007.909809432467,1495.7361385838376,1495.7361385838376,1495.7361385838376,1994.456980158989,615.1429183493301,High
3151044,0.5,0.7574432092447702,0.3787216046223851,3948.9048339408264,2991.071150422326,1495.535575211163,1495.535575211163,1994.196247774512,1230.1208675771709,High
2064978,0.81,0.5291878457530539,0.42864215505997366,3483.2259707604476,1843.2808477378112,1493.057486667627,1493.057486667627,1990.974732667915,758.0756597139002,High
1182285,0.8,0.4452664422184546,0.3562131537747637,4191.233831814161,1866.215776797512,1492.9726214380098,1492.9726214380098,1990.8644078694128,767.5079779082556,High
4128129,1.0,0.5907785761643113,0.5907785761643113,2522.9609758251895,1490.511293016127,1490.511293016127,1490.511293016127,1987.664680920965,612.9941257464523,High
2009802,0.95,0.6292849534258711,0.5978207057545775,2491.9559466095384,1568.1503818015058,1489.7428627114305,1489.7428627114305,1986.6657215248597,644.9243134456269,High
4146794,1.0,0.442908294491229,0.442908294491229,3356.6074006065937,1486.6692590793039,1486.6692590793039,1486.6692590793039,1982.6700368030952,611.4140342401173,High
41052,1.0,0.34263347296811386,0.34263347296811386,4337.987477271603,1486.3397150297562,1486.3397150297562,1486.3397150297562,1982.2416295386831,611.2785045279347,High
1001850,0.58,0.6309867958049861,0.3659723415668919,4058.9776815431474,2561.1613215208617,1485.4735664820996,1485.4735664820996,1981.1156364267295,1053.3142905642662,High
43312,0.94,0.3524349306904317,0.3312888348490058,4481.493029767566,1579.434685335785,1484.668604215638,1484.668604215638,1980.0691854803295,649.5651449589902,High
3139490,0.34,0.8668897476446292,0.29474251419917397,5034.765138405246,4364.5862802821,1483.9593352959143,1483.9593352959143,1979.1471358846886,1794.9986448694006,High
3120705,1.0,0.4545168694524243,0.4545168694524243,3262.2585065101293,1482.7515237235252,1482.7515237235252,1482.7515237235252,1977.5769808405828,609.8028094405643,High
3150001,0.94,0.3611611609709337,0.33949149131267764,4364.070862891757,1576.1328994014116,1481.5649254373266,1481.5649254373266,1976.0344030685246,648.2072381844984,High
2020181,0.87,0.6102333471672353,0.5309030120354947,2790.205976937137,1702.676732592375,1481.3287573553662,1481.3287573553662,1975.7273845619761,700.250202742339,High
5006168,0.7,0.5239233875522961,0.3667463712866072,4038.9474319992028,2116.099020718669,1481.2693145030682,1481.2693145030682,1975.6501088539887,870.2760423730176,High
3002777,0.71,0.704867888655064,0.5004562009450955,2958.6200226082715,2085.43624866849,1480.659736554628,1480.659736554628,1974.8576575210163,857.6655380219721,High
3133368,0.91,0.2956257647275125,0.2690194459020364,5501.89847694893,1626.5029447011636,1480.1176796780592,1480.1176796780592,1974.152983581477,668.922641031162,High
4166111,0.98,0.44284352389738113,0.4339866534194335,3401.5389053334466,1506.3494755119038,1476.2224860016656,1476.2224860016656,1969.0892318021654,619.5078052320772,High
2122580,1.0,0.29463134516747325,0.29463134516747325,5003.1123276705675,1474.0737151255476,1474.0737151255476,1474.0737151255476,1966.2958296632119,606.2339363163975,High
3158696,1.0,0.6027814145994069,0.6027814145994069,2444.6519270216804,1473.5907467732945,1473.5907467732945,1473.5907467732945,1965.667970805283,606.0353086614177,High
1192479,0.49,0.8087672916605946,0.39629597291369134,3716.725416313363,3005.9659487978543,1472.9233149109486,1472.9233149109486,1964.8003093842333,1236.2465668262525,High
1151707,0.94,0.34366390277683756,0.3230440686102273,4555.842984548263,1565.6787805083318,1471.7380536778317,1471.7380536778317,1963.2594697811812,643.9078319999633,High
3122097,1.0,0.39409884250682964,0.39409884250682964,3731.5543049109065,1470.6012323167654,1470.6012323167654,1470.6012323167654,1961.781602011795,604.8058280065089,High
5069977,0.53,0.7847499224030468,0.4159174588736148,3528.803695096319,2769.2284259024213,1467.6910657282833,1467.6910657282833,1957.9983854467685,1138.8848684891595,High
1091215,1.0,0.4107229623283497,0.4107229623283497,3568.884468121656,1465.8228009545633,1465.8228009545633,1465.8228009545633,1955.5696412409322,602.8406296420031,High
4023110,0.79,0.49213386089532496,0.38878575010730676,3768.103159045127,1854.411155912749,1464.984813171072,1464.984813171072,1954.4802571223936,762.6531584292427,High
2159070,0.47,0.8350838195552901,0.3924893951909863,3729.6369525276737,3114.559471871362,1463.8429517795398,1463.8429517795398,1952.9958373134018,1280.9072091508535,High
137872,0.9,0.5161922800702439,0.46457305206321947,3149.5182448539204,1625.7570039339778,1463.1813035405798,1463.1813035405798,1952.1356946027538,668.6158622025935,High
4169225,0.86,0.43409733415835416,0.3733237073761846,3914.0108664399163,1699.0616829883977,1461.193047370022,1461.193047370022,1949.5509615810286,698.7634617951866,High
1123237,0.61,0.5591280100336751,0.3410680861205418,4282.659332199244,2394.554790064711,1460.6784219394738,1460.6784219394738,1948.881948521316,984.7949673144914,High
4147940,1.0,0.4177444386071478,0.4177444386071478,3496.098084789907,1460.4755317460842,1460.4755317460842,1460.4755317460842,1948.6181912699096,600.6414885627366,High
3144144,1.0,0.3984091041360687,0.3984091041360687,3665.4820471625044,1460.3614186368566,1460.3614186368566,1460.3614186368566,1948.4698442279137,600.5945579115198,High
3042961,0.96,0.485207354052566,0.46579905989046333,3132.699995682271,1520.0090759454797,1459.2087129076604,1459.2087129076604,1946.9713267799584,625.1255116292438,High
5079566,0.85,0.4679933208178731,0.3977943226951921,3668.19600080097,1716.6912278256875,1459.1875436518342,1459.1875436518342,1946.9438067473845,706.0138647109364,High
6048045,0.58,0.299967818459035,0.17398133470624028,8381.17095743808,2514.0815682349225,1458.1673095762549,1458.1673095762549,1945.6175024491313,1033.9520674525754,High
4149032,1.0,0.3398217085068194,0.3398217085068194,4288.286654996629,1457.2528976679482,1457.2528976679482,1457.2528976679482,1944.4287669683326,599.3161341232341,High
3116336,0.5,0.7853726577293519,0.39268632886467597,3701.0635130120636,2906.7140876394164,1453.3570438197082,1453.3570438197082,1939.3641569656209,1195.4278168143621,High
6089987,0.58,0.6196162688822487,0.35937743595170424,4043.7003825227043,2505.54254349644,1453.214675227935,1453.214675227935,1939.1790777963156,1030.440271179163,High
1097061,1.0,0.3759994641225734,0.3759994641225734,3864.678250490342,1453.1169511905332,1453.1169511905332,1453.1169511905332,1939.0520365476932,597.6151668733136,High
2021910,0.95,0.21952206333810692,0.20854596017120156,6955.082399011168,1526.794038917482,1450.454336971608,1450.454336971608,1935.5906380630904,627.9159248684675,High
1120003,1.0,0.4094484191263454,0.4094484191263454,3534.9189746890966,1447.3669859261722,1447.3669859261722,1447.3669859261722,1931.5770817040238,595.2504112711155,High
4167450,0.95,0.3426728997596592,0.3255392547716762,4443.405109222714,1522.6345135842325,1446.5027879050208,1446.5027879050208,1930.453624276527,626.20526047624,High
1056661,1.0,0.28926072824043986,0.28926072824043986,4997.644421007886,1445.6222647075126,1445.6222647075126,1445.6222647075126,1929.3089441197665,594.5328696710518,High
1098236,0.62,0.4548286231315674,0.2819937463415718,5121.365669779198,2329.34369613895,1444.193091606149,1444.193091606149,1927.4510190879937,957.9759705733783,High
3171718,0.8,0.4688724419131471,0.37509795353051767,3849.794829740468,1805.0627026850213,1444.050162148017,1444.050162148017,1927.2652107924223,742.3578999598769,High
1101836,0.58,0.6345237239417562,0.36802375988621855,3923.28733743636,2489.4188914436563,1443.8629570373205,1443.8629570373205,1927.0218441485167,1023.8091882479251,High
2220503,0.23,1.4814584307135663,0.3407354390641203,4234.419026410027,6273.115765849066,1442.8166261452855,1442.8166261452855,1925.661613988871,2579.9087417926244,High
1127908,0.37,1.172478035669619,0.433816873197759,3324.550915399429,3897.962926771156,1442.2462829053277,1442.2462829053277,1924.920167776926,1603.0931048184375,High
1097205,0.84,0.2450467720041304,0.20583928848346952,7002.8314619479,1716.021244639298,1441.4578454970103,1441.4578454970103,1923.8951991461136,705.7383245258135,High
30871,0.62,0.521611223781504,0.3233989587445325,4456.694474016094,2324.6618586118016,1441.2903523393168,1441.2903523393168,1923.6774580411118,956.0504978075639,High
5053628,0.66,0.7483605364228277,0.49391795403906635,2916.7203932282896,2182.758438071724,1440.6205691273378,1440.6205691273378,1922.8067398655392,897.6906828756184,High
3034289,0.46,0.3942899995784767,0.1813733998060993,7940.280508203748,3130.7731982326427,1440.1556711870155,1440.1556711870155,1922.2023725431202,1287.5753364320724,High
4154992,1.0,0.3665500310484764,0.3665500310484764,3926.269275605913,1439.1741248780263,1439.1741248780263,1439.1741248780263,1920.9263623414342,591.880979775291,High
3045221,0.72,0.21565080385030067,0.15526857877221648,9267.97116725749,1998.645432280487,1439.0247112419506,1439.0247112419506,1920.732124614536,821.971571217516,High
3011119,0.77,0.5283584834690317,0.4068360322711544,3520.4300310191006,1860.0490723480882,1432.2377857080278,1432.2377857080278,1911.9091214204361,764.9718323450362,High
1012652,0.76,0.21147828572948252,0.1607234971544067,8910.244939643975,1884.3233252657044,1432.0857272019352,1432.0857272019352,1911.7114453625159,774.9549666661939,High
2007950,0.78,0.2522306541913748,0.19673991026927234,7267.507415893712,1833.088149851539,1429.8087568842002,1429.8087568842002,1908.7513839494602,753.8837666641334,High
84109,0.65,0.523960461499816,0.3405742999748804,4194.836743435076,2197.9285960066277,1428.653587404308,1428.653587404308,1907.2496636256003,903.9296276889278,High
2205690,0.99,0.41692866015126134,0.41275937354974873,3461.030041085589,1443.0026177730795,1428.5725915953487,1428.5725915953487,1907.1443690739534,593.455502334178,High
78406,0.8,0.3858105892902626,0.3086484714322101,4627.847820186379,1785.472694651764,1428.3781557214113,1428.3781557214113,1906.8916024378348,734.3012284646798,High
1105116,0.91,0.40060875794868456,0.36455396973330295,3916.4328947213085,1568.9573175436747,1427.751158964744,1427.751158964744,1906.0765066541674,645.2561773316116,High
3042161,0.91,0.4845196365395053,0.44091286925094986,3235.715834180356,1567.7678599221883,1426.6687525291916,1426.6687525291916,1904.669378287949,644.7669958418692,High
4047916,0.81,0.5080865672045181,0.41155011943565967,3466.101347974366,1761.0795354752483,1426.4744237349514,1426.4744237349514,1904.416750855437,724.2691922408252,High
151705,0.88,0.3548484647226323,0.31226664895591644,4565.200892774235,1619.954527951328,1425.5599845971685,1425.5599845971685,1903.2279799763191,666.2295108151097,High
2129838,0.94,0.30946654040159877,0.2908985479775028,4896.466853967825,1515.2926574885232,1424.3750980392115,1424.3750980392115,1901.687627450975,623.1858169605598,High
4153370,1.0,0.5837821888971606,0.5837821888971606,2439.640794124177,1424.2188429166192,1424.2188429166192,1424.2188429166192,1901.484495791605,585.7304057848899,High
1008214,0.29,1.0834355384428915,0.3141963061484385,4529.315168952129,4907.221018851206,1423.0940954668497,1423.0940954668497,1900.0223241069048,2018.1649561394922,High
1097057,1.0,0.30816916872752725,0.30816916872752725,4616.407934001616,1422.6345955284396,1422.6345955284396,1422.6345955284396,1899.4249741869714,585.0788613469284,High
4139094,1.0,0.5853716588686617,0.5853716588686617,2428.3255176381576,1421.47293653295,1421.47293653295,1421.47293653295,1897.914817492835,584.6011124404342,High
4150892,0.58,0.6030445711175195,0.3497658512481613,4050.773020091364,2442.796678595416,1416.822073585341,1416.822073585341,1891.8686956609433,1004.635135197015,High
4149616,0.49,0.7335691578216041,0.359448887332586,3940.8102308998946,2890.856842215997,1416.5198526858385,1416.5198526858385,1891.47580849159,1188.9062974266049,High
2100035,0.98,0.32250249746842785,0.3160524475190593,4476.251243919352,1443.602205460148,1414.730161350945,1414.730161350945,1889.1492097562286,593.7020913615574,High
1184921,1.01,0.3926049696850277,0.396531019381878,3567.476839426752,1400.6091363951784,1414.6152277591304,1414.6152277591304,1888.9997960868695,576.0205756909796,High
3161355,0.95,0.3784794233860735,0.3595554522167698,3934.3340108648226,1489.064467840336,1414.611244448319,1414.611244448319,1888.9946177828147,612.3990981623624,High
4158209,1.0,0.3195069265064561,0.3195069265064561,4417.956218835443,1411.5676129201968,1411.5676129201968,1411.5676129201968,1885.0378967962558,580.5274061782371,High
25421,0.6,0.46591404355433863,0.27954842613260317,5042.347226226991,2349.3003851764206,1409.5802311058524,1409.5802311058524,1882.454300437608,966.1834448854738,High
161047,0.86,0.39765313560645205,0.34198169662154876,4118.966776892583,1637.920054290137,1408.6112466895179,1408.6112466895179,1881.1946206963732,673.6180909374033,High
2024064,0.84,0.534141070607911,0.44867849931064524,3137.2589887285712,1675.7388750137713,1407.6206550115678,1407.6206550115678,1879.9068515150382,689.1716228394225,High
4166336,0.76,0.4488669153030779,0.3411388556303392,4123.4704657589555,1850.8894683085682,1406.6759959145118,1406.6759959145118,1878.6787946888653,761.2048139422253,High
1057684,1.0,0.31653860056588445,0.31653860056588445,4443.914751734754,1406.6705565482089,1406.6705565482089,1406.6705565482089,1878.6717235126716,578.5134215787623,High
3063889,1.0,0.36236929482187663,0.36236929482187663,3881.5924691215782,1406.5699258214931,1406.5699258214931,1406.5699258214931,1878.540903567941,578.4720357505331,High
2059266,0.83,0.4178507913917141,0.3468161568551227,4044.925859828435,1690.1754716501212,1402.8456414696004,1402.8456414696004,1873.6993339104806,695.1088800580147,High
5048660,0.84,0.6294940823893113,0.5287750292070215,2648.7671881855563,1667.3832705897828,1400.6019472954176,1400.6019472954176,1870.782531484043,685.7352607984469,High
2006479,0.61,0.6432525037208732,0.39238402726973265,3569.053168573544,2295.802386597848,1400.4394558246872,1400.4394558246872,1870.5712925720934,944.181626434641,High
79142,1.0,0.42718847960357137,0.42718847960357137,3276.1620936905633,1399.5387037385249,1399.5387037385249,1399.5387037385249,1869.4003148600823,575.5803449234502,High
1097107,0.33,0.7333644431094554,0.2420102662261203,5782.752037496007,4240.864727618327,1399.485360114048,1399.485360114048,1869.3309681482624,1744.1163836168503,High
2071799,1.0,0.2801434433847206,0.2801434433847206,4987.400074934999,1397.1874305295041,1397.1874305295041,1397.1874305295041,1866.3436596883555,574.6133501264916,High
5068217,0.95,0.14151940238280802,0.13444343226366762,10388.900800162206,1470.2310326532315,1396.71948102057,1396.71948102057,1865.7353253267408,604.6535780905486,High
1074233,1.0,0.27707507923583347,0.27707507923583347,5033.683290507719,1394.7081965655173,1394.7081965655173,1394.7081965655173,1863.1206555351725,573.5937296355929,High
3205691,1.0,0.40378737622296823,0.40378737622296823,3453.9355008336856,1394.6555535249977,1394.6555535249977,1394.6555535249977,1863.052219582497,573.572079430894,High
74062,1.0,0.26348108129381825,0.26348108129381825,5291.945027337086,1394.3273979502198,1394.3273979502198,1394.3273979502198,1862.6256173352858,573.4371207488548,High
4019562,0.95,0.5256096435136782,0.49932916133799427,2787.3588336640637,1465.0626829068704,1391.8095487615267,1391.8095487615267,1859.3524133899848,602.5280202036898,High
6097729,0.45,0.3947129804727536,0.17762084121273913,7828.037442920535,3089.827990347477,1390.4225956563648,1390.4225956563648,1857.5493743532743,1270.736033014059,High
3153518,0.55,0.6226706921830157,0.3424688807006587,4059.0934916912024,2527.4785541069355,1390.1132047588144,1390.1132047588144,1857.1471661864587,1039.4617698484788,High
3144448,1.0,0.3602838221582625,0.3602838221582625,3858.016837196485,1389.9810520560807,1389.9810520560807,1389.9810520560807,1856.975367672905,571.6496237241405,High
3163960,1.0,0.2691335092312051,0.2691335092312051,5152.4387209863025,1386.6939140777856,1386.6939140777856,1386.6939140777856,1852.7020883011214,570.2977411314663,High
4165716,1.0,0.3492192527109487,0.3492192527109487,3967.8931951401237,1385.6646964436927,1385.6646964436927,1385.6646964436927,1851.3641053768006,569.874460632506,High
5044877,0.96,0.5616276233352493,0.5391625184018393,2569.8439604045698,1443.295355824463,1385.5635415914844,1385.5635415914844,1851.2326040689297,593.5758950522483,High
1010191,0.46,0.5960943055905675,0.27420338057166105,5046.713708070134,3008.3173033264648,1383.8259595301738,1383.8259595301738,1848.973747389226,1237.2135950670577,High
1146539,1.0,0.4309475398917492,0.4309475398917492,3207.027586235074,1382.0606486529798,1382.0606486529798,1382.0606486529798,1846.6788432488738,568.392244338696,High
22932,1.0,0.33557284296218565,0.33557284296218565,4115.022113744085,1380.889669561365,1380.889669561365,1380.889669561365,1845.1565704297745,567.9106624091291,High
64164,0.21,1.0824731355044284,0.22731935845592996,6069.623797765858,6570.204703699905,1379.74298777698,1379.74298777698,1843.665884110074,2702.090824263332,High
94366,0.97,0.25293678872992525,0.24534868506802748,5616.051980999487,1420.5061534143454,1377.890968811915,1377.890968811915,1841.2582594554895,584.2035090305492,High
1110924,1.0,0.3200287034498704,0.3200287034498704,4303.471440185983,1377.2343853362665,1377.2343853362665,1377.2343853362665,1840.4047009371466,566.4073743975468,High
163343,1.0,0.392713813002548,0.392713813002548,3505.01876707487,1376.4692846634618,1376.4692846634618,1376.4692846634618,1839.4100700625004,566.0927157832637,High
1101361,1.0,0.3091871570487462,0.3091871570487462,4448.242075668899,1375.3393212406806,1375.3393212406806,1375.3393212406806,1837.941117612885,565.6280021351896,High
1008213,0.7,0.5413137007132179,0.37891959049925256,3626.9057623524714,1963.2937803571112,1374.3056462499778,1374.3056462499778,1836.5973401249712,807.432697834939,High
174281,1.0,0.337832804865333,0.337832804865333,4066.0020382520725,1373.6288731708587,1373.6288731708587,1373.6288731708587,1835.7175351221163,564.9245558586615,High
3023982,0.8,0.226067876163553,0.18085430093084243,7589.937712470605,1715.8410988718856,1372.6728790975087,1372.6728790975087,1834.4747428267615,705.6642369977825,High
2073359,0.78,0.46088800568310034,0.35949264443281825,3794.079812445015,1748.6458781602942,1363.9437849650294,1363.9437849650294,1823.1269204545383,719.155672516873,High
6092639,0.5,0.5426941482362925,0.27134707411814624,5023.573828675792,2726.26412005534,1363.13206002767,1363.13206002767,1822.071678035971,1121.2151821040661,High
76267,1.0,0.39341615902713817,0.39341615902713817,3460.2882086353743,1361.3332961682254,1361.3332961682254,1361.3332961682254,1819.733285018693,559.8678236416075,High
4169987,0.98,0.43969832930358427,0.4309043627175126,3157.3642036956217,1388.2877653679066,1360.5220100605484,1360.5220100605484,1818.678613078713,570.9532353117086,High
21337,1.0,0.43958849401773326,0.43958849401773326,3094.406507753407,1360.2654966219934,1360.2654966219934,1360.2654966219934,1818.3451456085916,559.428675778467,High
4014135,0.43,0.3041901707937937,0.1308017734413313,10394.923406246839,3162.033526334629,1359.6744163238907,1359.6744163238907,1817.576741221058,1300.4315942713863,High
5087466,0.73,0.5666504528523048,0.41365483058218244,3279.8621028924267,1858.5353458971063,1356.7308025048874,1356.7308025048874,1813.7500432563536,764.3492906529425,High
2008815,0.87,0.6056123408985622,0.5268827365817491,2573.1300226982175,1558.319296482638,1355.737787939895,1355.737787939895,1812.4591243218636,640.8811387454988,High
2197144,1.0,0.40015703185670726,0.40015703185670726,3386.0183332263036,1354.9390460362329,1354.9390460362329,1354.9390460362329,1811.4207598471028,557.2380966560888,High
1181531,0.95,0.5414060893144899,0.5143357848487653,2632.760390576528,1425.392507164127,1354.1228818059205,1354.1228818059205,1810.3597463476967,586.2130920232912,High
1031705,1.0,0.49652987510375707,0.49652987510375707,2726.8396038880987,1353.957327946536,1353.957327946536,1353.957327946536,1810.1445263304968,556.8343510253493,High
1079143,1.0,0.41372381373164563,0.41372381373164563,3269.4465022135946,1352.6478756873976,1352.6478756873976,1352.6478756873976,1808.442238393617,556.2958200215534,High
2094592,0.96,0.4017475266568976,0.3856776255906217,3505.4125957866245,1408.2908402692117,1351.959206658443,1351.959206658443,1807.546968655976,579.1797864749366,High
2034290,0.36,0.45533419670723524,0.16392031081460468,8246.903359334836,3755.0971164449275,1351.8349619201738,1351.8349619201738,1807.385450496226,1544.3374932975275,High
1078633,0.96,0.4173462100570841,0.4006523616548007,3373.339932940455,1407.8506362469172,1351.5366107970406,1351.5366107970406,1806.9975940361528,578.9987462633925,High
4017318,0.7,0.4261573438030268,0.29831014066211875,4529.787081018133,1930.4020304399537,1351.2814213079675,1351.2814213079675,1806.665847700358,793.9054943986341,High
3071800,1.0,0.27131352862464464,0.27131352862464464,4977.176728080476,1350.3753806839775,1350.3753806839775,1350.3753806839775,1805.4879948891707,555.3612238904058,High
1012203,0.84,0.20559581960547402,0.17270048846859817,7816.405945862183,1607.020386808636,1349.897124919254,1349.897124919254,1804.8662623950304,660.9101599459178,High
2081092,1.0,0.28286906137979273,0.28286906137979273,4766.564389363645,1348.3135948256393,1348.3135948256393,1348.3135948256393,1802.8076732733311,554.5132849142769,High
3133793,1.0,0.35907612216551044,0.35907612216551044,3754.1831797419463,1348.0375380807236,1348.0375380807236,1348.0375380807236,1802.4487995049408,554.3997526225064,High
92223,0.31,0.7522272282444462,0.23319044075577833,5780.713832093775,4348.410343190231,1348.0072063889718,1348.0072063889718,1802.4093683056633,1788.3460589666834,High
1074063,1.0,0.25517635190016236,0.25517635190016236,5281.097413603143,1347.6111720326328,1347.6111720326328,1347.6111720326328,1801.8945236424227,554.2244034761283,High
3149941,1.0,0.32825831957650853,0.32825831957650853,4104.725246139986,1347.410211621182,1347.410211621182,1347.410211621182,1801.6332751075367,554.141755627498,High
99074,0.78,0.3764223837685378,0.29360945933945953,4588.43737060698,1727.1905328165212,1347.2086155968868,1347.2086155968868,1801.371200275953,710.331854325613,High
4151808,1.0,0.33917065327675394,0.33917065327675394,3965.8242963300363,1345.0912173670815,1345.0912173670815,1345.0912173670815,1798.618582577206,553.1880360132528,High
91603,1.0,0.4035461238124526,0.4035461238124526,3333.052759963667,1345.0405217457348,1345.0405217457348,1345.0405217457348,1798.5526782694553,553.1671867125918,High
1040871,1.0,0.3631240476493348,0.3631240476493348,3703.9065842978384,1344.9775510052532,1344.9775510052532,1344.9775510052532,1798.4708163068292,553.1412890933052,High
2083053,0.88,0.4773108661716549,0.4200335622310563,3198.3728267033707,1526.6181042536703,1343.4239317432298,1343.4239317432298,1796.4511112661987,627.8435692171302,High
1188174,1.32,0.30844448685822357,0.4071467226528551,3299.483319893117,1017.7074395017004,1343.3738201422445,1343.3738201422445,1796.385966184918,418.54676651299644,High
2102482,1.0,0.39135381161605154,0.39135381161605154,3430.8790341002273,1342.6875871887212,1342.6875871887212,1342.6875871887212,1795.4938633453376,552.1995086624669,High
40994,1.0,0.32612575523938103,0.32612575523938103,4113.707221689284,1341.5858745071137,1341.5858745071137,1341.5858745071137,1794.0616368592478,551.7464135364855,High
3063870,1.0,0.349979581091303,0.349979581091303,3822.123704881906,1337.6652531137086,1337.6652531137086,1337.6652531137086,1788.9648290478212,550.1340018126065,High
5041938,0.53,0.3306680569654974,0.17525407019171363,7629.386898735065,2522.794541642746,1337.0811070706554,1337.0811070706554,1788.205439191852,1037.5354026086432,High
2190578,1.0,0.4173643912114394,0.4173643912114394,3200.4537090859603,1335.755413893055,1335.755413893055,1335.755413893055,1786.4820380609715,549.3485530683627,High
1464,0.78,0.5223847203784635,0.40746008189520155,3276.468170520807,1711.5769090864476,1335.0299890874292,1335.0299890874292,1785.538985813658,703.9105278499288,High
1022933,1.0,0.32499583440059937,0.32499583440059937,4106.586997701507,1334.6236678566536,1334.6236678566536,1334.6236678566536,1785.0107682136497,548.8831062948955,High
2006663,0.7,0.49311377351495855,0.345179641460471,3865.0236645228774,1905.8964039374894,1334.1274827562424,1334.1274827562424,1784.3657275831151,783.8272043755175,High
3043399,0.82,0.21040424973248506,0.17253148478063773,7728.658820904516,1626.1426606507673,1333.436981733629,1333.436981733629,1783.4680762537178,668.7744690531784,High
3132936,0.69,0.5033925830315944,0.3473408822918001,3836.497928133467,1931.2646018384662,1332.5725752685416,1332.5725752685416,1782.3443478491042,794.2602392454545,High
6099569,0.5,0.791286843309196,0.395643421654598,3360.2859848225053,2658.950089546333,1329.4750447731665,1329.4750447731665,1778.3175582051165,1093.5313225615862,High
1108836,0.45,0.5735063488488396,0.2580778569819778,5150.708744939605,2953.9641662941017,1329.2838748323459,1329.2838748323459,1778.0690372820497,1214.8600886744227,High
2102425,1.0,0.29944180585056945,0.29944180585056945,4439.12391371093,1329.2592811160482,1329.2592811160482,1329.2592811160482,1778.0370654508627,546.6769253852767,High
4022125,0.79,0.5311294695489052,0.4195922809436351,3164.328181034419,1680.6679482714628,1327.7276791344557,1327.7276791344557,1776.0459828747923,691.1987748418904,High
1034699,0.76,0.417488516016226,0.3172912721723318,4182.370699918534,1746.0917369387332,1327.0297200734374,1327.0297200734374,1775.1386360954687,718.1052453430033,High
5063396,0.74,0.23048265282075528,0.1705571630873589,7731.740993549269,1782.0321751162176,1318.703809586001,1318.703809586001,1764.3149524618013,732.8862655088889,High
1099195,1.0,0.28599078774878295,0.28599078774878295,4609.368144050892,1318.2368265412601,1318.2368265412601,1318.2368265412601,1763.7078745036383,542.1437830083547,High
4069978,0.46,0.8102896548222936,0.3727332412182551,3536.0520180166177,2865.22636911236,1318.0041297916855,1318.0041297916855,1763.4053687291912,1178.3653981216157,High
172803,1.0,0.46662265318612595,0.46662265318612595,2821.701676851086,1316.6699229519945,1316.6699229519945,1316.6699229519945,1761.670899837593,541.4993714562039,High
1056548,0.84,0.4116013591024371,0.34574514164604714,3805.9164966466974,1566.5204026501667,1315.8771382261398,1315.8771382261398,1760.6402796939817,644.2539611648077,High
56546,0.94,0.37368681084077066,0.3512656021903244,3743.0813684965824,1398.7401393109953,1314.8157309523356,1314.8157309523356,1759.2604502380364,575.2519238605577,High
1021338,1.0,0.425732988835139,0.425732988835139,3088.0634852241596,1314.6904972771376,1314.6904972771376,1314.6904972771376,1759.097646460279,540.6853042856134,High
3156161,1.0,0.3497619571085269,0.3497619571085269,3758.651067252494,1314.6331533702858,1314.6331533702858,1314.6331533702858,1759.0230993813716,540.6617207822798,High
3006147,0.61,0.26343567173543897,0.16069575975861777,8179.570393116284,2154.790621017897,1314.4222788209172,1314.4222788209172,1758.7489624671923,886.1885173809476,High
3043037,0.95,0.39182257578373,0.37223144699454347,3527.849919863802,1382.2912425794602,1313.1766804504873,1313.1766804504873,1757.1296845856336,568.4870793949801,High
6051323,0.24,1.1632930433635051,0.2791903304072412,4700.388962801135,5467.929781529161,1312.3031475669986,1312.3031475669986,1755.9940918370983,2248.764468794395,High
4037378,0.71,0.40998626532027094,0.29109024837739234,4504.424480816913,1846.7521703073267,1311.1940409182018,1311.1940409182018,1754.5522531936624,759.503290858766,High
4021732,0.87,0.4091663649008553,0.3559747374637441,3681.1321609189768,1506.1954650028479,1310.3900545524777,1310.3900545524777,1753.5070709182212,619.444466203519,High
3155807,1.0,0.2850641805929656,0.2850641805929656,4592.474331081636,1309.1499320840144,1309.1499320840144,1309.1499320840144,1751.8949117092188,538.4066674630589,High
2056342,1.0,0.4808796195774253,0.4808796195774253,2721.2500328353754,1308.5936805649314,1308.5936805649314,1308.5936805649314,1751.171784734411,538.1779010556971,High
6109795,0.64,0.6984560124227556,0.4470118479505636,2925.067353715737,2043.0308799442757,1307.5397631643366,1307.5397631643366,1749.8016921136377,840.225722537277,High
3118075,0.82,0.3628324817424858,0.2975226350288383,4393.7227117175635,1594.185315580808,1307.2319587762624,1307.2319587762624,1749.4015464091412,655.6315529987173,High
4122732,1.0,0.26276192626670164,0.26276192626670164,4966.97433739937,1305.1317446123323,1305.1317446123323,1305.1317446123323,1746.6712679960322,536.7541302915324,High
62913,1.0,0.4025197641352454,0.4025197641352454,3240.034863213942,1304.178068930848,1304.178068930848,1304.178068930848,1745.4314896101025,536.3619175029703,High
162441,0.96,0.34742154155407773,0.3335246798919146,3898.7260317556843,1354.501408049572,1300.321351727589,1300.321351727589,1740.4177572458657,557.0581117634662,High
3129458,1.0,0.35062240770569525,0.35062240770569525,3708.3931825587883,1300.2457463881483,1300.2457463881483,1300.2457463881483,1740.3194703045929,534.7446935137863,High
4164304,1.0,0.2964730422057076,0.2964730422057076,4385.236687401279,1300.1044615059366,1300.1044615059366,1300.1044615059366,1740.1357999577176,534.6865880816046,High
1091958,1.0,0.28626205949282807,0.28626205949282807,4540.078570315889,1299.6522417978808,1299.6522417978808,1299.6522417978808,1739.5479143372452,534.5006062471268,High
4051540,0.68,0.7274737048796426,0.494682119318157,2626.331136408542,1910.586842043884,1299.1990525898411,1299.1990525898411,1738.9587683667935,785.7562142527785,High
4072980,0.7,0.7278106416730935,0.5094674491711654,2549.806137526341,1855.7760410950384,1299.0432287665267,1299.0432287665267,1738.7561973964848,763.2144870169441,High
3169175,0.94,0.2761369726926907,0.25956875433112925,5000.002267150497,1380.6854895075285,1297.8443601370766,1297.8443601370766,1737.1976681781996,567.8266904364358,High
1092796,1.0,0.3695691306338096,0.3695691306338096,3510.786973754223,1297.4784897308514,1297.4784897308514,1297.4784897308514,1736.722036650107,533.6066195633883,High
2062410,0.09,2.114532356413397,0.19030791207720574,6817.295688150897,14415.392315832609,1297.3853084249347,1297.3853084249347,1736.6009009524153,5928.536637957782,High
2073720,1.0,0.33405771724501676,0.33405771724501676,3883.2014505961874,1297.2134121887002,1297.2134121887002,1297.2134121887002,1736.3774358453104,533.497602626068,High
152603,0.56,0.41754220021331867,0.23382363211945847,5546.368579839446,2315.842940020182,1296.872046411302,1296.872046411302,1735.9336603346928,952.4235911766457,High
166669,1.0,0.4146474502951714,0.4146474502951714,3127.0362730526954,1296.6176176018155,1296.6176176018155,1296.6176176018155,1735.6029028823602,533.2525735654878,High
3060497,1.0,0.26083407608786713,0.26083407608786713,4968.014789559655,1295.8275476256522,1295.8275476256522,1295.8275476256522,1734.575811913348,532.9276459674307,High
3165889,0.95,0.31783509860335446,0.3019433436731867,4290.90595287645,1363.800516630207,1295.6104907986967,1295.6104907986967,1734.2936380383057,560.8825034076735,High
4152714,0.92,0.3822782312285876,0.3516959727303006,3681.0326671704056,1407.178657100553,1294.6043645325087,1294.6043645325087,1732.9856738922615,578.7223852111312,High
2116215,1.0,0.2780826029475842,0.2780826029475842,4650.007260931514,1293.0861228450017,1293.0861228450017,1293.0861228450017,1731.0119596985023,531.8001957464304,High
4071377,0.55,0.302556479661137,0.16640606381362538,7768.389947927578,2350.3767152799314,1292.7071934039625,1292.7071934039625,1730.5193514251514,966.6261010625237,High
3144374,0.84,0.4573227710074322,0.38415112764624304,3363.502024524061,1538.2060661444518,1292.0930955613396,1292.0930955613396,1729.7210242297415,632.6092845805132,High
5047326,0.75,0.6023340217789039,0.45175051633417795,2859.79055280229,1722.5491451147184,1291.9118588360388,1291.9118588360388,1729.4854164868505,708.4230171300492,High
4056528,0.54,0.48792099057280475,0.2634773349093146,4900.41909921493,2391.01734111084,1291.1493641998536,1291.1493641998536,1728.4941734598096,983.3401407465806,High
3190579,1.0,0.404209373361434,0.404209373361434,3193.8933072998143,1291.0016123269359,1291.0016123269359,1291.0016123269359,1728.3020960250167,530.9429109283828,High
2026526,0.68,0.21451044145024295,0.14586710018616522,8847.19411119088,1897.8155143875456,1290.514549783531,1290.514549783531,1727.6689147185905,780.50382276269,High
42599,0.45,0.643478685549089,0.28956540849709006,4452.083134304132,2864.820603217291,1289.169271447781,1289.169271447781,1725.9200528821154,1178.198521083333,High
4157473,1.0,0.2237162495537696,0.2237162495537696,5761.264703974775,1288.8885322597453,1288.8885322597453,1288.8885322597453,1725.555091937669,530.0738764739048,High
1071883,0.96,0.29114614584918114,0.27950030001521387,4607.045563507035,1341.323559566642,1287.6706171839762,1287.6706171839762,1723.9718023391692,551.6385327586893,High
4145657,1.0,0.35944606340953245,0.35944606340953245,3581.486458042766,1287.3512084980218,1287.3512084980218,1287.3512084980218,1723.5565710474284,529.4416300496594,High
3124612,1.0,0.3715695269025406,0.3715695269025406,3462.6752298675456,1286.6245969790298,1286.6245969790298,1286.6245969790298,1722.6119760727388,529.1428006513656,High
3102426,1.0,0.2900036209360195,0.2900036209360195,4430.024442479779,1284.723129154207,1284.723129154207,1284.723129154207,1720.1400679004691,528.3607947636052,High
171171,0.59,0.6380890528802229,0.3764725411993315,3410.541817218955,2176.2293979576375,1283.975344795006,1283.975344795006,1719.167948233508,895.0055215786523,High
2063360,0.87,0.3305680838109532,0.28759423291552927,4463.13921835913,1475.3713791944929,1283.5730998992087,1283.5730998992087,1718.6450298689715,606.7676192580717,High
1118498,0.73,0.3365854212558231,0.24570735751675085,5223.975642939462,1758.3140424089381,1283.5692509585247,1283.5692509585247,1718.640026246082,723.1318435924896,High
6055851,0.43,0.8717559998142045,0.3748550799201079,3423.8048458608214,2984.7224165721186,1283.4306391260109,1283.4306391260109,1718.4598308638142,1227.5098598147072,High
57683,0.88,0.32684036795448124,0.2876195237999435,4453.042754291423,1455.4341323296453,1280.7820364500878,1280.7820364500878,1715.0166473851143,598.5681408180408,High
4044709,0.9,0.3991984247983516,0.35927858231851645,3562.7296522480206,1422.2360651597887,1280.0124586438099,1280.0124586438099,1714.016196236953,584.9149600225579,High
2008029,0.78,0.5502543536132185,0.42919839581831043,2981.613832392891,1640.6459920675813,1279.7038738127135,1279.7038738127135,1713.6150359565277,674.7391719064327,High
1174572,1.0,0.3009318967133874,0.3009318967133874,4252.28674947151,1279.6487168876663,1279.6487168876663,1279.6487168876663,1713.5433319539663,526.2738700112868,High
1009276,0.78,0.44754658654176027,0.349086337502573,3664.808829298882,1640.1726818808193,1279.3346918670388,1279.3346918670388,1713.1350994271506,674.5445163103963,High
1042864,0.88,0.23512628890672013,0.2069111342379137,6172.429547751728,1451.3004531010488,1277.1443987289229,1277.1443987289229,1710.2877183475998,596.8681060066828,High
47735,1.0,0.4129101774741773,0.4129101774741773,3091.7423137445653,1276.611867472692,1276.611867472692,1276.611867472692,1709.5954277144997,525.024922176488,High
2212095,0.76,0.32470376088702874,0.24677485827414183,5171.72527841754,1679.278648176691,1276.251772614285,1276.251772614285,1709.1273043985707,690.6274052716063,High
3088424,0.81,0.40196066732674096,0.3255881405346602,3916.9014491207786,1574.4403203416668,1275.2966594767502,1275.2966594767502,1707.8856573197752,647.5111407943971,High
5087795,0.88,0.5844532304095951,0.5143188427604437,2479.2846696558795,1449.0259342853644,1275.142822171121,1275.142822171121,1707.6856688224573,595.9326775537436,High
2101164,1.0,0.27697656900613404,0.27697656900613404,4599.919700250748,1274.0699762791767,1274.0699762791767,1274.0699762791767,1706.2909691629297,523.9795330021742,High
1172804,1.0,0.4519150512413048,0.4519150512413048,2815.9176542082214,1272.5555709928033,1272.5555709928033,1272.5555709928033,1704.3222422906442,523.3567121292992,High
4143426,0.91,0.3086323170253653,0.28085540849308244,4530.289566449521,1398.1937656891532,1272.3563267771294,1272.3563267771294,1704.0632248102684,575.0272198799697,High
3140053,1.0,0.38183103789393585,0.38183103789393585,3332.153233351377,1272.3195275121905,1272.3195275121905,1272.3195275121905,1704.0153857658477,523.2596358657953,High
149376,1.0,0.4766330683858099,0.4766330683858099,2668.620881109214,1271.9529589215283,1271.9529589215283,1271.9529589215283,1703.5388465979868,523.1088792805806,High
5093968,0.7,0.216635032736755,0.1516445229157285,8383.150490923459,1816.0840810383472,1271.258856726843,1271.258856726843,1702.636513744896,746.8905997253022,High
4152179,1.0,0.3387377181319809,0.3387377181319809,3750.946453026986,1270.5870423336087,1270.5870423336087,1270.5870423336087,1701.7631550336914,522.5471265125354,High
3088420,1.0,0.3333609810495679,0.3333609810495679,3807.1410410894787,1269.152272451662,1269.152272451662,1269.152272451662,1699.8979541871606,521.957056840771,High
1002223,0.71,0.5762154642634493,0.40911297962704896,3101.0606173928527,1786.8790833601213,1268.684149185686,1268.684149185686,1699.2893939413918,734.8796259721516,High
4180694,0.77,0.41063703792150436,0.3161905191995584,4008.9512226812253,1646.2238552536116,1267.592368545281,1267.592368545281,1697.8700791088654,677.033148062987,High
1132407,1.0,0.46776029455262214,0.46776029455262214,2709.1032794261914,1267.2109479578698,1267.2109479578698,1267.2109479578698,1697.374232345231,521.1586593268185,High
4151919,1.0,0.27607916782459596,0.27607916782459596,4583.060516809327,1265.2875335704816,1265.2875335704816,1265.2875335704816,1694.8737936416262,520.3676276007459,High
1003997,0.87,0.4959116633265338,0.43144314709408443,2932.385416608565,1454.204129464824,1265.1575926343971,1265.1575926343971,1694.7048704247163,598.0622845160325,High
3056343,1.0,0.46572264856491713,0.46572264856491713,2715.6719194806064,1264.7499189738803,1264.7499189738803,1264.7499189738803,1694.1748946660446,520.1465258947901,High
4043988,0.89,0.40147041411632756,0.35730866856353155,3529.4374817136927,1416.9647273812845,1261.0986073693432,1261.0986073693432,1689.4281895801462,582.7470468318368,High
1194810,1.0,0.4295994671952797,0.4295994671952797,2934.1091404646004,1260.4917234363925,1260.4917234363925,1260.4917234363925,1688.6392404673102,518.3952819672934,High
1036206,0.72,0.43144976999452295,0.31064383439605653,4053.23432109576,1748.7670155706721,1259.1122512108839,1259.1122512108839,1686.8459265741492,719.2054920125842,High
4142186,1.0,0.32295822106384553,0.32295822106384553,3897.0553864335357,1258.5860749898518,1258.5860749898518,1258.5860749898518,1686.1618974868074,517.6115567389502,High
4181835,0.8,0.29423426939500574,0.23538741551600462,5345.74239174361,1572.9006070085916,1258.3204856068735,1258.3204856068735,1685.8166312889357,646.8779116246947,High
4016641,0.62,0.5642073280876522,0.34980854341434436,3596.4640267213404,2029.1513590798058,1258.0738426294797,1258.0738426294797,1685.4959954183237,834.5175707118193,High
6104732,0.73,0.6457129273076347,0.47137043693457337,2665.7994155406805,1721.3411442237546,1256.5790352833408,1256.5790352833408,1683.552745868343,707.9262094550406,High
1103597,1.0,0.3288138279505208,0.3288138279505208,3817.424245718689,1255.2218791458915,1255.2218791458915,1255.2218791458915,1681.788442889659,516.2279829949128,High
2011743,0.46,0.6774183459374329,0.31161243913121917,4027.8341384378036,2728.528739770862,1255.1232202945966,1255.1232202945966,1681.6601863829758,1122.1465394102263,High
5066869,0.99,0.4099050141397515,0.405805963998354,3087.983706197583,1265.7800047522426,1253.1222047047202,1253.1222047047202,1679.0588661161362,520.5701634305201,High
1013860,0.51,0.25598766052872646,0.13055370686965048,9597.129071461395,2456.7466187956315,1252.940775585772,1252.940775585772,1678.8230082615034,1010.3722479832875,High
53884,0.84,0.33442310070039366,0.28091540458833064,4458.517696448221,1491.0313125737905,1252.4663025619839,1252.4663025619839,1678.206193330579,613.2079912405378,High
4134049,1.0,0.4944339571275362,0.4944339571275362,2531.4616264593087,1251.640589286785,1251.640589286785,1251.640589286785,1677.1327660728205,514.7551262265583,High
4168241,1.0,0.20260777997236898,0.20260777997236898,6176.135170704618,1251.3330357457307,1251.3330357457307,1251.3330357457307,1676.73294646945,514.6286404260802,High
3040839,0.87,0.21081434751040717,0.18340848233405424,6820.086512292136,1437.7720880533952,1250.861716606454,1250.861716606454,1676.1202315883902,591.3043720423567,High
3137185,1.0,0.4702739308207249,0.4702739308207249,2659.6398093028693,1250.7592676881434,1250.7592676881434,1250.7592676881434,1675.9870479945864,514.3926700912764,High
2007639,0.78,0.5094426251838096,0.39736524764337144,3146.491438578913,1602.956858588023,1250.3063496986579,1250.3063496986579,1675.3982546082552,659.2389757417377,High
2020495,0.83,0.5956776006821786,0.49441240856620816,2526.2854694184257,1504.851667061419,1249.0268836609775,1249.0268836609775,1673.7349487592708,618.8918100457659,High
3165347,0.76,0.19860951210158762,0.1509432291972066,8268.888186320912,1642.279848307778,1248.1326847139114,1248.1326847139114,1672.5724901280848,675.4111186955967,High
1183207,1.0,0.3823435038426608,0.3823435038426608,3264.063447291694,1247.9934552022605,1247.9934552022605,1247.9934552022605,1672.3914917629388,513.2551900770648,High
4176452,1.0,0.39146899197366153,0.39146899197366153,3187.3463532543606,1247.7472639794107,1247.7472639794107,1247.7472639794107,1672.071443173234,513.153940409166,High
68269,0.51,0.5864387786263643,0.2990837770994458,4170.855541200376,2445.951429408552,1247.4352289983615,1247.4352289983615,1671.66579769787,1005.9325716711345,High
2123083,0.63,0.25756609406449194,0.16226663926062992,7686.553186799308,1979.7954811428708,1247.2711531200086,1247.2711531200086,1671.4524990560112,814.2192587244087,High
4150893,0.41,0.6281106850895534,0.2575253808867169,4841.284975649945,3040.862822769249,1246.753757335392,1246.753757335392,1670.7798845360096,1250.598406259882,High
167342,0.6,0.5044905635066581,0.3026943381039949,4118.45673940731,2077.7225612413877,1246.6335367448326,1246.6335367448326,1670.6235977682825,854.4931735435457,High
5062754,0.84,0.253963608096384,0.21332943080096256,5841.419707663258,1483.5080253634858,1246.146741305328,1246.146741305328,1669.9907636969265,610.1139315793807,High
3164174,1.0,0.3534364639519576,0.3534364639519576,3524.0587751633366,1245.5308722525965,1245.5308722525965,1245.5308722525965,1669.1901339283754,512.2424175543872,High
4056763,0.54,0.599918848408911,0.32395617814081196,3843.9765084553305,2306.0739602634285,1245.2799385422513,1245.2799385422513,1668.8639201049268,948.4059582788041,High
6108883,0.73,0.3575325735205549,0.2609987786700051,4767.502765700628,1704.5375330873085,1244.3123991537352,1244.3123991537352,1667.6061188998558,701.0154836079888,High
2272127,1.0,0.1634463179653435,0.1634463179653435,7610.523256823337,1243.9120041173887,1243.9120041173887,1243.9120041173887,1667.0856053526054,511.576634838154,High
2277935,1.0,0.1634463179653435,0.1634463179653435,7610.523256823337,1243.9120041173887,1243.9120041173887,1243.9120041173887,1667.0856053526054,511.576634838154,High
3154279,0.66,0.38936041893177215,0.2569778764949696,4840.384107951938,1884.6539840628589,1243.8716294814867,1243.8716294814867,1667.0331183259327,775.0909548343022,High
76774,0.68,0.4266665203961396,0.29013323386937495,4282.488680657458,1827.1945440119723,1242.4922899281412,1242.4922899281412,1665.2399769065837,751.4599368172567,High
4132231,1.0,0.28086292065033824,0.28086292065033824,4420.943623662557,1241.6791381723556,1241.6791381723556,1241.6791381723556,1664.1828796240623,510.6583367250851,High
2068415,0.74,0.48884284482300705,0.3617437051690252,3431.554596524607,1677.490911130555,1241.3432742366106,1241.3432742366106,1663.746256507594,689.8921727961496,High
6103360,0.66,0.2622490415116402,0.17308436739768254,7144.139701638061,1873.5437891798365,1236.5389008586922,1236.5389008586922,1657.5005711162999,770.5217279984494,High
41213,0.67,0.48046756768009324,0.32191327034566247,3840.9802173469534,1845.4664225360466,1236.4625030991513,1236.4625030991513,1657.4012540288968,758.9745086652468,High
3027677,0.36,0.3829645196116973,0.137867227060211,8961.413520344171,3431.903423860375,1235.4852325897348,1235.4852325897348,1656.1308023666552,1411.4194564058125,High
1712,0.75,0.5939486103047301,0.4454614577285476,2771.8286411147324,1646.3237693929439,1234.7428270447078,1234.7428270447078,1655.1656751581202,677.0742391843872,High
6103198,0.66,0.5403806891557337,0.35665125484278426,3460.354621319353,1869.9088149917798,1234.139817894575,1234.139817894575,1654.3817632629475,769.026792780609,High
1076293,0.74,0.466811634429017,0.34544060947747257,3569.432719310811,1666.2527216858905,1233.0270140475589,1233.0270140475589,1652.9351182618266,685.2703063628769,High
4153629,1.0,0.34601155755268675,0.34601155755268675,3562.9193205021093,1232.8112635214952,1232.8112635214952,1232.8112635214952,1652.6546425779438,507.01129621334684,High
1113337,1.0,0.37779225611142087,0.37779225611142087,3261.004221354738,1231.9821419744737,1231.9821419744737,1231.9821419744737,1651.5767845668158,506.6703080972316,High
4153851,0.86,0.3582384330426195,0.30808505241665274,3996.1168333769556,1431.5626326441952,1231.1438640740078,1231.1438640740078,1650.48702329621,588.7506445343807,High
174286,0.91,0.3535964227098277,0.32177274466594324,3825.2854359662333,1352.607246001664,1230.8725938615141,1230.8725938615141,1650.1343720199684,556.2791104811411,High
54547,1.0,0.2740289397582477,0.2740289397582477,4491.360103061641,1230.7626471144756,1230.7626471144756,1230.7626471144756,1649.9914412488183,506.16877336276866,High
52020,0.86,0.3335053414500005,0.2868145936470004,4287.648979861311,1429.953837046393,1229.7602998598977,1229.7602998598977,1648.6883898178671,588.089004293478,High
1149377,1.0,0.4616099455354905,0.4616099455354905,2663.1506488276846,1229.3368259581537,1229.3368259581537,1229.3368259581537,1648.1378737455998,505.5823839826374,High
4141838,1.0,0.33979284582094843,0.33979284582094843,3615.394683372839,1228.4852482291838,1228.4852482291838,1228.4852482291838,1647.030822697939,505.23216043993705,High
3042638,0.95,0.3294908220880501,0.3130162809836476,3924.1038716241164,1292.9562106203302,1228.3084000893139,1228.3084000893139,1646.800920116108,531.7467674826129,High
2095726,0.86,0.3573839984303704,0.3073502386501185,3995.6436156456266,1427.979091662216,1228.0620188295056,1228.0620188295056,1646.4806244783574,587.27686195949,High
1055222,0.77,0.3464330831905326,0.2667534740567101,4602.198471807697,1594.353806043098,1227.6524306531855,1227.6524306531855,1645.9481598491413,655.700847115516,High
79092,0.33,0.8791297527467056,0.29011281840641284,4229.790433295671,3718.5346177936044,1227.1164238718893,1227.1164238718893,1645.251351033456,1529.3006418487064,High
3023918,0.87,0.22216318981334884,0.1932819751376135,6346.494802932715,1409.9575295533728,1226.6630507114344,1226.6630507114344,1644.6619659248647,579.8652363238726,High
2255028,1.0,0.33346074369962475,0.33346074369962475,3677.3675678876366,1226.2577240446917,1226.2577240446917,1226.2577240446917,1644.1350412580994,504.316059202429,High
4137487,0.92,0.35290636380040136,0.3246738546963693,3774.302178997905,1331.9752578740822,1225.4172372441558,1225.4172372441558,1643.0424084174026,547.7939097423491,High
4045791,0.94,0.4260737512790495,0.4005093262023065,3055.7355866075345,1301.968724302759,1223.8506008445934,1223.8506008445934,1641.0057810979715,535.4532928685152,High
1115373,1.0,0.2931955744172151,0.2931955744172151,4173.679487594578,1223.7043547986402,1223.7043547986402,1223.7043547986402,1640.8156612382325,503.2659495145487,High
1010807,0.95,0.3250315626974169,0.308779984562546,3959.2416393524777,1286.8784971354185,1222.5345722786474,1222.5345722786474,1639.2949439622416,529.2472207286382,High
4118002,1.0,0.4510434141021008,0.4510434141021008,2710.105240337406,1222.375120177778,1222.375120177778,1222.375120177778,1639.0876562311114,502.7192827310462,High
2267367,0.91,0.39717417571728775,0.36142849990273185,3380.0623842425416,1342.473491334542,1221.6508771144331,1221.6508771144331,1638.146140248763,552.1114586748059,High
1114627,1.0,0.37792394157886466,0.37792394157886466,3232.1337203328967,1221.5007152981682,1221.5007152981682,1221.5007152981682,1637.9509298876187,502.35967119557085,High
6063506,0.74,0.5049307855236465,0.37364878128749834,3268.1644585256686,1650.1968472638284,1221.145666975233,1221.145666975233,1637.4893670678032,678.6670979534117,High
5077314,0.58,0.4394784211220302,0.2548974842507775,4786.45735669007,2103.544721886078,1220.0559386939253,1220.0559386939253,1636.0727203021029,865.1129070963495,High
4024147,0.28,0.9148989007608792,0.2561716922130462,4762.411389599336,4357.124945315523,1219.9949846883467,1219.9949846883467,1635.9934800948508,1791.9300639561468,High
2022417,0.71,0.5202540685644284,0.36938038868074413,3299.655540170024,1716.6592196346114,1218.8280459405742,1218.8280459405742,1634.4764597227465,706.0007008837335,High
4178206,1.0,0.35827648428128606,0.35827648428128606,3401.3444933670303,1218.6217469130518,1218.6217469130518,1218.6217469130518,1634.2082709869674,501.1756541964678,High
2016782,0.46,0.27062408202055216,0.124487077729454,9781.838735658353,2647.2011283106203,1217.7125190228855,1217.7125190228855,1633.0262747297513,1088.6993939107533,High
2068132,0.61,0.46022472119643537,0.28073707992982555,4336.159637149923,1995.6078600705596,1217.3207946430412,1217.3207946430412,1632.5170330359535,820.7223261229361,High
98920,0.82,0.3708346157606052,0.30408438492369627,4001.911260478853,1484.0472245877147,1216.918724161926,1216.918724161926,1631.994341410504,610.3356849861533,High
1001890,0.71,0.5845326268229721,0.4150181650443102,2930.4664127578476,1712.9532300658368,1216.196793346744,1216.196793346744,1631.0558313507672,704.476559573043,High
4152508,1.0,0.2511024737439745,0.2511024737439745,4839.193953884543,1215.1335727472936,1215.1335727472936,1215.1335727472936,1629.6736445714816,499.7410925911924,High
177671,0.85,0.3595989533288235,0.3056591103295,3973.1418444564033,1428.737648693474,1214.427001389453,1214.427001389453,1628.7551018062888,587.5888294074281,High
1037255,1.0,0.5687064288959699,0.5687064288959699,2135.3185374250706,1214.3693799743774,1214.3693799743774,1214.3693799743774,1628.6801939666907,499.426807363747,High
4146458,0.8,0.2935153868719226,0.23481230949753806,5156.042155210502,1513.3777079145518,1210.7021663316416,1210.7021663316416,1623.9128162311342,622.3982665102914,High
1027663,1.0,0.2469186420103475,0.2469186420103475,4902.8075106703,1210.5945725728427,1210.5945725728427,1210.5945725728427,1623.7729443446956,497.87436373329143,High
1091751,0.83,0.4148224235609863,0.34430261155561864,3512.61287232749,1457.1105847304068,1209.4017853262376,1209.4017853262376,1622.222320924109,599.2576058885676,High
2068537,0.94,0.3903898888933612,0.36696649555975946,3295.092373581031,1286.3707456156606,1209.1885008787208,1209.1885008787208,1621.945051142337,529.0384006409215,High
1114265,1.0,0.23334735336609452,0.23334735336609452,5181.549317037974,1209.1008194667058,1209.1008194667058,1209.1008194667058,1621.8310653067176,497.2600363654494,High
2089954,1.0,0.4161623084812683,0.4161623084812683,2905.350109999661,1209.0972087237658,1209.0972087237658,1209.0972087237658,1621.8263713408955,497.2585513956795,High
4143868,1.0,0.4554512432972824,0.4554512432972824,2654.187986735985,1208.8532185036152,1208.8532185036152,1208.8532185036152,1621.5091840546997,497.1582069216774,High
1180129,1.0,0.17179983272120908,0.17179983272120908,7028.974817044789,1207.5766977698859,1207.5766977698859,1207.5766977698859,1619.8497071008517,496.6332194795587,High
1101745,1.0,0.42432310305824616,0.42432310305824616,2844.782174877623,1207.1067999688594,1207.1067999688594,1207.1067999688594,1619.2388399595172,496.4399672760497,High
41860,1.0,0.34460695658752505,0.34460695658752505,3502.771622509291,1207.0794684540738,1207.0794684540738,1207.0794684540738,1619.203308990296,496.42872679897994,High
5007140,0.78,0.5245294340473409,0.4091329585569259,2950.2035918464962,1547.4686203556748,1207.0255238774264,1207.0255238774264,1619.1331810406543,636.418642716538,High
1093978,1.0,0.346481478283956,0.346481478283956,3482.5666629815123,1206.644845612258,1206.644845612258,1206.644845612258,1618.6382992959354,496.2499819278766,High
1196848,0.49,0.9313110777893558,0.4563424281167844,2643.884691285854,2462.279101392207,1206.5167596821814,1206.5167596821814,1618.471787586836,1012.6475607222018,High
3164813,1.0,0.26262540077986285,0.26262540077986285,4592.7731274382595,1206.178883284457,1206.178883284457,1206.178883284457,1618.0325482697942,496.05834824412017,High
4077560,0.95,0.41027568397914843,0.389761899780191,3093.161037571638,1269.0487603473564,1205.5963223299884,1205.5963223299884,1617.275219028985,521.9144860047228,High
4154744,0.99,0.3128507674872985,0.3097222598124255,3892.1226310398815,1217.6535522755105,1205.4770167527554,1205.4770167527554,1617.120121778582,500.7774702791953,High
4169453,0.91,0.26987061480772145,0.24558225947502654,4905.108550800102,1323.7446603030353,1204.6076408757622,1204.6076408757622,1615.9899331384909,544.4089585607815,High
24992,1.0,0.25937550878201115,0.25937550878201115,4640.763233886665,1203.7003249262052,1203.7003249262052,1203.7003249262052,1614.810422404067,495.0390056057604,High
2023152,0.84,0.4045461780756898,0.3398187895835794,3541.593216843956,1432.73800017301,1203.4999201453284,1203.4999201453284,1614.5498961889268,589.2340312716249,High
4041941,0.46,0.34142966834435606,0.1570576474384038,7645.0580056325025,2610.2496193364696,1200.714824894776,1200.714824894776,1610.9292723632088,1073.5025563928127,High
4181765,0.92,0.39523180580696743,0.36361326134241007,3302.1031469417085,1305.0961897266413,1200.68849454851,1200.68849454851,1610.8950429130632,536.7395078353509,High
4056554,0.48,0.7835993000019694,0.3761276640009453,3191.9066299420483,2501.1758008942343,1200.5643844292324,1200.5643844292324,1610.733699758002,1028.644385716006,High
4159360,1.0,0.3074884332278634,0.3074884332278634,3901.590851427771,1199.694058001691,1199.694058001691,1199.694058001691,1609.6022754021983,493.3913709300579,High
79076,1.0,0.31276410320950304,0.31276410320950304,3835.079485512211,1199.475196023389,1199.475196023389,1199.475196023389,1609.3177548304056,493.301360805561,High
5054949,0.61,0.5965803910268355,0.3639140385263696,3295.8450343672716,1966.2365193666808,1199.4042768136753,1199.4042768136753,1609.225559857778,808.6429414170731,High
2058813,0.56,0.5642318053723718,0.3159698110085283,3795.435711922494,2141.5055439128023,1199.2431045911694,1199.2431045911694,1609.0160359685203,880.7248390689016,High
3020182,0.87,0.5167260210216664,0.4495516382888498,2667.2788517127865,1378.2523880007875,1199.0795775606853,1199.0795775606853,1608.8034508288908,566.8260425795792,High
3141927,0.9,0.37114425670214196,0.3340298310319278,3588.8429937487963,1331.9784653355869,1198.7806188020284,1198.7806188020284,1608.414804442637,547.7952288568504,High
3117713,1.0,0.40820067199498555,0.40820067199498555,2935.037235735785,1198.0841719576522,1198.0841719576522,1198.0841719576522,1607.5094235449478,492.7292822275161,High
2063402,0.92,0.293217725789979,0.2697603077267807,4438.311008189905,1301.3914601700728,1197.280143356467,1197.280143356467,1606.4641863634072,535.215884722734,High
6056765,0.29,0.9207434783861627,0.26701560873198715,4482.080554788865,4126.846440423281,1196.7854677227515,1196.7854677227515,1605.821108039577,1697.2247293196165,High
82132,0.65,0.3133831119457885,0.20369902276476254,5872.78065987204,1840.430278965741,1196.2796813277319,1196.2796813277319,1605.1635857260515,756.9033224625807,High
153633,0.45,0.34091744637494087,0.1534128508687234,7785.615734502683,2654.2522346632145,1194.4135055984464,1194.4135055984464,1602.7375572779804,1091.5992624286278,High
173967,1.0,0.46882868716908666,0.46882868716908666,2544.056015788056,1192.7264419665314,1192.7264419665314,1192.7264419665314,1600.544374556491,490.52583900150285,High
2070565,0.99,0.3108827968254492,0.3077739688571947,3874.8334410498637,1204.619057386361,1192.5728668124973,1192.5728668124973,1600.3447268562466,495.4168474938741,High
2114660,1.0,0.3658845227796096,0.3658845227796096,3254.3197010138656,1190.70521077774,1190.70521077774,1190.70521077774,1597.916774011062,489.69457871430467,High
176120,0.42,0.5704071136193305,0.2395709877201188,4967.045926185179,2833.2383299699422,1189.9600985873758,1189.9600985873758,1596.9481281635885,1165.209858690062,High
156832,0.33,0.968504181451596,0.3196063798790267,3720.0058656594324,3602.8412359156246,1188.9376078521561,1188.9376078521561,1595.6188902078031,1481.7200808618563,High
4156712,0.96,0.4286433542225328,0.4114976200536315,2888.921408275381,1238.3169625284424,1188.7842840273047,1188.7842840273047,1595.419569235496,509.27559381726314,High
2192418,1.0,0.447060340439489,0.447060340439489,2657.691629619329,1188.1485247207975,1188.1485247207975,1188.1485247207975,1594.5930821370368,488.6431049404212,High
1012705,0.76,0.21155141314141737,0.1607790739874772,7389.276573383965,1563.2119011921482,1188.0410449060325,1188.0410449060325,1594.4533583778423,642.8932925349949,High
1094671,1.0,0.36741154396534653,0.36741154396534653,3232.8062065820714,1187.770319701074,1187.770319701074,1187.770319701074,1594.1014156113963,488.4875627070247,High
2091239,1.0,0.38113991506510836,0.38113991506510836,3114.475529438684,1187.0509387626184,1187.0509387626184,1187.0509387626184,1593.166220391404,488.19170698857874,High
1031967,0.59,0.5015782642567327,0.2959311759114723,4010.6749509321344,2011.6673803864965,1186.883754428033,1186.883754428033,1592.9488807564428,827.3270339584967,High
2070828,0.77,0.3355137678651983,0.2583456012562027,4592.764724652112,1540.9357976864,1186.520564218528,1186.520564218528,1592.4767334840865,633.731925789553,High
25144,1.0,0.2686385412934739,0.2686385412934739,4415.602239019038,1186.2009444222717,1186.2009444222717,1186.2009444222717,1592.0612277489533,487.8421346371369,High
6102715,0.64,0.5414675911893062,0.34653925836115596,3419.834410445756,1851.7295004903647,1185.1068803138332,1185.1068803138332,1590.6389444079832,761.5502892132225,High
2020557,0.95,0.16980297765224464,0.1613128287696324,7341.978587575018,1246.6898260292594,1184.3553347277964,1184.3553347277964,1589.6619351461354,512.7190539008777,High
3042658,0.89,0.41069402897099544,0.3655176857841859,3239.300527449001,1330.361384665901,1184.0216323526517,1184.0216323526517,1589.2281220584473,547.1301812614244,High
4127924,1.0,0.28108337494130536,0.28108337494130536,4210.189213200506,1183.4141931878773,1183.4141931878773,1183.4141931878773,1588.4384511442406,486.6960432625834,High
3135642,0.78,0.3264825978350502,0.25465642631133917,4646.182774639805,1516.897822280865,1183.1803013790748,1183.1803013790748,1588.1343917927973,623.8459639806938,High
4085160,0.71,0.18673966500676425,0.13258516215480262,8923.384645543427,1666.3498594352834,1183.1084001990512,1183.1084001990512,1588.0409202587666,685.3102556541335,High
1053886,0.98,0.2831787527915695,0.27751517773573814,4262.090347458056,1206.9334288781595,1182.7947603005964,1182.7947603005964,1587.6331883907753,496.36866593088627,High
2132565,0.82,0.3784989318393884,0.3103691241082984,3810.814922544473,1442.3893776206846,1182.7592896489612,1182.7592896489612,1587.5870765436496,593.2032985348166,High
2014813,0.63,0.5253629326915442,0.33097864759567286,3569.8720143444807,1875.4784307894868,1181.5514113973768,1181.5514113973768,1586.0168348165898,771.3173770805442,High
2220332,0.53,0.8536167463826358,0.45241687558279703,2609.9643297685407,2227.9092593517585,1180.791907456432,1180.791907456432,1585.0294796933617,916.2596050615637,High
3167674,0.95,0.3174956623877023,0.3016208792683172,3909.6048960835574,1241.2825961562532,1179.2184663484404,1179.2184663484404,1582.9840062529727,510.4952531391899,High
70557,0.5,0.4993267820702221,0.24966339103511104,4722.905355891611,2358.273133379575,1179.1365666897875,1179.1365666897875,1582.8775366967238,969.8736161482528,High
3108038,0.91,0.5105253393673181,0.4645780588242595,2536.6613635130902,1295.0299034674845,1178.4772121554108,1178.4772121554108,1582.020375802034,532.5996033784991,High
3011599,0.87,0.39727014535911537,0.3456250264624304,3409.291018286699,1354.4095384062834,1178.3362984134665,1178.3362984134665,1581.8371879375065,557.0203290563278,High
4007317,0.78,0.22201657650301393,0.17317292967235087,6802.866608993254,1510.3491549353498,1178.0723408495728,1178.0723408495728,1581.4940431044447,621.1527307035777,High
4041775,0.89,0.4188760670182201,0.3727996996462159,3156.842387663226,1322.3257235407793,1176.8698939512938,1176.8698939512938,1579.930862136682,543.8254004863516,High
83882,1.0,0.2842907595288761,0.2842907595288761,4139.076088252177,1176.701084877021,1176.701084877021,1176.701084877021,1579.7114103401273,483.93518128231113,High
1075560,1.0,0.3633573541458566,0.3633573541458566,3237.6251869565144,1176.4149216485034,1176.4149216485034,1176.4149216485034,1579.3393981430545,483.81749255435057,High
2271687,0.5,0.8788660209727912,0.4394330104863956,2676.6684421780487,2352.4329432404616,1176.2164716202308,1176.2164716202308,1579.0814131063,967.4717542735436,High
2025211,0.71,0.21574969968286326,0.1531822867748329,7672.343341817594,1655.3057718609614,1175.2670980212824,1175.2670980212824,1577.8472274276671,680.7682163961891,High
3003434,0.36,1.0144022940926152,0.36518482587334145,3218.122873387213,3264.4712254359074,1175.2096411569266,1175.2096411569266,1577.7725335040047,1342.560565784913,High
38198,0.62,0.4697741380297254,0.29125996557842976,4034.2499035533538,1895.1862710382795,1175.0154880437333,1175.0154880437333,1577.5201344568534,779.4225087627158,High
1185034,0.93,0.23404059123429716,0.21765774984789638,5398.148636485243,1263.3858984536212,1174.9488855618679,1174.9488855618679,1577.4335512304283,519.5855529117379,High
2138225,0.92,0.22508360000934463,0.20707691200859707,5672.938901431398,1276.8855105672358,1174.734669721857,1174.734669721857,1577.1550706384141,525.1374618199596,High
148298,1.0,0.38884069308406033,0.38884069308406033,3020.31181193142,1174.4201382813874,1174.4201382813874,1174.4201382813874,1576.7461797658036,482.99710931276877,High
2082829,1.0,0.2865995069996967,0.2865995069996967,4097.156969028697,1174.2431674239963,1174.2431674239963,1174.2431674239963,1576.5161176511951,482.9243275119751,High
2059811,1.0,0.550781221616489,0.550781221616489,2130.941486912779,1173.682555355078,1173.682555355078,1173.682555355078,1575.7873219616015,482.6937677660143,High
5066894,0.9,0.40839760692481797,0.36755784623233617,3192.2138491190217,1303.6924967724703,1173.3232470952235,1173.3232470952235,1575.3202212237904,536.1622189954137,High
2209432,0.67,0.5709862542942166,0.38256079037712515,3065.9321916157623,1750.6051380107424,1172.9054424671976,1172.9054424671976,1574.777075207357,719.9614462032335,High
4158996,1.0,0.2766590316006356,0.2766590316006356,4237.477462493858,1172.3364112030695,1172.3364112030695,1172.3364112030695,1574.0373345639903,482.14014669554297,High
2023466,0.88,0.44278666284783424,0.38965226330609415,3008.5671379288256,1332.1534029571644,1172.2949946023048,1172.2949946023048,1573.9834929829963,547.867174460283,High
1095803,0.49,0.5247940975373819,0.2571491077933171,4555.69670523775,2390.8027410792697,1171.4933431288418,1171.4933431288418,1572.9413460674944,983.2518834087435,High
5092570,0.75,0.4566148428413915,0.3424611321310436,3419.6273251260454,1561.4525936385571,1171.0894452289178,1171.0894452289178,1572.4162787975933,642.1697520956933,High
2053961,1.0,0.2391359484899036,0.2391359484899036,4892.757564608334,1170.034220943765,1170.034220943765,1170.034220943765,1571.0444872268945,481.1933379649304,High
2116116,1.0,0.2259924168563639,0.2259924168563639,5170.927996286475,1168.5905152710154,1168.5905152710154,1168.5905152710154,1569.1676698523202,480.5995933211635,High
3089955,1.0,0.40304517939251205,0.40304517939251205,2899.3946218771744,1168.5870255041705,1168.5870255041705,1168.5870255041705,1569.1631331554217,480.5981581045461,High
1040635,0.56,0.4696237854358147,0.26298931984405627,4440.07569288469,2085.165154514056,1167.6924865278716,1167.6924865278716,1568.000232486233,857.5540466666429,High
2051426,0.9,0.2747830288408496,0.24730472595676464,4719.473440541559,1296.831206525955,1167.1480858733594,1167.1480858733594,1567.2925116353672,533.3404150709064,High
2103561,1.0,0.4109487517421247,0.4109487517421247,2838.950841023836,1166.6633043760005,1166.6633043760005,1166.6633043760005,1566.6622956888007,479.80700022693196,High
2097058,1.0,0.3355606375809631,0.3355606375809631,3475.427976209898,1166.2168275637098,1166.2168275637098,1166.2168275637098,1566.0818758328228,479.62338024062353,High
3162149,0.66,0.3258544558690667,0.21506394087358402,5417.921867514787,1765.4539820801485,1165.199628172898,1165.199628172898,1564.7595166247675,726.0682460854754,High
3153687,0.88,0.2489370649184154,0.21906461712820557,5314.529913811277,1322.9834781652985,1164.2254607854627,1164.2254607854627,1563.4930990211017,544.0959115001909,High
171539,1.0,0.3120858317044426,0.3120858317044426,3730.06233094464,1164.0996048622699,1164.0996048622699,1164.0996048622699,1563.329486320951,478.7526420684535,High
4002583,0.71,0.5836480284621877,0.4143901002081532,2808.0741137618506,1638.926920272809,1163.6381133936943,1163.6381133936943,1562.7295474118027,674.0321789994555,High
1024993,1.0,0.25120018400651295,0.25120018400651295,4631.250435334927,1163.3709615363769,1163.3709615363769,1163.3709615363769,1562.38224999729,478.4529770604595,High
5047918,0.84,0.42070823201048835,0.3533949148888102,3289.732847255373,1384.017689955638,1162.5748595627358,1162.5748595627358,1561.3473174315566,569.1971056154898,High
1116016,1.0,0.2399179222669466,0.2399179222669466,4839.452313262611,1161.071343907934,1161.071343907934,1161.071343907934,1559.3927470803144,477.5072263611502,High
42650,1.0,0.26204283696957276,0.26204283696957276,4429.403293522035,1160.6934051168832,1160.6934051168832,1160.6934051168832,1558.9014266519482,477.35179361811004,High
24689,1.0,0.29597248667026493,0.29597248667026493,3921.219362874739,1160.5730456096285,1160.5730456096285,1160.5730456096285,1558.744959292517,477.30229404620434,High
4117150,1.0,0.30003007520668695,0.30003007520668695,3864.931821433738,1159.5957850534821,1159.5957850534821,1159.5957850534821,1557.474520569527,476.9003816400063,High
71961,1.0,0.3158722672115621,0.3158722672115621,3671.0224060677815,1159.5741703890737,1159.5741703890737,1159.5741703890737,1557.446421505796,476.89149229956695,High
1197410,0.35,0.6375311107661148,0.22313588876814017,5196.1670116999685,3312.7181266953244,1159.4513443433634,1159.4513443433634,1557.2867476463725,1362.4027952239433,High
1083388,0.67,0.3696562804197839,0.24766970788125522,4680.167868721729,1730.0534460918618,1159.1358088815475,1159.1358088815475,1556.8765515460118,711.5092684307781,High
3131279,1.0,0.37951924975370804,0.37951924975370804,3052.2469843963822,1158.3864855811328,1158.3864855811328,1158.3864855811328,1555.9024312554727,476.4030399047965,High
4141721,1.0,0.4186183097106134,0.4186183097106134,2766.514165659916,1158.1134838190221,1158.1134838190221,1158.1134838190221,1555.5475289647288,476.2907640184772,High
4148909,0.56,0.4915379773079078,0.2752612672924284,4206.377517881753,2067.594296933055,1157.8528062825108,1157.8528062825108,1555.208648167264,850.3277797259301,High
4150242,0.41,0.5795996913218882,0.23763587344197412,4869.042061197766,2822.095275703515,1157.059063038441,1157.059063038441,1554.1767819499735,1160.6271179619648,High
2060159,1.0,0.32716692693586297,0.32716692693586297,3536.0623952148694,1156.8826672959158,1156.8826672959158,1156.8826672959158,1553.9474674846906,475.78457308784084,High
76057,1.0,0.3618669566549774,0.3618669566549774,3194.3611107579873,1155.9337336070062,1155.9337336070062,1155.9337336070062,1552.713853689108,475.3943105116698,High
1009886,0.34,0.32273171446184706,0.109728782917028,10529.203399981387,3398.107865193502,1155.3566741657908,1155.3566741657908,1551.963676415528,1397.520548671144,High
4142774,1.0,0.3053108681724251,0.3053108681724251,3783.513319092321,1155.1477361940101,1155.1477361940101,1155.1477361940101,1551.6920570522132,475.07105781356813,High
2013211,0.71,0.43840901965799567,0.3112704039571769,3709.594579693251,1626.3197230119326,1154.687003338472,1154.687003338472,1551.0931043400137,668.8472884862103,High
1089429,0.96,0.24845656976573494,0.23851830697510554,4838.981150018447,1202.2766576946344,1154.1855913868492,1154.1855913868492,1550.441268802904,494.45350205804516,High
6044713,0.51,0.5602096284698144,0.28570691051960534,4036.738990592346,2261.4200501493515,1153.3242255761693,1153.3242255761693,1549.32149324902,930.0413979297514,High
3153125,1.0,0.3246160222419164,0.3246160222419164,3552.868581186768,1153.3180663731298,1153.3180663731298,1153.3180663731298,1549.3134862850688,474.31857988367227,High
1173968,1.0,0.45405155265983344,0.45405155265983344,2538.841120917789,1152.764752909354,1152.764752909354,1152.764752909354,1548.5941787821603,474.09102179365294,High
4185337,1.0,0.3543460169103463,0.3543460169103463,3252.7740138463846,1152.607515715946,1152.607515715946,1152.607515715946,1548.3897704307299,474.0263557449221,High
3162134,1.0,0.2511861648825013,0.2511861648825013,4585.9168126573995,1151.9188566415962,1151.9188566415962,1151.9188566415962,1547.4945136340752,473.7431348332817,High
3131375,0.57,0.4556208361974141,0.25970387663252603,4433.938423218114,2020.1947320344807,1151.510997259654,1151.510997259654,1546.9642964375503,830.8340295061863,High
5078557,0.96,0.3905027263666046,0.3748826173119404,3071.0474229755596,1199.2523914730912,1151.2822958141674,1151.2822958141674,1546.6669845584177,493.2097292418405,High
1083781,1.0,0.33994707195190815,0.33994707195190815,3386.353943062941,1151.1811075370456,1151.1811075370456,1151.1811075370456,1546.5354397981594,473.43972494334446,High
42407,1.0,0.2763387084916219,0.2763387084916219,4165.832491684433,1151.1807705445115,1151.1807705445115,1151.1807705445115,1546.535001707865,473.4395863503363,High
3114661,1.0,0.35435211242175496,0.35435211242175496,3247.6488828362335,1150.811242037172,1150.811242037172,1150.811242037172,1546.0546146483236,473.28761245697746,High
3160589,1.0,0.32067811216952513,0.32067811216952513,3586.9359035484704,1150.2518340230133,1150.2518340230133,1150.2518340230133,1545.3273842299175,473.0575478957887,High
4021830,0.78,0.20019141392907716,0.15614930286468018,7360.307089625405,1473.4702832243206,1149.30682091497,1149.30682091497,1544.098867189461,605.9857663008644,High
1009834,0.87,0.39232930054599435,0.3413264914750151,3365.8727688705994,1320.5305091378116,1148.8615429498961,1148.8615429498961,1543.520005834865,543.0870928407597,High
3192419,1.0,0.43296932816735767,0.43296932816735767,2652.243800499201,1148.3402164381785,1148.3402164381785,1148.3402164381785,1542.842281369632,472.2713677737943,High
54236,0.72,0.3698937190544344,0.2663234777191928,4311.453192237831,1594.7794558059647,1148.2412081802945,1148.2412081802945,1542.713570634383,655.8759016793326,High
2142675,1.0,0.2740851645508334,0.2740851645508334,4186.097896333089,1147.3473307423524,1147.3473307423524,1147.3473307423524,1541.551529965058,471.86302930502126,High
5056332,0.55,0.5489299932754031,0.30191149630147174,3798.8583688738086,2085.3072988801086,1146.91901438406,1146.91901438406,1540.9947186992779,857.612505573869,High
1685,0.7,0.4035946964668247,0.28251628752677727,4057.564315315273,1637.6114382342869,1146.3280067640007,1146.3280067640007,1540.226408793201,673.4911681624915,High
2016096,0.54,0.5551985117133696,0.2998071963252196,3823.337125997871,2122.71108213249,1146.2639843515447,1146.2639843515447,1540.1431796570082,872.9953473690538,High
3030120,0.57,0.2834411770373147,0.16156147091126935,7093.864479028709,2010.6932976790945,1146.0951796770837,1146.0951796770837,1539.9237335802088,826.9264284881281,High
173080,0.77,0.47604972663796247,0.3665582895112311,3126.2739870342493,1488.2618769230273,1145.9616452307312,1145.9616452307312,1539.7501387999505,612.0690211478556,High
48030,1.0,0.36564901158230106,0.36564901158230106,3133.647081457287,1145.8149579826195,1145.8149579826195,1145.8149579826195,1539.5594453774054,471.2328190512839,High
142095,0.86,0.360056619456525,0.3096486927326115,3700.26015625196,1332.3031629697537,1145.780720153988,1145.780720153988,1539.5149362001846,547.9287654112667,High
54504,1.0,0.25684388727635044,0.25684388727635044,4460.874853593412,1145.7484380502526,1145.7484380502526,1145.7484380502526,1539.4729694653286,471.20546177598044,High
3041878,0.95,0.3438752355476152,0.3266814737702344,3505.747814723749,1205.5398555586664,1145.2628627807328,1145.2628627807328,1538.8417216149528,495.7955389357076,High
1064969,1.0,0.3535314172763919,0.3535314172763919,3237.7948585763106,1144.662205202698,1144.662205202698,1144.662205202698,1538.0608667635074,470.7587329535531,High
4173604,0.88,0.545844689134939,0.48034332643874633,2381.4169059113783,1299.8837707078847,1143.8977182229385,1143.8977182229385,1537.0670336898202,534.5958258287817,High
3104352,1.0,0.31419105898159333,0.31419105898159333,3637.210246928254,1142.7789392210907,1142.7789392210907,1142.7789392210907,1535.612620987418,469.9842128346163,High
1103936,0.78,0.31932340378107715,0.24907225494924018,4579.905079921132,1462.470879114662,1140.7272857094363,1140.7272857094363,1532.9454714222672,601.4621037580008,High
1030460,0.52,0.5422120880779829,0.28195028580055115,4044.7238928521906,2193.098187642294,1140.411057573993,1140.411057573993,1532.534374846191,901.9430530375533,High
160681,1.0,0.3882393531522822,0.3882393531522822,2935.1009410803485,1139.5216908016891,1139.5216908016891,1139.5216908016891,1531.378198042196,468.64462275130353,High
1120612,0.95,0.32858974137929303,0.31216025431032834,3649.6259627867867,1199.2296512432636,1139.2681686811002,1139.2681686811002,1531.0486192854303,493.20037699649504,High
4171910,0.88,0.4036227024532254,0.35518797815883835,3204.856031321327,1293.5526523354329,1138.326334055181,1138.326334055181,1529.8242342717353,531.9920626839449,High
138709,1.0,0.37309298530673307,0.37309298530673307,3050.7341341877664,1138.2075055012654,1138.2075055012654,1138.2075055012654,1529.669757151645,468.1041452164625,High
65535,0.94,0.3239471520168348,0.30451032289582475,3737.5603280555088,1210.772023764689,1138.1257023388077,1138.1257023388077,1529.56341304045,497.94734307851223,High
2060383,0.74,0.27110251412425,0.20061586045194502,5672.064603820454,1537.7109743708932,1137.906121034461,1137.906121034461,1529.2779573447992,632.4056709948135,High
168434,1.0,0.30267386416697234,0.30267386416697234,3758.8119418290917,1137.694135110372,1137.694135110372,1137.694135110372,1529.0023756434834,467.89301428748234,High
128236,1.0,0.45866507031756826,0.45866507031756826,2479.3756271615703,1137.2029963757266,1137.2029963757266,1137.2029963757266,1528.3638952884446,467.69102644567613,High
3025210,0.8,0.19105428938978786,0.1528434315118303,7440.219568605453,1421.4858625839088,1137.188690067127,1137.188690067127,1528.3452970872652,584.6064284640994,High
4075272,0.32,0.9078140771404213,0.2905005046849348,3914.3842449629105,3553.5331209140095,1137.130598692483,1137.130598692483,1528.2697783002282,1461.4414120659578,High
3042965,0.96,0.3374866611478137,0.3239871947019012,3509.309126969429,1184.3450201964617,1136.9712193886032,1136.9712193886032,1528.0625852051842,487.0788592070327,High
4030727,0.48,0.2843526048226193,0.13648925031485726,8327.320227452054,2367.895197868078,1136.5896949766775,1136.5896949766775,1527.5666034696808,973.8308280369802,High
1047205,0.76,0.3221351336174562,0.24482270154926672,4640.394547197593,1494.834117499212,1136.073929299401,1136.073929299401,1526.8961080892213,614.7719492538487,High
4160004,0.62,0.4430199966593958,0.27467239792882536,4134.41909983387,1831.6303357969432,1135.6108081941047,1135.6108081941047,1526.2940506523362,753.2842197461832,High
2016832,0.53,0.2405401916408527,0.12748630156965193,8904.428171189133,2141.8728587500414,1135.192615137522,1135.192615137522,1525.7503996787784,880.8759025587135,High
166821,0.45,0.49287663550792055,0.22179448597856424,5118.124135644183,2522.603804088189,1135.171711839685,1135.171711839685,1525.7232253915906,1037.4569590563867,High
1148299,1.0,0.3765847211658956,0.3765847211658956,3014.1206712973717,1135.0717925608828,1135.0717925608828,1135.0717925608828,1525.5933303291476,466.8145383402932,High
1001463,0.9,0.4545916255575569,0.4091324630018012,2773.671555914869,1260.8878613660982,1134.7990752294886,1134.7990752294886,1525.2387977983353,518.5581993668682,High
2124639,0.86,0.3491669874485354,0.30028360920574043,3778.1526316216805,1319.2061725040983,1134.5173083535244,1134.5173083535244,1524.8725008595818,542.542440424652,High
3209434,0.67,0.5529891885993069,0.3705027563615356,3059.647536734177,1691.9520087385006,1133.6078458547954,1133.6078458547954,1523.690199611234,695.839506390368,High
1003132,0.96,0.36500064790344255,0.3504006219873048,3233.5218508492894,1180.2375705699294,1133.0280677471321,1133.0280677471321,1522.936488071272,485.3896116953491,High
2209137,1.0,0.28477725799875186,0.28477725799875186,3977.1791166989706,1132.6101634234308,1132.6101634234308,1132.6101634234308,1522.3932124504602,465.80215808655424,High
1102805,0.85,0.28302206996282303,0.24056875946839956,4706.824258801982,1332.1351446773672,1132.314872975762,1132.314872975762,1522.0093348684907,547.8596654811062,High
3167688,0.58,0.386148268784126,0.22396599589479307,5054.868850966969,1951.9288557316993,1132.1187363243855,1132.1187363243855,1521.7543572217012,802.7587097426841,High
5040920,0.86,0.571117662366041,0.49116118963479527,2304.9321811059554,1316.3874791854935,1132.0932320995244,1132.0932320995244,1521.7212017293816,541.3832124102912,High
6111255,0.58,0.44298168343991556,0.256929376395151,4406.136944519134,1951.8379611498917,1132.0660174669372,1132.0660174669372,1521.6858227070184,802.7213280435509,High
64822,0.82,0.4215266073163341,0.345651817999394,3273.460428420779,1379.8506685764846,1131.4775482327173,1131.4775482327173,1520.9208127025324,567.4833583669788,High
87405,1.0,0.38017506452279365,0.38017506452279365,2976.1477855283274,1131.4571763926012,1131.4571763926012,1131.4571763926012,1520.8943293103816,465.327975649781,High
152687,0.9,0.42300791172234126,0.38070712055010714,2971.862982453452,1257.1215541325637,1131.4093987193073,1131.4093987193073,1520.8322183350995,517.0092515522956,High
1099378,1.0,0.26716727316750377,0.26716727316750377,4233.098012912515,1130.9452531606153,1130.9452531606153,1130.9452531606153,1520.2288291087998,465.11743988563694,High
2086099,1.0,0.4496012838016734,0.4496012838016734,2514.8315584370425,1130.6714972182574,1130.6714972182574,1130.6714972182574,1519.8729463837346,465.00485383188493,High
2091689,1.0,0.4445730633482757,0.4445730633482757,2541.435322336948,1129.8536865528495,1129.8536865528495,1129.8536865528495,1518.8097925187044,464.668517477899,High
99822,1.0,0.29310169402288866,0.29310169402288866,3853.8656553586748,1129.5745521222575,1129.5745521222575,1129.5745521222575,1518.446917758935,464.55371944379607,High
4128343,1.0,0.39034149254017325,0.39034149254017325,2893.451341522232,1129.4341152421546,1129.4341152421546,1129.4341152421546,1518.264349814801,464.49596276463194,High
2020768,0.87,0.4678889141193762,0.4070633552838573,2770.7634792086496,1296.40951556856,1127.876278544647,1127.876278544647,1516.2391621080412,533.166988622563,High
3123977,0.94,0.312866171029721,0.2940942007679377,3834.360668131588,1199.6417405852926,1127.663236150175,1127.663236150175,1515.9622069952275,493.3698546429444,High
2012474,0.8,0.3769724783421157,0.3015779826736926,3737.9658171538185,1409.1102380505868,1127.2881904404696,1127.2881904404696,1515.4746475726106,579.5167755531046,High
6089295,0.62,0.5955632279413919,0.369249201323663,3052.579285196074,1818.0039726384007,1127.1624630358085,1127.1624630358085,1515.3112019465511,747.6801826546078,High
4009976,0.96,0.37007024243253334,0.355267432735232,3170.361698538064,1173.2565223767995,1126.3262614817274,1126.3262614817274,1514.2241399262457,482.5185555993687,High
5051538,0.75,0.6023662028656617,0.4517746521492463,2492.6933577005775,1501.5142327865535,1126.1356745899152,1126.1356745899152,1513.9763769668898,617.5192423804666,High
4168546,1.0,0.3062305650573018,0.3062305650573018,3675.526653378656,1125.5586039473192,1125.5586039473192,1125.5586039473192,1513.226185131515,462.9021032151408,High
2007082,0.84,0.4589444308197966,0.38551332188862913,2919.561364288953,1339.9164285770623,1125.5298000047324,1125.5298000047324,1513.188740006152,551.0598299774291,High
1171540,1.0,0.30224911641857644,0.30224911641857644,3722.416318909248,1125.09704333241,1125.09704333241,1125.09704333241,1512.6261563321332,462.71227979888033,High
3020456,0.87,0.2855900361206735,0.24846333142498597,4527.368232669712,1292.9712570997328,1124.8849936767676,1124.8849936767676,1512.350491779798,531.7529555628577,High
4170915,0.9,0.28874372775647794,0.25986935498083014,4323.979189610122,1248.5218699494612,1123.669682954515,1123.669682954515,1510.7705878408697,513.4725082131364,High
3026525,0.71,0.18575218483617834,0.1318840512336866,8518.252232684095,1582.2839632067248,1123.4216138767745,1123.4216138767745,1510.4480980398068,650.7369513087234,High
3162529,1.0,0.344253029021058,0.344253029021058,3260.843063261897,1122.5551016902134,1122.5551016902134,1122.5551016902134,1509.3216321972775,461.6668698768234,High
2000276,0.96,0.3744162371891401,0.35943958770157447,3119.0492078207517,1167.8226680000141,1121.1097612800133,1121.1097612800133,1507.4426896640175,480.2838051290179,High
2020945,0.87,0.391464071422884,0.34057374213790903,3290.699307694288,1288.1905488184716,1120.7257774720701,1120.7257774720701,1506.9435107136912,529.7868207827645,High
4157833,1.0,0.38356602775470217,0.38356602775470217,2920.6211697358613,1120.251060651876,1120.251060651876,1120.251060651876,1506.326378847439,460.71929998681503,High
5095591,0.63,0.4448070981333764,0.2802284718240271,3993.4978357889004,1776.3361837391797,1119.091795755683,1119.091795755683,1504.819334482388,730.5437074412065,High
5061532,0.67,0.20811675902490798,0.13943822854668836,8023.932587888812,1669.9148448257622,1118.8429460332607,1118.8429460332607,1504.4958298432389,686.7764069761496,High
2063253,0.72,0.49191844908218096,0.35418128333917026,3158.822923461595,1553.8832734344687,1118.7959568728174,1118.7959568728174,1504.4347439346627,639.0567607062683,High
3171432,0.78,0.29447786557102185,0.22969273514539704,4870.671783111149,1434.3050305875743,1118.757923858308,1118.757923858308,1504.3853010158005,589.8784949824969,High
78332,0.71,0.30702336473151703,0.2179865889593771,5129.629497312023,1574.9161080907777,1118.190436744452,1118.190436744452,1503.6475677677877,647.7068153234487,High
50637,1.0,0.4273833847556471,0.4273833847556471,2616.342876948112,1118.1814744314115,1118.1814744314115,1118.1814744314115,1503.635916760835,459.8681529999959,High
3060160,1.0,0.3168548666489748,0.3168548666489748,3528.814051023028,1118.1219055659299,1118.1219055659299,1118.1219055659299,1503.5584772357088,459.843654450546,High
4187515,1.0,0.3425578314648925,0.3425578314648925,3263.6274603189045,1117.9811455161184,1117.9811455161184,1117.9811455161184,1503.375489170954,459.7857648632087,High
2021306,0.87,0.3740493732809455,0.32542295475442257,3434.7258447354507,1284.7570496151616,1117.7386331651903,1117.7386331651903,1503.0602231147475,528.3747450391952,High
175527,0.94,0.16557030582880283,0.15563608747907465,7180.435085481931,1188.8668330871094,1117.5348231018827,1117.5348231018827,1502.7952700324477,488.938519548205,High
4142002,1.0,0.2718329250160783,0.2718329250160783,4105.846499056625,1116.1042635055874,1116.1042635055874,1116.1042635055874,1500.9355425572637,459.01387024384854,High
4147915,1.0,0.3390244099534577,0.3390244099534577,3291.733129205021,1115.9778818529812,1115.9778818529812,1115.9778818529812,1500.7712464088756,458.96189397838003,High
175990,0.42,0.61448253444332,0.2580826644661944,4322.181995756389,2655.905347077673,1115.4802457726225,1115.4802457726225,1500.1243195044094,1092.2791285953651,High
3165989,1.0,0.2752870014980277,0.2752870014980277,4051.7058495542356,1115.3819542758044,1115.3819542758044,1115.3819542758044,1499.9965405585458,458.71681022363674,High
4052765,0.69,0.1893630075115189,0.13066047518294804,8532.262415602538,1615.6948718959939,1114.8294616082358,1114.8294616082358,1499.2783000907066,664.477666228722,High
4119246,0.89,0.25261277834642354,0.22482537272831696,4957.831179340101,1252.4115087856285,1114.6462428192094,1114.6462428192094,1499.0401156649723,515.0721779164239,High
1120245,1.0,0.21983052702589817,0.21983052702589817,5063.31253441212,1113.0706629366525,1113.0706629366525,1113.0706629366525,1496.9918618176484,457.76625854353387,High
158560,0.98,0.31791572184380534,0.3115574074069292,3572.419942366145,1135.7284647065385,1113.0138954124077,1113.0138954124077,1496.91806403613,467.08460416918984,High
2088791,1.0,0.32923219091808537,0.32923219091808537,3379.4124764847675,1112.6113736489926,1112.6113736489926,1112.6113736489926,1496.3947857436906,457.57736924314884,High
1042408,1.0,0.26762871616979705,0.26762871616979705,4157.293222754642,1112.611047947223,1112.611047947223,1112.611047947223,1496.3943623313899,457.5772352936293,High
1195764,1.43,0.21140013154839601,0.3023021881142063,3678.788619879314,777.6963981812291,1112.1058493991577,1112.1058493991577,1495.737604218905,319.838786819651,High
5056552,0.46,0.7589008278854168,0.3490943808272917,3185.3637482572312,2417.375185668607,1111.9925854075593,1111.9925854075593,1495.5903610298271,994.1801819840773,High
4154536,1.0,0.31057057453927467,0.31057057453927467,3579.5832770625366,1111.7132349684916,1111.7132349684916,1111.7132349684916,1495.2272054590392,457.207996841992,High
4147433,1.0,0.250370034560691,0.250370034560691,4436.807403950673,1110.8436230662596,1110.8436230662596,1110.8436230662596,1494.0967099861375,456.85035648713847,High
3074312,1.0,0.4180512278302927,0.4180512278302927,2655.448483577154,1110.113498999518,1110.113498999518,1110.113498999518,1493.1475486993734,456.55008250325403,High
4177057,1.0,0.4193224542114505,0.4193224542114505,2646.807138529462,1109.8656651525605,1109.8656651525605,1109.8656651525605,1492.8253646983287,456.44815728265496,High
177829,0.71,0.33840908447740586,0.24027044997895816,4619.017206892238,1563.1173841697869,1109.8133427605485,1109.8133427605485,1492.7573455887132,642.8544210552805,High
3025148,0.47,0.5943468298504263,0.27934301002970036,3970.1179534287267,2359.627019752626,1109.0246992837342,1109.0246992837342,1491.7321090688545,970.4304213180608,High
75883,1.0,0.2917278750476622,0.2917278750476622,3798.952153325805,1108.2602390974776,1108.2602390974776,1108.2602390974776,1490.7383108267209,455.78790281447533,High
2256551,1.0,0.34598276313218107,0.34598276313218107,3201.3364320324463,1107.6072244703034,1107.6072244703034,1107.6072244703034,1489.8893918113945,455.5193411924602,High
2110998,1.0,0.28895024349253917,0.28895024349253917,3833.061064471104,1107.5639279006969,1107.5639279006969,1107.5639279006969,1489.833106270906,455.50153485784324,High
1054505,1.0,0.24874835734391418,0.24874835734391418,4451.730796526063,1107.3607229731729,1107.3607229731729,1107.3607229731729,1489.5689398651248,455.4179639198177,High
4157527,0.84,0.3882437571911655,0.326124756040579,3392.285856669134,1317.033806459676,1106.3083974261278,1106.3083974261278,1488.2009166539663,541.6490237625702,High
2015486,0.54,0.22166877711331573,0.1197011396411905,9240.304339759674,2048.2869631493913,1106.0749601006714,1106.0749601006714,1487.8974481308728,842.3873620661199,High
65280,0.81,0.2513037480590442,0.2035560359278258,5433.624393752284,1365.4901756950007,1106.0470423129507,1106.0470423129507,1487.861155006836,561.5773999080126,High
5077737,0.95,0.3665995796780762,0.3482696006941724,3175.6463934409085,1164.1906330416357,1105.981101389554,1105.981101389554,1487.77543180642,478.7900787114968,High
3166040,0.99,0.30807689623535545,0.3049961272730019,3625.5034168824072,1116.933839963808,1105.76450156417,1105.76450156417,1487.493852033421,459.35504544871253,High
3023056,0.95,0.5402816765115248,0.5132675926859486,2152.6547294322877,1163.0399061681392,1104.8879108597323,1104.8879108597323,1486.354284117652,478.316825796811,High
1028079,1.0,0.25648242615830813,0.25648242615830813,4307.562634208935,1104.8141152507806,1104.8141152507806,1104.8141152507806,1486.2583498260149,454.3706350054234,High
2101827,1.0,0.25916675227522495,0.25916675227522495,4261.269972109494,1104.379499239556,1104.379499239556,1104.379499239556,1485.693349011423,454.19189294349854,High
4149300,0.72,0.33375975014554704,0.24030702010479385,4595.467323568137,1533.782025716127,1104.3230585156114,1104.3230585156114,1485.6199760702948,630.7898345653842,High
2066182,0.58,0.4417450941163053,0.25621215458745705,4309.798263372762,1903.83223947589,1104.2226988960163,1104.2226988960163,1485.489508564821,782.9782871647161,High
6111721,0.52,0.6220766596509204,0.32347986301847864,3412.7805823955473,2123.0111448181447,1103.9657953054354,1103.9657953054354,1485.155533897066,873.1187524479176,High
1091057,1.0,0.44419013900818005,0.44419013900818005,2484.697764985043,1103.6782456220205,1103.6782456220205,1103.6782456220205,1484.7817193086269,453.90349234551456,High
1106127,1.0,0.3727388245679289,0.3727388245679289,2958.7786501223063,1102.8516762032718,1102.8516762032718,1102.8516762032718,1483.7071790642535,453.56355382871925,High
2105803,0.78,0.30925856556028014,0.24122168113701853,4570.517030538822,1413.4715407332671,1102.5078017719484,1102.5078017719484,1483.260142303533,581.3104237714119,High
3137576,0.63,0.5861275080087707,0.3692603300455255,2982.5053806578135,1748.1284463877141,1101.3209212242598,1101.3209212242598,1481.7171975915378,718.9428712864816,High
3146437,0.74,0.4391757056148194,0.32499002215496636,3388.530207181767,1488.1601447361827,1101.2385071047752,1101.2385071047752,1481.6100592362077,612.0271823283663,High
2136088,0.53,0.49242935695396767,0.2609875591856029,4218.649926337365,2077.387070440212,1101.0151473333124,1101.0151473333124,1481.3196915333062,854.3551981445491,High
1048823,1.0,0.310899481288052,0.310899481288052,3541.013491486371,1100.8992577371068,1100.8992577371068,1100.8992577371068,1481.169035058239,452.7605937596706,High
1102876,1.0,0.2897211036968314,0.2897211036968314,3799.4091267351214,1100.7690055935138,1100.7690055935138,1100.7690055935138,1480.999707271568,452.70702569932615,High
4130301,1.0,0.24983931859906658,0.24983931859906658,4405.8774450606525,1100.7614187049498,1100.7614187049498,1100.7614187049498,1480.9898443164348,452.703905482697,High
1034371,1.0,0.2598484669867469,0.2598484669867469,4236.138524072429,1100.7541014237215,1100.7541014237215,1100.7541014237215,1480.980331850838,452.70089614594764,High
1128237,1.0,0.44420828551690955,0.44420828551690955,2474.2933164108226,1099.1015919487998,1099.1015919487998,1099.1015919487998,1478.8320695334398,452.02127794673385,High
4002121,0.71,0.5309843473188984,0.3769988865964179,2912.4824102318976,1546.4825716747564,1098.002625889077,1098.002625889077,1477.4034136558003,636.0131160681085,High
5094044,0.64,0.2059970580474465,0.13183811715036575,8327.031199660873,1715.3439293994388,1097.8201148156409,1097.8201148156409,1477.1661492603332,705.4597689286452,High
98894,1.0,0.3146702110068997,0.3146702110068997,3488.4836577402243,1097.7218886752376,1097.7218886752376,1097.7218886752376,1477.038455277809,451.45385520667844,High
1158561,1.0,0.3078952527196583,0.3078952527196583,3565.097071204401,1097.6764637085926,1097.6764637085926,1097.6764637085926,1476.9794028211704,451.4351735382831,High
1190831,0.49,0.6833432858058608,0.3348382100448718,3278.1195903138023,2240.081012109596,1097.6396959337021,1097.6396959337021,1476.9316047138127,921.2654127837544,High
2191725,1.0,0.36471504844514113,0.36471504844514113,3007.94222147961,1097.0417930271215,1097.0417930271215,1097.0417930271215,1476.154330935258,451.1741561267759,High
1113330,1.0,0.3055454024463473,0.3055454024463473,3589.2905233851598,1096.6912174645793,1096.6912174645793,1096.6912174645793,1475.6985827039532,451.02997690352845,High
2266837,0.57,0.5230184608997189,0.2981205227128398,3674.8690855410714,1922.0243731276487,1095.5538926827599,1095.5538926827599,1474.220060487588,790.460062791358,High
3147485,0.64,0.3771039723921958,0.2413465423310053,4538.100353899004,1711.335670569744,1095.2548291646362,1095.2548291646362,1473.8312779140272,703.8113150533966,High
4024112,0.64,0.4499275532220922,0.28795363406213903,3803.0385291551524,1711.0918202321222,1095.0987649485583,1095.0987649485583,1473.6283944331258,703.7110281080887,High
1142096,0.85,0.34870790031396726,0.29640171526687215,3692.6752337550697,1287.6650273041187,1094.5152732085007,1094.5152732085007,1472.869855171051,529.5706925301567,High
5017319,0.7,0.3608563668549442,0.2525994567984609,4330.219841771083,1562.5873997847045,1093.811179849293,1093.811179849293,1471.954533804081,642.6364573831399,High
1087406,1.0,0.3681922268269187,0.3681922268269187,2970.0471738579904,1093.5482827237702,1093.5482827237702,1093.5482827237702,1471.6127675409014,449.7373999584576,High
2122293,1.0,0.2289182101632779,0.2289182101632779,4775.661149171949,1093.2358026147454,1093.2358026147454,1093.2358026147454,1471.206543399169,449.60888803631224,High
4137419,0.98,0.19750707273648344,0.19355693128175377,5642.591418520087,1114.451713719904,1092.162679445506,1092.162679445506,1469.8114832791578,458.33423546625653,High
3096228,0.93,0.2722126470935197,0.25315776179697336,4313.785381264481,1174.2669376273325,1092.0682519934194,1092.0682519934194,1469.6887275914453,482.9341033486837,High
1099823,1.0,0.28386334475800223,0.28386334475800223,3845.965866945174,1091.728734816167,1091.728734816167,1091.728734816167,1469.247355261017,448.98908481042673,High
66676,0.68,0.4270848727591919,0.2904177134762505,3758.3244228418525,1605.1235079171759,1091.4839853836797,1091.4839853836797,1468.9291809987837,660.1300413227543,High
162894,1.0,0.32916933974635065,0.32916933974635065,3311.6712361196237,1090.1006342504775,1090.1006342504775,1090.1006342504775,1467.1308245256207,448.31950512487293,High
3119376,0.75,0.21621903326282244,0.16216427494711683,6722.189759348355,1453.4653711755464,1090.0990283816598,1090.0990283816598,1467.1287368961578,597.7584595844164,High
165018,1.0,0.14540255197203633,0.14540255197203633,7496.995597271998,1090.0822919664693,1090.0822919664693,1090.0822919664693,1467.1069795564101,448.3119615977608,High
1012898,0.71,0.5133555146643651,0.36448241541169923,2990.523181938981,1535.2015671800004,1089.9931126978004,1089.9931126978004,1466.9910465071405,631.3736413320188,High
1117592,1.0,0.24763968925329627,0.24763968925329627,4401.053141077242,1089.8754322436116,1089.8754322436116,1089.8754322436116,1466.838061916695,448.22688757278735,High
1198853,1.06,0.25028720123128684,0.26530443330516407,4107.346593972971,1028.0162834923538,1089.697260501895,1089.697260501895,1466.6064386524636,422.78642631236613,High
4080059,0.78,0.18632069697580364,0.14533014364112684,7494.83124470631,1396.4421812297096,1089.2249013591736,1089.2249013591736,1465.9923717669258,574.3068556737951,High
5088559,0.85,0.3774968845815157,0.3208723518942883,3394.2332820761967,1281.3124895266571,1089.1156160976586,1089.1156160976586,1465.8503009269564,526.958120348106,High
2020336,0.82,0.5283902126212294,0.4332799743494081,2512.8787940970806,1327.780560304335,1088.7800594495548,1088.7800594495548,1465.4140772844212,546.0687802639037,High
6052722,0.44,0.6484045679998087,0.28529800991991583,3815.314114908834,2473.867100461035,1088.5015242028555,1088.5015242028555,1465.0519814637123,1017.4132913755892,High
36575,0.66,0.301917761592604,0.19926572265111864,5462.087911174417,1649.1013557638018,1088.4068948041092,1088.4068948041092,1464.9289632453422,678.2165613774945,High
1181518,0.84,0.34402709922719854,0.28898276335084677,3764.9668397936757,1295.250620580811,1088.0105212878811,1088.0105212878811,1464.4136776742455,532.6903764538557,High
3171792,0.36,0.5435045703528326,0.19566164532701974,5558.859079630826,3021.265315726695,1087.65551366161,1087.65551366161,1463.952167760093,1242.5386506896637,High
1036898,0.53,0.3739335136958549,0.19818476225880313,5486.040022662729,2051.414221950362,1087.249537633692,1087.249537633692,1463.4243989237996,843.6734920563226,High
2065924,1.0,0.2357027463073716,0.2357027463073716,4611.840797316378,1087.0235414598485,1087.0235414598485,1087.0235414598485,1463.1306038978032,447.05400662521686,High
3120049,1.0,0.3064197360825125,0.3064197360825125,3544.3178991921163,1086.0489552629733,1086.0489552629733,1086.0489552629733,1461.8636418418653,446.65319408758813,High
2018226,0.61,0.3798184835234097,0.2316892749492799,4687.1635198673,1780.2713401422452,1085.9655174867696,1085.9655174867696,1461.7551727328005,732.1620968960702,High
2202172,1.0,0.3449314693732834,0.3449314693732834,3147.3126407466443,1085.607173749849,1085.607173749849,1085.607173749849,1461.2893258748036,446.4715051103375,High
43257,1.0,0.29426189497350835,0.29426189497350835,3688.20813156538,1085.2991138511313,1085.2991138511313,1085.2991138511313,1460.8888480064709,446.3448110630151,High
2068903,0.48,0.4562361929770155,0.21899337262896743,4954.773515530288,2260.547005788882,1085.0625627786633,1085.0625627786633,1460.5813316122624,929.6823459272664,High
4155665,1.0,0.333402427395592,0.333402427395592,3254.1588732685113,1084.9444674786264,1084.9444674786264,1084.9444674786264,1460.4278077222143,446.1989576608427,High
5035260,0.6,0.5480805544990196,0.32884833269941177,3299.071435856101,1808.1569018958885,1084.894141137533,1084.894141137533,1460.3623834787932,743.630433719962,High
5008964,0.95,0.2833450366407958,0.269177784808756,4030.3894365042643,1141.9908425629772,1084.891300434828,1084.891300434828,1460.3586905652764,469.6600967918815,High
5094779,0.66,0.24378987252958104,0.1609013158695235,6736.759936824551,1642.3538462608458,1083.9535385321583,1083.9535385321583,1459.1396000918057,675.4415514140608,High
2021642,0.33,0.31255944880165165,0.10314461810454505,10507.620271128158,3284.2560001608786,1083.80448005309,1083.80448005309,1458.945824069017,1350.6973378727532,High
2263731,0.5,0.6618048093288307,0.33090240466441534,3271.3999862918913,2165.0282441662443,1082.5141220831222,1082.5141220831222,1457.268358708059,890.3988865884454,High
51334,0.69,0.38730224543019126,0.26723854934683194,4048.649105821463,1568.0508896435886,1081.955113854076,1081.955113854076,1456.5416480102988,644.8833958701299,High
4141175,0.86,0.33957104796081555,0.2920311012463014,3700.791588700535,1256.6816780596123,1080.7462431312665,1080.7462431312665,1454.9701160706466,516.8283462146179,High
131197,0.24,1.387224756065829,0.33293394145579897,3245.141106333727,4501.7400796329985,1080.4176191119197,1080.4176191119197,1454.5429048454957,1851.405110033297,High
4169317,0.67,0.3489211176199847,0.23377714880538975,4620.706842956438,1612.2621958386712,1080.21567121191,1080.21567121191,1454.280372575483,663.0659290157344,High
4125077,1.0,0.5551338680272438,0.5551338680272438,1945.4101040300066,1079.9630359494604,1079.9630359494604,1079.9630359494604,1453.9519467342986,444.1502725690258,High
3165864,1.0,0.2255523993647557,0.2255523993647557,4787.985039333388,1079.9415137442,1079.9415137442,1079.9415137442,1453.92396786746,444.14142125373576,High
3006664,0.7,0.41755292345492573,0.292287046418448,3694.743673751219,1542.7510223914137,1079.9257156739895,1079.9257156739895,1453.9034303761864,634.4784629585746,High
4138009,1.0,0.33760615619021195,0.33760615619021195,3197.770443446903,1079.5869877907785,1079.5869877907785,1079.5869877907785,1453.463084128012,443.99561737563687,High
4158184,1.0,0.2983665396393198,0.2983665396393198,3618.071733360696,1079.5115432496666,1079.5115432496666,1079.5115432496666,1453.3650062245667,443.9645897271125,High
171876,0.96,0.4240987338813804,0.40713478452612517,2649.716684778654,1123.7414911589958,1078.791831512636,1078.791831512636,1452.4293809664268,462.1547895448049,High
2054616,1.0,0.2700901948931133,0.2700901948931133,3993.926402504473,1078.720360441184,1078.720360441184,1078.720360441184,1452.3364685735394,443.63920446081914,High
2095682,0.86,0.3579205841533893,0.3078117023719148,3503.5904400040213,1254.0071369204695,1078.4461377516038,1078.4461377516038,1451.979979077085,515.7284028495164,High
