age_policyholder,nclaims,exposure,amount,power,bm,zip
70,0,1.0,0.0,106,5,1
40,0,1.0,0.0,74,3,1
78,0,1.0,0.0,65,8,2
49,0,1.0,0.0,64,10,1
59,0,1.0,0.0,29,1,3
71,0,0.4547945205479452,0.0,66,6,3
55,1,1.0,2607.0,43,2,3
52,0,1.0,0.0,55,2,3
51,0,1.0,0.0,100,1,3
47,0,1.0,0.0,66,2,3
62,0,1.0,0.0,44,1,2
46,1,1.0,2890.0,68,2,1
32,0,1.0,0.0,50,2,1
52,0,0.8849315068493151,0.0,50,9,2
65,0,1.0,0.0,34,5,2
43,1,1.0,2625.0,50,1,2
55,0,1.0,0.0,55,1,1
44,0,1.0,0.0,108,2,2
56,0,1.0,0.0,66,1,1
74,0,1.0,0.0,27,1,1
23,0,0.7287671232876712,0.0,124,2,2
51,0,0.4958904109589041,0.0,52,1,3
70,0,0.3315068493150685,0.0,66,1,2
34,0,0.9178082191780822,0.0,100,3,1
53,0,1.0,0.0,81,7,3
40,0,1.0,0.0,65,8,1
43,1,1.0,6519.0,37,6,1
66,0,1.0,0.0,73,6,2
55,0,0.6054794520547945,0.0,47,11,1
40,0,1.0,0.0,37,5,1
33,0,0.1726027397260274,0.0,70,12,2
64,0,1.0,0.0,66,1,3
50,1,1.0,5214.0,58,2,2
22,0,0.7698630136986301,0.0,66,1,1
51,0,1.0,0.0,44,6,2
51,0,1.0,0.0,60,1,3
44,0,1.0,0.0,44,1,3
55,1,1.0,5784.0,73,1,1
41,0,1.0,0.0,60,11,1
61,0,1.0,0.0,57,1,3
46,0,1.0,0.0,33,4,2
64,1,1.0,6314.0,44,1,1
70,0,1.0,0.0,40,5,3
34,1,1.0,6302.0,55,2,3
47,0,1.0,0.0,55,3,2
33,1,0.9863013698630136,27692.0,39,1,1
48,0,1.0,0.0,66,2,3
72,0,0.40273972602739727,0.0,62,8,1
59,0,1.0,0.0,25,10,1
86,0,1.0,0.0,47,1,3
26,0,1.0,0.0,66,2,2
44,1,1.0,2839.0,66,9,1
47,0,1.0,0.0,42,9,3
50,0,1.0,0.0,66,2,1
75,0,1.0,0.0,47,2,2
47,0,0.6876712328767123,0.0,47,15,3
55,0,0.6904109589041096,0.0,55,12,2
46,0,0.27123287671232876,0.0,40,1,2
63,0,1.0,0.0,47,1,1
53,0,1.0,0.0,50,7,3
69,0,1.0,0.0,68,2,3
80,0,1.0,0.0,85,2,1
54,0,1.0,0.0,55,8,3
56,0,1.0,0.0,60,1,1
23,0,1.0,0.0,92,12,2
71,0,1.0,0.0,90,6,3
43,0,0.8273972602739726,0.0,32,1,2
36,1,1.0,198873.0,66,2,3
53,0,1.0,0.0,54,1,3
31,0,1.0,0.0,55,7,1
48,0,0.7726027397260274,0.0,40,1,1
38,0,1.0,0.0,54,8,2
67,0,0.5452054794520548,0.0,55,1,3
37,0,0.36712328767123287,0.0,70,3,3
39,0,1.0,0.0,37,1,2
65,0,1.0,0.0,55,1,3
21,0,0.24383561643835616,0.0,82,1,1
44,0,1.0,0.0,105,1,2
69,0,1.0,0.0,55,1,2
64,0,1.0,0.0,52,9,1
46,0,0.7808219178082192,0.0,63,2,2
21,2,1.0,13916.0,74,7,1
37,0,1.0,0.0,53,1,2
64,0,1.0,0.0,74,1,3
51,0,1.0,0.0,45,1,2
56,0,1.0,0.0,40,1,2
30,0,1.0,0.0,54,5,1
76,0,1.0,0.0,29,6,3
37,0,1.0,0.0,44,7,1
29,0,0.6657534246575343,0.0,44,2,1
72,0,0.2191780821917808,0.0,60,1,1
57,0,1.0,0.0,55,4,2
64,1,1.0,2645.0,83,1,3
47,0,1.0,0.0,57,1,2
36,0,1.0,0.0,47,2,1
24,0,0.043835616438356165,0.0,66,1,3
33,0,1.0,0.0,55,1,1
50,0,0.25205479452054796,0.0,43,2,2
66,0,1.0,0.0,74,10,1
21,0,1.0,0.0,55,1,3
36,0,1.0,0.0,42,2,1
48,0,1.0,0.0,40,1,3
43,0,1.0,0.0,40,1,1
25,0,0.36712328767123287,0.0,79,8,2
53,0,1.0,0.0,75,1,2
37,0,1.0,0.0,100,2,1
77,0,1.0,0.0,40,1,3
66,1,1.0,2607.0,21,1,3
39,1,1.0,26400.0,40,6,3
54,2,1.0,342368.0,47,6,3
34,0,1.0,0.0,25,1,1
69,0,1.0,0.0,73,2,3
45,0,1.0,0.0,45,2,1
28,1,1.0,17568.0,40,2,3
29,1,1.0,121902.0,65,1,1
32,0,1.0,0.0,40,10,2
78,0,0.5068493150684932,0.0,47,2,1
70,0,1.0,0.0,44,1,1
53,1,1.0,2816.0,100,12,3
34,1,1.0,73556.0,40,1,1
53,0,1.0,0.0,68,4,3
40,0,1.0,0.0,40,9,2
31,0,1.0,0.0,55,6,1
58,0,1.0,0.0,55,1,2
55,0,1.0,0.0,25,1,2
38,0,0.673972602739726,0.0,55,1,1
47,1,1.0,2426.0,33,5,1
42,1,0.8410958904109589,59886.0,44,2,1
74,0,1.0,0.0,85,1,1
43,0,1.0,0.0,50,2,1
48,0,1.0,0.0,55,1,1
53,0,1.0,0.0,65,6,1
51,0,1.0,0.0,64,1,1
51,0,1.0,0.0,65,7,2
66,0,1.0,0.0,58,2,1
46,0,1.0,0.0,89,1,1
26,0,1.0,0.0,52,1,1
49,0,1.0,0.0,101,1,2
54,0,1.0,0.0,33,12,3
21,0,0.3315068493150685,0.0,130,1,1
64,0,1.0,0.0,35,9,3
72,0,1.0,0.0,40,3,1
38,0,1.0,0.0,47,12,1
53,0,1.0,0.0,41,11,1
73,0,1.0,0.0,55,6,3
47,0,1.0,0.0,39,2,1
43,0,0.7917808219178082,0.0,66,1,3
35,0,0.1726027397260274,0.0,44,1,3
42,0,1.0,0.0,43,1,1
58,0,0.33972602739726027,0.0,74,1,1
25,0,1.0,0.0,59,12,1
41,0,0.7479452054794521,0.0,55,1,1
59,0,1.0,0.0,55,11,2
66,0,1.0,0.0,50,2,3
57,0,1.0,0.0,55,9,3
53,0,1.0,0.0,39,7,2
58,0,1.0,0.0,40,10,1
54,0,1.0,0.0,29,2,1
41,0,1.0,0.0,55,3,1
70,0,1.0,0.0,54,5,1
28,0,1.0,0.0,40,2,1
36,0,1.0,0.0,39,7,2
60,0,1.0,0.0,74,1,2
57,0,1.0,0.0,65,1,1
53,0,0.736986301369863,0.0,81,2,2
66,0,1.0,0.0,33,2,1
24,0,1.0,0.0,78,2,1
43,0,0.9972602739726028,0.0,47,2,2
61,0,1.0,0.0,84,12,1
29,0,1.0,0.0,40,1,1
35,0,0.9753424657534246,0.0,73,2,2
74,1,1.0,2607.0,38,1,1
31,0,1.0,0.0,47,2,1
33,0,1.0,0.0,33,1,3
45,0,1.0,0.0,63,2,2
43,0,0.3287671232876712,0.0,40,6,1
35,0,0.4986301369863014,0.0,33,1,1
75,0,1.0,0.0,89,1,2
58,0,0.39452054794520547,0.0,39,9,3
60,0,0.9041095890410958,0.0,42,1,1
53,1,1.0,57540.0,47,12,3
49,0,1.0,0.0,33,12,1
47,0,1.0,0.0,36,1,2
66,0,1.0,0.0,66,8,1
48,0,1.0,0.0,39,1,3
39,0,1.0,0.0,60,1,1
61,0,0.06301369863013699,0.0,48,1,3
70,0,1.0,0.0,55,10,3
71,0,1.0,0.0,39,2,1
41,0,1.0,0.0,33,3,2
57,0,1.0,0.0,66,8,1
38,0,1.0,0.0,66,4,2
78,0,1.0,0.0,54,1,2
49,0,1.0,0.0,42,2,3
57,0,1.0,0.0,98,1,2
37,0,1.0,0.0,65,2,1
40,0,1.0,0.0,48,7,3
70,0,1.0,0.0,64,1,2
69,0,1.0,0.0,43,2,3
40,0,1.0,0.0,68,6,3
49,0,0.09863013698630137,0.0,37,2,1
48,0,1.0,0.0,46,10,3
30,0,1.0,0.0,40,12,1
37,0,1.0,0.0,47,1,3
61,0,1.0,0.0,34,11,3
33,0,1.0,0.0,55,15,2
42,0,0.2547945205479452,0.0,85,2,1
49,0,1.0,0.0,103,5,3
41,0,1.0,0.0,33,4,2
67,0,1.0,0.0,51,12,2
41,0,1.0,0.0,45,1,3
46,0,0.9643835616438357,0.0,51,1,1
25,0,0.7726027397260274,0.0,55,1,2
78,0,0.2547945205479452,0.0,37,1,1
38,0,0.12054794520547946,0.0,66,1,3
48,0,1.0,0.0,55,1,1
52,0,1.0,0.0,48,1,1
60,0,1.0,0.0,47,1,3
54,0,0.9095890410958904,0.0,82,1,2
34,0,1.0,0.0,65,4,1
46,0,1.0,0.0,40,15,1
34,0,1.0,0.0,66,2,2
21,0,0.6904109589041096,0.0,58,12,3
47,0,1.0,0.0,60,1,2
36,0,0.6356164383561644,0.0,38,1,3
37,1,1.0,24948.0,45,1,1
59,1,1.0,21208.0,48,6,2
34,0,1.0,0.0,60,1,1
46,0,1.0,0.0,79,2,3
35,0,0.410958904109589,0.0,55,1,3
72,0,0.7698630136986301,0.0,110,6,3
51,0,1.0,0.0,77,10,2
76,0,1.0,0.0,47,1,2
58,0,1.0,0.0,96,1,1
26,0,0.08493150684931507,0.0,40,3,1
26,0,1.0,0.0,85,1,1
31,0,1.0,0.0,55,2,2
65,0,1.0,0.0,69,6,2
34,0,1.0,0.0,47,1,2
72,0,1.0,0.0,66,1,1
62,0,1.0,0.0,63,1,2
52,0,1.0,0.0,80,2,2
73,0,1.0,0.0,43,2,1
32,0,1.0,0.0,40,2,1
49,0,0.2273972602739726,0.0,63,8,2
51,0,0.27123287671232876,0.0,63,7,3
60,0,1.0,0.0,70,2,2
41,0,1.0,0.0,40,9,3
45,0,1.0,0.0,29,12,3
65,0,1.0,0.0,47,1,2
44,0,0.8438356164383561,0.0,47,3,1
62,0,1.0,0.0,40,9,3
54,0,1.0,0.0,92,5,3
28,1,1.0,121902.0,50,7,3
50,0,1.0,0.0,43,10,2
55,0,1.0,0.0,99,11,3
54,0,1.0,0.0,55,1,3
32,0,1.0,0.0,55,2,3
66,0,0.273972602739726,0.0,55,1,2
75,0,1.0,0.0,37,1,3
63,0,1.0,0.0,33,1,3
28,0,1.0,0.0,75,5,1
67,0,1.0,0.0,65,1,3
68,0,1.0,0.0,66,3,1
50,0,1.0,0.0,66,1,3
47,0,1.0,0.0,59,10,1
53,1,0.8,53485.0,55,6,3
30,0,0.589041095890411,0.0,62,6,0
21,0,0.17534246575342466,0.0,44,11,1
35,0,1.0,0.0,60,1,1
30,0,0.9616438356164384,0.0,44,11,1
62,0,1.0,0.0,44,5,3
60,0,1.0,0.0,53,7,2
65,0,1.0,0.0,40,1,1
69,0,1.0,0.0,55,2,3
24,0,0.31232876712328766,0.0,55,1,2
35,0,1.0,0.0,44,1,1
45,0,1.0,0.0,55,1,0
49,0,1.0,0.0,42,10,3
53,0,0.7917808219178082,0.0,66,2,3
43,0,0.1589041095890411,0.0,39,2,3
49,0,1.0,0.0,55,7,3
62,0,0.40273972602739727,0.0,60,2,1
42,1,1.0,5850.0,40,1,1
55,0,1.0,0.0,29,1,1
35,0,0.6054794520547945,0.0,55,1,3
40,0,1.0,0.0,55,5,2
49,0,0.2465753424657534,0.0,44,2,2
30,1,1.0,54207.0,85,1,2
39,0,0.6027397260273972,0.0,59,2,3
49,0,1.0,0.0,96,15,1
64,0,0.8054794520547945,0.0,55,5,2
49,0,0.5260273972602739,0.0,59,1,1
66,0,1.0,0.0,77,2,1
46,0,1.0,0.0,85,1,2
59,0,1.0,0.0,66,6,1
67,0,1.0,0.0,98,1,3
65,0,1.0,0.0,116,2,2
50,0,1.0,0.0,82,10,1
65,0,0.7589041095890411,0.0,36,1,3
24,0,1.0,0.0,52,1,1
43,0,1.0,0.0,63,3,1
36,0,1.0,0.0,66,2,3
78,0,1.0,0.0,47,1,1
61,0,1.0,0.0,85,5,3
35,0,1.0,0.0,47,2,0
57,1,1.0,164019.0,44,1,1
66,0,1.0,0.0,84,2,1
33,0,0.4958904109589041,0.0,49,1,1
37,0,0.7452054794520548,0.0,66,1,3
62,0,1.0,0.0,44,1,3
23,1,0.4465753424657534,187316.0,65,6,1
75,0,0.2547945205479452,0.0,44,1,1
49,0,1.0,0.0,53,2,1
33,1,0.3287671232876712,128562.0,40,1,2
46,0,1.0,0.0,37,2,1
42,0,1.0,0.0,34,1,2
28,0,1.0,0.0,40,1,1
37,0,0.7534246575342466,0.0,51,13,1
48,0,1.0,0.0,43,1,3
31,0,1.0,0.0,55,1,2
63,0,1.0,0.0,40,4,2
44,0,0.2602739726027397,0.0,57,2,1
51,0,1.0,0.0,47,9,1
42,0,1.0,0.0,44,1,1
42,0,1.0,0.0,88,2,1
28,1,0.5342465753424658,109473.0,58,2,1
30,0,1.0,0.0,96,12,1
62,0,1.0,0.0,59,1,2
77,0,1.0,0.0,58,1,2
42,1,1.0,63608.0,55,3,1
32,1,1.0,47551.0,43,11,1
49,0,0.5178082191780822,0.0,65,8,1
51,0,1.0,0.0,40,1,2
40,1,1.0,5850.0,66,1,3
77,0,1.0,0.0,44,10,3
67,0,0.8328767123287671,0.0,55,1,2
31,0,1.0,0.0,52,1,3
73,0,1.0,0.0,55,5,3
64,0,1.0,0.0,64,11,1
47,0,0.1506849315068493,0.0,55,6,3
58,0,1.0,0.0,66,10,1
51,0,0.30684931506849317,0.0,76,11,2
24,0,1.0,0.0,47,2,2
55,1,1.0,99861.0,78,11,3
50,0,1.0,0.0,105,3,1
33,0,1.0,0.0,54,1,1
56,0,1.0,0.0,66,2,1
43,0,1.0,0.0,55,1,3
34,0,1.0,0.0,85,3,2
71,0,1.0,0.0,40,9,2
28,0,1.0,0.0,55,6,1
32,0,1.0,0.0,47,2,3
68,0,0.6410958904109589,0.0,40,1,3
60,0,1.0,0.0,55,1,1
62,0,1.0,0.0,44,4,3
59,0,1.0,0.0,33,3,1
72,0,1.0,0.0,40,1,3
34,0,1.0,0.0,42,11,1
54,0,0.9917808219178083,0.0,44,1,1
70,0,1.0,0.0,40,1,3
35,0,1.0,0.0,53,8,3
45,0,1.0,0.0,55,5,2
36,0,1.0,0.0,61,8,3
72,0,0.08493150684931507,0.0,32,1,1
62,0,1.0,0.0,55,2,2
81,0,1.0,0.0,33,1,1
36,0,1.0,0.0,66,6,2
22,0,1.0,0.0,65,1,2
66,1,1.0,14489.0,40,2,1
27,0,1.0,0.0,40,12,1
61,0,1.0,0.0,32,4,2
30,2,0.3972602739726027,75797.0,40,12,1
31,0,1.0,0.0,40,1,2
37,0,1.0,0.0,47,6,3
52,0,0.4410958904109589,0.0,66,10,1
65,0,1.0,0.0,44,10,1
65,0,1.0,0.0,63,2,2
64,0,1.0,0.0,77,1,3
65,1,1.0,121902.0,55,1,1
50,0,1.0,0.0,51,5,3
69,0,1.0,0.0,85,3,3
25,1,1.0,7502.0,44,6,2
37,0,1.0,0.0,77,2,1
31,0,1.0,0.0,66,1,3
55,0,1.0,0.0,35,2,3
63,0,0.9315068493150684,0.0,19,1,3
36,0,1.0,0.0,105,5,1
39,0,0.6657534246575343,0.0,55,12,1
31,0,1.0,0.0,58,1,1
58,0,1.0,0.0,40,1,2
70,0,1.0,0.0,66,2,1
65,0,1.0,0.0,52,1,2
46,0,1.0,0.0,52,1,1
38,0,1.0,0.0,66,12,2
37,1,0.7534246575342466,275000.0,40,5,3
60,0,1.0,0.0,59,1,2
55,0,1.0,0.0,48,1,2
86,0,1.0,0.0,66,8,1
66,0,1.0,0.0,25,1,1
22,0,0.9397260273972603,0.0,66,2,1
73,1,1.0,2607.0,50,1,2
37,0,0.07123287671232877,0.0,47,12,1
65,0,0.9534246575342465,0.0,94,10,1
50,0,1.0,0.0,39,1,2
35,0,1.0,0.0,37,1,1
27,0,0.18082191780821918,0.0,44,3,2
54,0,1.0,0.0,80,7,3
31,0,1.0,0.0,33,11,1
53,1,1.0,6268.0,42,1,1
52,0,1.0,0.0,69,3,3
27,0,0.4136986301369863,0.0,55,12,2
55,0,0.5260273972602739,0.0,68,1,3
27,0,1.0,0.0,50,1,1
24,1,1.0,62166.0,70,6,1
38,0,1.0,0.0,66,11,2
68,0,0.5068493150684932,0.0,24,6,1
69,2,1.0,117687.0,54,2,2
42,0,1.0,0.0,33,1,3
68,0,0.9643835616438357,0.0,44,2,1
27,0,1.0,0.0,66,1,1
44,0,1.0,0.0,70,1,1
50,0,1.0,0.0,43,1,1
28,0,1.0,0.0,47,1,3
34,0,0.2465753424657534,0.0,43,11,1
34,0,1.0,0.0,37,2,3
54,0,1.0,0.0,44,12,3
23,0,0.8794520547945206,0.0,99,12,2
41,0,0.673972602739726,0.0,47,2,3
66,0,1.0,0.0,33,1,3
58,0,1.0,0.0,47,1,1
29,0,1.0,0.0,32,5,2
39,1,0.6575342465753424,4387.0,60,1,3
22,0,0.08493150684931507,0.0,65,12,2
57,0,1.0,0.0,55,1,2
27,1,1.0,30067.0,50,1,1
54,0,1.0,0.0,40,1,2
30,0,1.0,0.0,61,1,1
45,1,1.0,57540.0,48,1,2
58,0,1.0,0.0,40,1,1
46,0,1.0,0.0,83,1,2
22,0,1.0,0.0,40,9,1
72,0,0.2,0.0,65,7,1
27,1,1.0,63072.0,66,6,2
83,0,1.0,0.0,44,2,3
73,0,1.0,0.0,48,1,1
25,0,1.0,0.0,45,1,1
19,0,1.0,0.0,47,6,3
42,0,0.7479452054794521,0.0,66,1,1
61,1,1.0,2214.0,44,12,1
49,0,0.5808219178082191,0.0,33,6,2
56,0,1.0,0.0,49,3,3
34,0,1.0,0.0,90,7,2
62,0,0.7479452054794521,0.0,64,3,1
31,0,1.0,0.0,73,1,1
24,0,1.0,0.0,65,1,3
36,0,0.16164383561643836,0.0,62,7,1
26,0,0.3150684931506849,0.0,64,1,3
44,0,1.0,0.0,95,2,3
48,0,0.4465753424657534,0.0,66,4,2
60,0,1.0,0.0,57,17,1
28,0,0.8328767123287671,0.0,79,1,3
45,0,1.0,0.0,76,1,1
31,0,1.0,0.0,55,1,2
34,0,1.0,0.0,43,3,2
59,0,1.0,0.0,55,1,2
61,0,1.0,0.0,49,2,1
56,0,0.8328767123287671,0.0,85,3,3
27,0,1.0,0.0,65,2,2
27,0,0.3287671232876712,0.0,74,12,1
38,0,1.0,0.0,73,11,2
71,1,0.8904109589041096,57810.0,48,2,3
25,0,1.0,0.0,21,7,3
37,0,1.0,0.0,48,1,1
29,0,0.2493150684931507,0.0,66,2,2
57,0,1.0,0.0,62,6,2
56,0,1.0,0.0,39,2,1
58,0,1.0,0.0,40,1,3
32,0,1.0,0.0,40,1,3
46,0,0.4136986301369863,0.0,72,6,1
46,1,1.0,2426.0,50,1,1
56,0,0.3287671232876712,0.0,66,7,2
59,0,1.0,0.0,65,11,3
67,0,1.0,0.0,33,12,3
32,0,1.0,0.0,55,5,2
74,0,1.0,0.0,53,2,3
51,0,1.0,0.0,37,6,2
51,1,1.0,6074.0,43,17,1
54,0,1.0,0.0,50,1,1
55,0,1.0,0.0,29,2,2
26,0,1.0,0.0,44,10,1
67,0,1.0,0.0,85,3,1
42,0,1.0,0.0,33,1,1
62,0,0.03287671232876712,0.0,57,8,2
26,0,1.0,0.0,44,4,2
64,0,0.4767123287671233,0.0,64,8,2
28,1,1.0,3691.0,50,1,2
55,0,1.0,0.0,44,1,1
33,0,1.0,0.0,67,1,3
32,0,1.0,0.0,55,5,2
55,0,0.8438356164383561,0.0,42,2,1
57,0,1.0,0.0,40,7,1
32,0,1.0,0.0,33,3,2
25,0,0.6767123287671233,0.0,29,2,1
70,0,1.0,0.0,53,1,1
62,0,1.0,0.0,51,6,1
60,0,1.0,0.0,67,2,2
64,0,1.0,0.0,42,1,1
29,0,0.4849315068493151,0.0,85,4,2
71,0,0.3452054794520548,0.0,66,10,2
84,0,1.0,0.0,43,1,3
33,0,1.0,0.0,85,1,3
59,0,1.0,0.0,44,1,2
52,0,0.6712328767123288,0.0,51,19,3
25,1,1.0,31109.0,43,10,1
45,0,0.5643835616438356,0.0,40,1,2
27,0,0.25753424657534246,0.0,40,12,1
71,0,1.0,0.0,44,10,1
37,0,0.7945205479452054,0.0,40,2,1
37,0,0.4986301369863014,0.0,47,6,1
39,0,0.8958904109589041,0.0,55,2,1
33,1,1.0,2607.0,51,3,1
41,1,1.0,2607.0,66,3,2
51,0,1.0,0.0,42,1,2
35,0,0.8383561643835616,0.0,55,1,1
41,0,0.3506849315068493,0.0,35,7,1
64,0,1.0,0.0,65,7,3
31,0,1.0,0.0,55,11,2
29,1,0.536986301369863,2130.0,53,10,1
58,0,1.0,0.0,33,6,3
22,0,1.0,0.0,77,4,1
35,0,1.0,0.0,44,10,1
43,0,0.4986301369863014,0.0,33,6,1
37,1,0.5123287671232877,3319.0,40,1,2
41,0,1.0,0.0,85,1,2
55,0,0.33972602739726027,0.0,40,1,2
75,0,1.0,0.0,43,9,0
46,1,1.0,5058.0,51,10,1
61,0,1.0,0.0,43,11,2
37,0,1.0,0.0,33,1,1
76,0,1.0,0.0,68,1,1
42,0,1.0,0.0,40,2,1
30,0,1.0,0.0,65,3,2
38,0,0.16986301369863013,0.0,96,11,2
67,0,1.0,0.0,44,2,3
46,0,0.9232876712328767,0.0,50,2,2
77,0,1.0,0.0,66,9,1
50,0,1.0,0.0,40,1,2
62,0,1.0,0.0,40,1,1
29,0,0.13972602739726028,0.0,55,7,1
53,0,1.0,0.0,51,1,3
39,0,1.0,0.0,47,2,3
39,0,0.5972602739726027,0.0,55,8,3
38,0,1.0,0.0,75,1,1
43,0,0.38904109589041097,0.0,83,7,2
43,0,0.7095890410958904,0.0,74,5,2
33,0,1.0,0.0,40,1,1
37,0,0.5589041095890411,0.0,81,1,1
50,0,1.0,0.0,66,1,3
80,0,1.0,0.0,40,3,3
54,0,0.7232876712328767,0.0,32,9,0
61,0,1.0,0.0,55,1,2
31,0,1.0,0.0,40,7,1
27,0,1.0,0.0,53,6,2
78,1,1.0,6066.0,39,10,1
68,0,0.8383561643835616,0.0,55,5,2
70,0,1.0,0.0,53,2,1
45,0,1.0,0.0,44,1,1
66,0,1.0,0.0,66,6,1
58,0,1.0,0.0,37,11,3
25,0,1.0,0.0,98,12,2
41,0,1.0,0.0,44,2,3
36,0,0.14794520547945206,0.0,74,1,3
51,0,1.0,0.0,55,4,1
51,0,1.0,0.0,60,1,1
70,0,1.0,0.0,69,1,2
58,0,1.0,0.0,66,2,2
22,1,1.0,186567.0,55,1,3
36,0,1.0,0.0,65,1,1
29,0,1.0,0.0,60,1,3
63,0,1.0,0.0,44,1,1
21,0,1.0,0.0,39,1,2
76,0,1.0,0.0,75,3,1
42,0,1.0,0.0,60,2,3
52,0,1.0,0.0,55,1,3
39,1,0.26575342465753427,10399.0,40,12,1
54,0,0.4191780821917808,0.0,110,1,3
34,0,1.0,0.0,40,3,2
30,0,0.25753424657534246,0.0,67,1,1
52,0,1.0,0.0,77,1,2
46,0,1.0,0.0,77,3,3
40,0,0.14246575342465753,0.0,43,2,1
56,0,1.0,0.0,47,1,2
33,1,0.7643835616438356,57750.0,90,6,3
32,1,1.0,123369.0,55,1,2
63,0,1.0,0.0,99,10,1
72,0,1.0,0.0,40,2,1
27,0,0.40821917808219177,0.0,75,12,1
73,0,1.0,0.0,41,6,3
74,0,1.0,0.0,44,4,1
72,0,1.0,0.0,39,3,1
52,0,0.6493150684931507,0.0,33,1,1
25,0,1.0,0.0,66,1,2
53,0,1.0,0.0,55,5,1
32,0,1.0,0.0,66,1,2
58,0,1.0,0.0,80,1,3
56,0,1.0,0.0,51,18,3
55,0,0.3150684931506849,0.0,46,2,2
39,1,1.0,5760.0,25,3,1
43,0,0.9753424657534246,0.0,47,9,2
37,0,1.0,0.0,50,1,1
83,0,1.0,0.0,49,2,1
36,0,1.0,0.0,50,6,3
52,0,1.0,0.0,44,1,3
70,0,1.0,0.0,90,1,3
59,0,1.0,0.0,43,1,2
64,0,1.0,0.0,33,1,0
27,0,0.4136986301369863,0.0,30,11,1
22,0,0.16164383561643836,0.0,33,6,3
68,0,1.0,0.0,51,12,1
71,1,1.0,6922.0,40,1,2
31,0,1.0,0.0,40,1,3
69,0,1.0,0.0,65,11,3
27,0,0.7150684931506849,0.0,48,3,2
43,0,1.0,0.0,51,9,3
64,0,1.0,0.0,55,12,1
59,0,1.0,0.0,47,1,3
62,0,0.8986301369863013,0.0,55,6,3
46,0,1.0,0.0,40,2,1
27,0,1.0,0.0,39,1,2
38,0,1.0,0.0,55,6,2
30,0,1.0,0.0,48,1,2
65,0,1.0,0.0,49,2,1
28,0,0.5534246575342465,0.0,47,1,1
29,0,1.0,0.0,54,2,2
44,0,1.0,0.0,48,1,1
42,0,1.0,0.0,51,2,3
32,0,1.0,0.0,40,2,3
31,0,1.0,0.0,50,1,3
45,0,1.0,0.0,84,6,3
43,0,1.0,0.0,42,12,1
22,0,1.0,0.0,66,2,3
38,0,1.0,0.0,40,4,2
36,0,1.0,0.0,135,2,2
29,0,1.0,0.0,96,5,2
52,0,1.0,0.0,75,1,2
42,0,0.5863013698630137,0.0,87,2,2
54,0,1.0,0.0,66,1,2
35,0,0.4904109589041096,0.0,40,4,1
49,0,1.0,0.0,40,1,2
34,0,0.8438356164383561,0.0,40,1,1
63,0,0.5068493150684932,0.0,44,1,3
42,1,1.0,2856.0,47,12,3
40,0,1.0,0.0,48,4,1
28,0,1.0,0.0,62,3,2
27,0,0.7479452054794521,0.0,65,2,3
34,0,0.6602739726027397,0.0,60,3,1
42,1,0.3150684931506849,120038.0,108,11,1
38,0,1.0,0.0,55,4,1
35,0,0.14794520547945206,0.0,43,2,2
46,0,1.0,0.0,57,2,2
58,0,0.336986301369863,0.0,57,1,3
24,0,0.4958904109589041,0.0,66,1,1
66,0,1.0,0.0,55,7,3
54,0,1.0,0.0,55,1,2
52,0,1.0,0.0,51,5,2
48,0,0.7917808219178082,0.0,40,6,3
60,0,1.0,0.0,98,1,2
23,0,1.0,0.0,65,12,1
50,0,0.7589041095890411,0.0,60,1,2
26,0,1.0,0.0,83,1,1
75,0,1.0,0.0,65,6,1
59,0,1.0,0.0,40,5,3
45,1,1.0,2904.0,44,1,1
43,0,1.0,0.0,55,1,1
71,1,1.0,28160.0,85,1,1
41,0,1.0,0.0,40,1,2
39,0,1.0,0.0,62,1,2
63,0,1.0,0.0,37,12,3
29,0,0.27671232876712326,0.0,33,2,1
45,0,1.0,0.0,33,1,3
71,0,1.0,0.0,44,9,2
34,0,1.0,0.0,55,2,1
46,0,1.0,0.0,66,1,3
50,0,1.0,0.0,44,2,1
50,0,1.0,0.0,66,2,3
21,1,1.0,59215.0,37,2,2
74,0,1.0,0.0,48,2,2
73,0,1.0,0.0,36,2,2
36,1,1.0,63880.0,53,3,2
57,0,0.9041095890410958,0.0,33,1,3
35,0,1.0,0.0,77,1,1
49,0,0.473972602739726,0.0,69,6,1
57,0,1.0,0.0,48,3,1
49,1,1.0,2824.0,110,1,3
72,0,1.0,0.0,85,11,1
49,0,1.0,0.0,48,1,3
58,0,1.0,0.0,64,9,1
76,0,1.0,0.0,54,1,2
51,0,1.0,0.0,55,9,1
25,0,0.08493150684931507,0.0,55,1,1
50,1,0.7479452054794521,26363.0,63,1,3
43,0,1.0,0.0,55,2,3
74,1,1.0,56481.0,40,1,1
70,0,1.0,0.0,53,1,1
41,0,1.0,0.0,44,1,1
53,1,0.915068493150685,155000.0,74,1,3
64,0,1.0,0.0,48,1,2
35,0,0.7068493150684931,0.0,58,5,2
69,0,1.0,0.0,47,8,1
37,0,0.7589041095890411,0.0,55,12,3
49,0,1.0,0.0,39,1,1
43,0,1.0,0.0,43,6,3
38,0,0.4904109589041096,0.0,97,2,1
45,0,1.0,0.0,37,3,1
50,0,1.0,0.0,44,5,3
65,0,1.0,0.0,90,9,1
33,0,1.0,0.0,65,2,2
49,0,1.0,0.0,54,1,3
74,0,1.0,0.0,86,12,1
35,0,1.0,0.0,77,2,2
59,0,1.0,0.0,78,8,1
30,0,1.0,0.0,36,11,2
62,0,1.0,0.0,66,1,3
36,0,1.0,0.0,50,1,1
37,0,0.4958904109589041,0.0,55,10,2
70,0,1.0,0.0,55,6,1
60,0,0.5397260273972603,0.0,82,1,3
75,0,1.0,0.0,49,5,3
35,0,1.0,0.0,53,2,2
33,0,0.5643835616438356,0.0,40,4,2
31,0,0.4958904109589041,0.0,55,1,1
46,0,0.2219178082191781,0.0,55,1,2
71,0,0.4301369863013699,0.0,59,1,1
53,0,1.0,0.0,40,1,2
48,0,1.0,0.0,55,10,2
49,0,1.0,0.0,63,1,2
66,0,0.22465753424657534,0.0,39,11,3
46,0,1.0,0.0,43,1,2
54,2,0.9178082191780822,298565.0,90,1,2
35,0,1.0,0.0,51,9,2
54,0,1.0,0.0,55,2,3
67,0,1.0,0.0,55,1,1
45,1,1.0,2644.0,44,3,1
36,0,1.0,0.0,69,3,1
33,2,1.0,114889.0,55,12,1
23,0,0.3150684931506849,0.0,84,1,2
43,0,0.5452054794520548,0.0,77,10,1
79,0,1.0,0.0,54,1,1
70,0,1.0,0.0,33,2,2
43,0,1.0,0.0,93,2,1
68,0,1.0,0.0,77,2,1
69,0,1.0,0.0,47,2,1
83,0,1.0,0.0,43,1,1
30,0,1.0,0.0,129,1,3
41,0,1.0,0.0,47,2,3
38,1,1.0,57540.0,63,12,2
28,0,0.0821917808219178,0.0,43,10,1
61,0,1.0,0.0,40,5,2
27,1,1.0,4500.0,33,5,3
44,0,1.0,0.0,39,2,1
39,0,0.0027397260273972603,0.0,33,2,2
34,0,1.0,0.0,85,9,2
66,0,1.0,0.0,34,1,3
48,0,1.0,0.0,40,2,3
55,0,0.07123287671232877,0.0,52,2,2
35,0,1.0,0.0,55,8,2
45,0,0.12602739726027398,0.0,54,3,2
74,0,1.0,0.0,85,5,1
40,1,1.0,2607.0,95,2,2
32,0,1.0,0.0,53,6,1
36,0,0.6602739726027397,0.0,55,1,3
29,0,1.0,0.0,53,1,2
46,0,1.0,0.0,54,1,1
23,0,0.024657534246575342,0.0,40,1,3
44,0,1.0,0.0,36,6,3
52,0,1.0,0.0,40,1,3
32,0,1.0,0.0,58,8,2
29,1,1.0,1067195.0,40,11,1
44,0,0.9095890410958904,0.0,53,2,3
41,0,1.0,0.0,40,10,1
61,0,1.0,0.0,85,8,3
57,0,1.0,0.0,43,7,3
33,0,1.0,0.0,40,1,1
49,0,1.0,0.0,42,6,1
59,0,1.0,0.0,65,10,2
54,0,1.0,0.0,43,1,2
25,0,1.0,0.0,43,5,2
22,0,1.0,0.0,33,2,2
49,0,1.0,0.0,43,10,3
76,0,1.0,0.0,44,3,1
52,0,0.8794520547945206,0.0,40,1,1
34,0,1.0,0.0,66,5,3
26,0,0.8328767123287671,0.0,48,1,1
67,0,1.0,0.0,40,1,2
46,0,1.0,0.0,40,2,2
61,0,1.0,0.0,54,11,2
24,0,1.0,0.0,84,1,2
50,0,1.0,0.0,79,12,2
50,0,1.0,0.0,65,2,2
28,0,1.0,0.0,35,1,2
48,0,0.6657534246575343,0.0,66,1,2
53,0,1.0,0.0,39,2,3
63,0,1.0,0.0,47,2,1
41,0,0.8684931506849315,0.0,29,5,2
76,0,1.0,0.0,65,1,3
60,0,1.0,0.0,36,2,1
64,0,1.0,0.0,54,2,1
41,0,0.27123287671232876,0.0,44,8,1
69,0,1.0,0.0,51,1,2
66,0,1.0,0.0,85,1,3
62,0,1.0,0.0,55,11,3
62,0,0.6410958904109589,0.0,70,5,3
70,0,0.010958904109589041,0.0,52,7,2
44,0,1.0,0.0,92,6,1
43,0,1.0,0.0,55,5,1
55,0,1.0,0.0,85,13,1
64,0,0.5534246575342465,0.0,33,10,3
47,0,1.0,0.0,66,6,1
59,0,1.0,0.0,44,5,1
52,1,1.0,18296.0,55,5,1
72,0,0.9534246575342465,0.0,68,3,2
33,0,0.5260273972602739,0.0,44,1,1
26,0,0.9287671232876712,0.0,55,1,2
59,0,1.0,0.0,66,14,1
77,0,1.0,0.0,66,1,1
51,1,1.0,57540.0,54,1,3
55,0,1.0,0.0,66,2,1
30,0,1.0,0.0,88,12,1
68,0,1.0,0.0,65,1,2
54,0,1.0,0.0,55,10,1
67,0,1.0,0.0,43,1,1
41,0,1.0,0.0,60,1,1
67,0,1.0,0.0,65,2,1
64,0,0.33424657534246577,0.0,53,3,3
74,0,1.0,0.0,40,3,3
70,0,0.0821917808219178,0.0,41,1,1
33,0,1.0,0.0,79,1,3
63,0,1.0,0.0,44,5,2
29,0,0.9863013698630136,0.0,29,2,3
67,0,1.0,0.0,37,1,1
75,0,1.0,0.0,44,1,1
66,0,1.0,0.0,40,1,1
35,0,0.989041095890411,0.0,53,11,3
32,0,1.0,0.0,55,2,1
71,0,1.0,0.0,53,7,2
45,0,1.0,0.0,85,1,2
34,0,0.5123287671232877,0.0,44,1,2
65,0,1.0,0.0,66,1,1
42,0,1.0,0.0,110,1,1
36,0,1.0,0.0,63,6,1
67,0,1.0,0.0,43,6,1
33,0,1.0,0.0,55,12,2
40,0,1.0,0.0,53,13,3
30,0,0.8602739726027397,0.0,66,1,1
30,0,0.8356164383561644,0.0,47,3,2
60,0,0.25205479452054796,0.0,40,14,2
48,0,0.2821917808219178,0.0,63,6,2
62,0,1.0,0.0,83,5,1
51,0,1.0,0.0,82,1,3
38,0,1.0,0.0,31,1,3
30,0,0.8849315068493151,0.0,47,1,1
36,0,0.5589041095890411,0.0,32,1,1
44,0,1.0,0.0,33,1,1
31,0,0.3424657534246575,0.0,58,3,2
41,0,1.0,0.0,70,1,1
28,0,1.0,0.0,47,6,1
71,0,1.0,0.0,44,11,3
50,0,0.9643835616438357,0.0,66,5,1
33,0,1.0,0.0,90,14,1
38,0,0.29041095890410956,0.0,65,7,2
65,0,1.0,0.0,44,1,2
46,0,1.0,0.0,47,15,1
24,0,1.0,0.0,40,11,2
43,0,0.5342465753424658,0.0,60,1,1
70,0,1.0,0.0,81,1,3
73,0,1.0,0.0,55,1,3
57,0,1.0,0.0,40,13,1
63,0,1.0,0.0,55,2,1
33,0,1.0,0.0,47,8,1
52,0,1.0,0.0,33,1,1
27,0,1.0,0.0,73,11,2
46,0,1.0,0.0,51,1,2
63,0,1.0,0.0,100,6,1
53,0,0.5945205479452055,0.0,55,1,3
73,0,1.0,0.0,55,9,1
43,0,1.0,0.0,89,2,2
32,0,1.0,0.0,55,9,2
23,0,1.0,0.0,50,2,2
63,0,1.0,0.0,65,3,3
69,0,1.0,0.0,116,1,2
32,0,1.0,0.0,80,10,2
42,0,1.0,0.0,110,12,2
41,0,1.0,0.0,40,10,1
36,0,1.0,0.0,40,3,0
89,0,1.0,0.0,51,5,1
52,0,1.0,0.0,84,6,1
61,0,1.0,0.0,47,11,3
40,0,1.0,0.0,37,3,3
54,0,0.410958904109589,0.0,51,5,3
45,0,0.7671232876712328,0.0,92,4,2
52,0,1.0,0.0,25,5,3
28,0,1.0,0.0,59,2,1
47,1,1.0,181763.0,44,1,1
28,0,1.0,0.0,74,2,2
36,0,0.5534246575342465,0.0,100,6,3
73,0,1.0,0.0,44,3,2
52,0,1.0,0.0,50,4,1
65,0,1.0,0.0,49,1,2
46,0,0.3589041095890411,0.0,55,9,2
39,0,0.7561643835616438,0.0,40,1,3
37,0,0.12054794520547946,0.0,44,5,3
32,0,0.5342465753424658,0.0,49,2,1
76,0,1.0,0.0,47,9,3
27,0,1.0,0.0,33,15,2
35,0,1.0,0.0,51,11,1
57,0,1.0,0.0,55,7,3
66,0,1.0,0.0,66,3,2
75,0,1.0,0.0,77,5,2
45,0,0.08493150684931507,0.0,54,6,1
81,0,1.0,0.0,40,1,3
47,0,1.0,0.0,47,9,1
34,0,1.0,0.0,55,11,2
21,0,0.5424657534246575,0.0,60,5,1
43,0,1.0,0.0,60,1,3
50,0,1.0,0.0,60,7,1
55,0,1.0,0.0,74,6,1
66,0,1.0,0.0,66,1,3
53,0,1.0,0.0,55,3,2
29,0,0.14246575342465753,0.0,29,2,3
66,0,1.0,0.0,51,4,2
70,0,1.0,0.0,45,4,1
63,1,1.0,58134.0,44,1,2
42,0,1.0,0.0,50,2,2
50,0,1.0,0.0,40,2,3
33,0,1.0,0.0,92,1,2
51,0,1.0,0.0,43,1,1
50,0,1.0,0.0,43,12,1
50,0,1.0,0.0,63,1,3
44,0,0.26301369863013696,0.0,33,9,2
71,0,0.7917808219178082,0.0,51,1,1
41,0,1.0,0.0,66,1,3
64,0,1.0,0.0,110,1,1
43,0,1.0,0.0,90,1,3
61,1,1.0,90977.0,37,1,2
33,1,1.0,315000.0,50,7,3
32,0,1.0,0.0,85,2,2
37,0,1.0,0.0,54,1,1
38,0,1.0,0.0,50,10,3
32,0,0.5150684931506849,0.0,40,2,1
42,1,1.0,5794.0,42,3,3
31,0,0.7753424657534247,0.0,30,15,1
24,0,1.0,0.0,55,9,3
72,0,1.0,0.0,66,2,2
46,0,1.0,0.0,50,12,3
72,0,1.0,0.0,51,1,2
49,0,1.0,0.0,80,5,3
59,0,1.0,0.0,66,9,1
67,0,1.0,0.0,48,12,2
35,0,1.0,0.0,79,2,1
25,0,1.0,0.0,66,3,3
54,0,1.0,0.0,40,8,3
42,0,1.0,0.0,43,2,0
31,0,1.0,0.0,43,2,1
31,0,1.0,0.0,38,7,3
36,0,1.0,0.0,47,7,1
33,0,1.0,0.0,77,1,2
55,0,0.8328767123287671,0.0,29,8,1
49,0,0.3287671232876712,0.0,72,10,1
38,0,1.0,0.0,90,2,2
56,0,1.0,0.0,65,13,1
64,0,0.11232876712328767,0.0,44,11,2
61,0,1.0,0.0,37,6,1
77,1,1.0,37671.0,34,1,2
43,0,1.0,0.0,55,1,1
28,1,0.9068493150684932,2607.0,53,1,3
38,0,1.0,0.0,47,6,3
25,0,1.0,0.0,70,6,1
54,0,1.0,0.0,40,10,3
72,0,1.0,0.0,97,1,1
35,0,1.0,0.0,65,9,1
66,0,1.0,0.0,73,12,1
38,0,1.0,0.0,34,1,3
53,0,1.0,0.0,53,1,2
34,0,0.3698630136986301,0.0,98,1,3
46,0,1.0,0.0,38,1,2
50,0,1.0,0.0,64,2,2
53,0,1.0,0.0,51,4,1
30,0,1.0,0.0,43,6,3
43,0,1.0,0.0,55,2,1
64,0,1.0,0.0,55,1,1
68,0,1.0,0.0,50,1,2
49,1,1.0,57540.0,66,2,1
35,1,0.2876712328767123,127226.0,21,1,3
83,0,1.0,0.0,65,1,3
64,0,1.0,0.0,48,1,3
72,0,1.0,0.0,43,7,2
60,0,0.43561643835616437,0.0,69,1,1
49,0,1.0,0.0,132,3,3
40,0,1.0,0.0,43,8,2
46,0,1.0,0.0,55,1,3
53,0,1.0,0.0,53,1,1
73,0,1.0,0.0,33,1,2
54,1,1.0,55000.0,40,1,3
64,0,1.0,0.0,33,1,2
25,0,0.8876712328767123,0.0,44,1,3
62,0,1.0,0.0,40,8,1
50,0,1.0,0.0,66,1,2
30,0,1.0,0.0,55,1,3
51,0,1.0,0.0,37,1,3
72,0,1.0,0.0,53,6,1
28,0,0.6465753424657534,0.0,95,1,3
69,0,1.0,0.0,70,1,2
61,0,0.3287671232876712,0.0,39,4,3
28,1,1.0,57540.0,66,2,1
37,0,1.0,0.0,43,4,3
47,0,0.8684931506849315,0.0,43,1,2
24,0,1.0,0.0,43,5,2
22,1,0.8986301369863013,57540.0,55,10,3
25,0,0.6657534246575343,0.0,67,2,1
47,0,0.6027397260273972,0.0,56,3,2
59,0,0.8136986301369863,0.0,66,2,3
34,0,0.6821917808219178,0.0,55,10,2
50,0,1.0,0.0,43,2,2
51,1,1.0,7744.0,43,5,1
45,0,1.0,0.0,88,6,2
40,0,0.14794520547945206,0.0,97,1,1
55,0,1.0,0.0,55,1,3
30,0,0.5808219178082191,0.0,42,2,1
34,0,1.0,0.0,40,1,2
84,1,1.0,37014.0,29,6,3
33,0,0.4712328767123288,0.0,47,1,1
37,0,1.0,0.0,40,2,3
54,0,1.0,0.0,82,9,1
39,0,1.0,0.0,85,1,1
31,0,1.0,0.0,29,2,2
20,1,0.7095890410958904,2607.0,49,6,3
57,0,1.0,0.0,31,1,2
73,0,1.0,0.0,40,1,1
51,0,1.0,0.0,60,2,2
50,0,1.0,0.0,43,6,3
68,0,1.0,0.0,47,7,1
46,0,1.0,0.0,55,8,1
53,0,0.4465753424657534,0.0,57,1,1
58,0,1.0,0.0,37,1,1
28,0,1.0,0.0,55,1,3
45,0,1.0,0.0,37,1,1
61,0,1.0,0.0,101,1,3
45,0,0.2958904109589041,0.0,83,1,2
30,0,0.673972602739726,0.0,55,1,1
59,0,0.19452054794520549,0.0,54,6,3
56,1,0.30684931506849317,51810.0,61,1,1
50,0,1.0,0.0,65,7,1
46,0,1.0,0.0,39,1,1
50,0,0.25205479452054796,0.0,90,12,1
36,0,1.0,0.0,68,1,2
29,0,1.0,0.0,25,9,2
67,0,1.0,0.0,70,1,2
53,1,1.0,45715.0,43,16,3
76,0,1.0,0.0,74,2,1
28,0,1.0,0.0,75,12,3
36,0,1.0,0.0,45,2,3
45,0,1.0,0.0,45,1,1
44,0,0.8356164383561644,0.0,44,1,2
32,0,1.0,0.0,36,1,1
67,1,1.0,20029.0,55,1,3
28,0,0.1643835616438356,0.0,65,1,2
37,0,0.08493150684931507,0.0,66,2,3
43,0,1.0,0.0,31,2,3
57,0,0.8410958904109589,0.0,55,1,2
38,0,1.0,0.0,85,12,3
31,0,1.0,0.0,50,5,2
55,0,0.6520547945205479,0.0,50,1,1
61,0,1.0,0.0,92,1,3
65,0,1.0,0.0,54,1,2
44,0,1.0,0.0,66,2,1
74,0,1.0,0.0,65,5,1
50,0,1.0,0.0,44,5,2
36,0,0.4986301369863014,0.0,40,4,1
53,0,1.0,0.0,95,12,2
33,0,0.4547945205479452,0.0,63,6,1
61,0,1.0,0.0,98,11,3
41,0,0.915068493150685,0.0,83,1,1
37,2,1.0,7785.0,40,6,1
38,0,1.0,0.0,47,15,1
38,0,1.0,0.0,58,6,2
37,1,1.0,5850.0,54,12,2
65,0,1.0,0.0,55,1,3
45,0,0.6027397260273972,0.0,53,3,2
78,0,0.6547945205479452,0.0,43,5,1
37,0,0.3150684931506849,0.0,47,1,1
65,0,1.0,0.0,55,7,1
51,0,1.0,0.0,39,2,3
39,0,1.0,0.0,43,2,3
51,0,1.0,0.0,40,1,1
50,0,1.0,0.0,50,1,1
33,0,1.0,0.0,41,11,3
33,0,1.0,0.0,66,2,3
64,0,1.0,0.0,55,9,1
32,1,0.41643835616438357,31142.0,40,1,2
61,0,0.7753424657534247,0.0,85,8,2
54,0,0.8602739726027397,0.0,43,1,1
38,0,1.0,0.0,55,2,3
33,0,1.0,0.0,83,1,3
24,0,1.0,0.0,66,1,2
49,0,1.0,0.0,40,11,2
30,0,1.0,0.0,48,1,2
36,1,0.7150684931506849,2839.0,85,9,1
22,1,1.0,3963.0,42,15,1
56,0,1.0,0.0,55,12,1
26,0,1.0,0.0,65,5,3
31,0,1.0,0.0,33,2,3
36,0,1.0,0.0,50,6,2
49,0,1.0,0.0,95,12,3
40,0,0.0821917808219178,0.0,54,3,3
32,0,1.0,0.0,65,1,2
39,0,1.0,0.0,66,1,2
40,0,1.0,0.0,47,1,3
44,0,1.0,0.0,60,9,3
48,0,1.0,0.0,59,1,3
55,0,1.0,0.0,65,7,1
37,1,1.0,26498.0,43,2,1
42,1,1.0,16104.0,47,6,2
71,0,1.0,0.0,66,7,1
36,0,1.0,0.0,65,2,3
62,0,1.0,0.0,83,6,2
39,0,0.6082191780821918,0.0,47,4,1
52,0,1.0,0.0,40,11,2
65,0,1.0,0.0,47,1,3
31,0,1.0,0.0,55,6,3
66,0,1.0,0.0,40,1,3
49,0,1.0,0.0,60,6,2
37,0,1.0,0.0,63,1,1
49,0,1.0,0.0,51,12,1
32,0,0.12876712328767123,0.0,33,1,1
44,0,1.0,0.0,55,2,2
64,0,1.0,0.0,85,10,3
75,0,1.0,0.0,43,5,3
39,0,0.673972602739726,0.0,54,6,3
73,0,1.0,0.0,66,1,2
79,0,1.0,0.0,40,1,1
23,0,1.0,0.0,51,1,2
26,0,0.3150684931506849,0.0,55,1,2
59,0,0.6794520547945205,0.0,74,1,1
42,0,1.0,0.0,47,10,1
64,0,1.0,0.0,90,1,3
35,0,1.0,0.0,34,5,1
55,0,1.0,0.0,78,1,2
60,0,0.536986301369863,0.0,57,1,3
44,0,1.0,0.0,47,1,2
43,0,1.0,0.0,44,10,1
28,0,0.16986301369863013,0.0,66,1,1
23,0,1.0,0.0,37,1,3
26,0,1.0,0.0,59,1,3
32,0,1.0,0.0,40,6,2
37,0,1.0,0.0,55,1,2
36,0,0.6986301369863014,0.0,40,12,1
63,0,1.0,0.0,51,11,1
49,0,0.589041095890411,0.0,68,8,3
27,0,1.0,0.0,85,2,2
42,0,1.0,0.0,47,1,1
29,0,1.0,0.0,55,13,2
68,0,1.0,0.0,55,1,2
27,0,1.0,0.0,43,1,3
52,0,0.9452054794520548,0.0,77,1,2
36,0,1.0,0.0,70,1,2
64,0,1.0,0.0,54,1,2
39,0,1.0,0.0,33,5,1
45,0,1.0,0.0,65,1,3
51,0,1.0,0.0,40,1,1
35,0,0.8356164383561644,0.0,43,3,3
67,0,1.0,0.0,66,16,3
71,0,1.0,0.0,66,6,1
64,1,1.0,35000.0,60,5,1
41,0,1.0,0.0,33,1,3
31,0,1.0,0.0,60,1,3
36,0,1.0,0.0,33,10,3
70,0,1.0,0.0,38,10,2
58,0,0.3178082191780822,0.0,66,1,1
29,0,1.0,0.0,66,10,3
64,0,1.0,0.0,40,12,3
40,0,1.0,0.0,55,1,1
30,0,1.0,0.0,65,2,3
49,0,0.863013698630137,0.0,101,1,1
43,1,1.0,5850.0,83,9,1
45,0,1.0,0.0,33,1,1
25,1,1.0,10723.0,44,10,1
56,0,1.0,0.0,63,2,2
55,0,0.6602739726027397,0.0,60,1,1
39,0,1.0,0.0,55,7,1
61,0,1.0,0.0,43,4,1
30,0,0.6356164383561644,0.0,55,10,3
73,0,1.0,0.0,61,2,2
30,0,1.0,0.0,33,2,3
28,1,0.6657534246575343,17392.0,54,9,0
46,0,1.0,0.0,37,2,3
30,0,1.0,0.0,100,7,3
61,0,1.0,0.0,82,5,2
41,0,1.0,0.0,54,1,1
25,0,1.0,0.0,55,2,1
32,0,1.0,0.0,90,2,3
63,0,0.04657534246575343,0.0,66,1,1
45,0,1.0,0.0,47,1,3
30,1,1.0,72358.0,43,6,1
28,0,1.0,0.0,43,1,3
66,1,1.0,57540.0,55,2,3
33,0,1.0,0.0,83,11,3
35,0,1.0,0.0,66,1,1
66,0,1.0,0.0,73,5,2
36,0,0.7479452054794521,0.0,39,2,1
49,0,1.0,0.0,66,1,3
52,0,1.0,0.0,47,7,3
51,0,1.0,0.0,66,1,2
69,0,1.0,0.0,33,7,1
60,0,1.0,0.0,85,5,2
52,0,1.0,0.0,58,12,2
61,0,1.0,0.0,37,2,1
53,0,1.0,0.0,44,6,2
39,0,1.0,0.0,40,1,2
43,0,0.6356164383561644,0.0,60,5,3
69,0,1.0,0.0,52,10,2
24,1,0.9945205479452055,121902.0,92,7,2
33,0,0.5917808219178082,0.0,40,1,2
23,0,1.0,0.0,55,1,3
32,0,1.0,0.0,70,3,2
70,0,1.0,0.0,43,1,2
51,0,1.0,0.0,55,1,3
30,0,1.0,0.0,39,1,1
41,0,1.0,0.0,50,8,2
68,0,1.0,0.0,44,2,3
32,0,1.0,0.0,66,1,2
63,0,1.0,0.0,55,1,2
57,0,1.0,0.0,40,1,2
52,0,1.0,0.0,43,9,2
36,0,1.0,0.0,50,1,2
25,0,1.0,0.0,43,2,3
50,0,1.0,0.0,50,6,3
35,1,0.25205479452054796,57540.0,87,11,2
57,0,1.0,0.0,48,4,1
44,0,0.4712328767123288,0.0,55,12,2
28,2,1.0,71681.0,70,2,3
49,0,1.0,0.0,98,1,1
89,0,0.13424657534246576,0.0,64,2,1
37,0,1.0,0.0,34,1,1
46,0,1.0,0.0,64,1,3
46,0,1.0,0.0,55,12,2
43,0,1.0,0.0,34,6,2
26,0,1.0,0.0,102,4,3
45,0,1.0,0.0,44,2,2
37,1,1.0,76211.0,59,7,2
51,0,1.0,0.0,61,2,1
47,0,0.14246575342465753,0.0,40,6,1
53,0,1.0,0.0,65,2,2
29,0,1.0,0.0,44,9,3
37,2,1.0,139078.0,60,1,1
43,0,1.0,0.0,44,7,3
24,0,1.0,0.0,50,1,2
37,1,1.0,2626.0,107,10,1
51,0,1.0,0.0,66,9,1
43,0,1.0,0.0,40,6,3
56,0,1.0,0.0,81,6,2
86,0,0.5917808219178082,0.0,33,1,1
39,0,1.0,0.0,42,1,1
43,0,1.0,0.0,33,2,3
39,0,1.0,0.0,77,5,1
41,0,0.2547945205479452,0.0,41,1,1
24,0,1.0,0.0,40,1,3
75,0,0.31232876712328766,0.0,51,2,2
73,0,0.4931506849315068,0.0,60,2,2
51,0,1.0,0.0,53,9,2
39,0,1.0,0.0,95,1,3
51,0,0.7342465753424657,0.0,55,1,2
53,0,1.0,0.0,48,9,1
44,0,1.0,0.0,55,3,2
59,0,1.0,0.0,85,1,3
46,0,1.0,0.0,26,2,3
39,0,1.0,0.0,38,2,3
62,0,1.0,0.0,34,5,3
44,0,1.0,0.0,44,1,1
53,0,1.0,0.0,44,1,2
44,0,1.0,0.0,43,5,2
69,0,1.0,0.0,43,1,3
54,0,0.852054794520548,0.0,55,11,1
26,0,1.0,0.0,66,12,1
60,0,1.0,0.0,74,1,1
51,0,1.0,0.0,99,13,1
27,0,0.7479452054794521,0.0,55,1,2
53,0,0.9671232876712329,0.0,65,5,1
27,1,1.0,2517.0,43,1,1
50,0,0.14520547945205478,0.0,74,7,1
36,1,0.5671232876712329,79084.0,33,2,1
48,1,0.3452054794520548,65000.0,55,1,1
44,0,1.0,0.0,55,3,1
35,0,1.0,0.0,60,2,1
47,0,1.0,0.0,37,2,2
42,0,1.0,0.0,64,3,3
39,0,0.4958904109589041,0.0,75,1,3
78,0,1.0,0.0,60,5,3
37,0,1.0,0.0,66,12,2
54,0,1.0,0.0,85,8,1
71,0,1.0,0.0,35,1,1
45,0,1.0,0.0,43,6,1
57,0,1.0,0.0,66,2,1
53,0,1.0,0.0,55,1,1
35,0,0.1726027397260274,0.0,40,1,1
50,0,1.0,0.0,44,2,3
27,0,0.336986301369863,0.0,55,12,3
28,0,1.0,0.0,40,12,2
68,3,1.0,84624.0,82,11,1
24,1,1.0,27275.0,65,1,1
29,0,0.10136986301369863,0.0,53,12,3
55,0,0.8602739726027397,0.0,96,7,2
36,0,0.33424657534246577,0.0,55,2,1
38,0,1.0,0.0,75,2,3
58,0,1.0,0.0,65,6,2
64,0,0.7479452054794521,0.0,40,1,1
54,0,1.0,0.0,43,1,1
62,0,1.0,0.0,73,2,3
68,1,1.0,9299.0,44,5,1
39,0,1.0,0.0,77,1,1
64,0,1.0,0.0,92,12,1
51,0,1.0,0.0,62,12,3
38,1,1.0,7042.0,57,2,1
37,1,1.0,86183.0,55,8,1
47,0,0.7972602739726027,0.0,47,3,0
39,0,1.0,0.0,60,1,3
66,0,1.0,0.0,76,8,1
45,0,1.0,0.0,40,5,2
57,0,0.6602739726027397,0.0,54,2,1
34,1,1.0,5324.0,57,1,2
45,0,1.0,0.0,100,5,1
46,0,1.0,0.0,150,1,2
31,1,1.0,652953.0,32,6,3
37,0,1.0,0.0,68,1,3
35,0,1.0,0.0,50,10,3
56,0,1.0,0.0,55,6,1
65,0,1.0,0.0,85,13,2
46,0,0.43561643835616437,0.0,47,9,1
49,0,1.0,0.0,85,4,1
37,0,1.0,0.0,54,4,1
44,0,0.7123287671232876,0.0,54,1,3
42,0,1.0,0.0,61,3,3
66,1,1.0,2607.0,55,1,1
51,1,1.0,66681.0,55,6,3
25,1,1.0,50000.0,40,1,1
76,0,1.0,0.0,96,2,1
37,1,0.5808219178082191,27402.0,66,2,1
65,0,1.0,0.0,44,3,3
65,0,1.0,0.0,65,1,2
30,0,1.0,0.0,55,7,2
43,0,0.589041095890411,0.0,43,10,3
69,0,1.0,0.0,81,12,1
71,0,1.0,0.0,55,12,1
26,3,1.0,93488.0,40,1,1
45,0,1.0,0.0,55,9,2
40,1,1.0,7896.0,79,1,3
30,1,1.0,3207.0,55,1,1
69,1,0.7534246575342466,415000.0,55,1,3
28,0,1.0,0.0,105,11,3
46,0,0.27945205479452057,0.0,47,2,3
32,0,1.0,0.0,66,1,1
31,1,1.0,63608.0,40,15,3
32,0,1.0,0.0,57,9,3
62,0,1.0,0.0,55,11,2
46,0,0.36164383561643837,0.0,55,1,1
49,0,0.26301369863013696,0.0,44,3,1
21,1,1.0,2783.0,51,1,3
38,0,0.030136986301369864,0.0,60,2,1
31,0,0.13972602739726028,0.0,39,2,3
57,0,1.0,0.0,43,2,3
63,0,1.0,0.0,44,12,1
31,0,1.0,0.0,55,1,3
51,0,1.0,0.0,43,1,3
52,0,0.5753424657534246,0.0,53,2,1
53,0,1.0,0.0,51,11,2
38,0,1.0,0.0,76,1,3
37,1,1.0,2505.0,55,15,1
38,0,1.0,0.0,53,1,3
65,0,0.6712328767123288,0.0,54,1,2
29,1,1.0,7382.0,33,3,3
53,0,0.5041095890410959,0.0,66,1,2
56,0,1.0,0.0,33,1,1
30,1,1.0,2607.0,48,4,1
44,1,1.0,4114.0,47,1,1
43,0,1.0,0.0,81,13,1
55,0,0.8904109589041096,0.0,40,7,2
75,0,1.0,0.0,66,9,3
48,0,1.0,0.0,65,1,3
37,0,0.16164383561643836,0.0,65,2,2
73,0,1.0,0.0,90,1,2
52,1,0.6465753424657534,50000.0,38,4,1
66,1,1.0,857540.0,40,1,1
50,0,1.0,0.0,33,3,1
32,0,1.0,0.0,33,1,2
47,0,0.38904109589041097,0.0,40,1,2
55,1,1.0,90974.0,74,1,2
32,0,1.0,0.0,55,4,3
32,0,0.9232876712328767,0.0,44,1,1
54,0,1.0,0.0,40,1,3
69,1,1.0,7816.0,50,1,3
34,0,1.0,0.0,47,7,1
50,0,1.0,0.0,40,6,2
54,0,1.0,0.0,85,1,2
71,0,1.0,0.0,55,3,1
68,0,0.7698630136986301,0.0,37,2,2
36,0,1.0,0.0,51,2,1
69,0,1.0,0.0,33,3,2
54,0,0.9616438356164384,0.0,66,2,1
45,0,1.0,0.0,73,1,1
41,0,1.0,0.0,44,8,2
20,0,1.0,0.0,55,6,3
69,0,1.0,0.0,55,1,1
30,1,1.0,2607.0,81,1,1
50,0,1.0,0.0,55,1,1
54,0,1.0,0.0,51,1,2
28,0,0.21643835616438356,0.0,40,1,2
56,0,0.7671232876712328,0.0,53,1,3
33,0,1.0,0.0,118,1,2
36,0,1.0,0.0,85,12,2
38,0,1.0,0.0,27,1,1
82,0,1.0,0.0,51,1,2
73,0,1.0,0.0,54,1,3
73,0,1.0,0.0,67,2,2
44,0,0.11232876712328767,0.0,62,2,3
22,0,0.4767123287671233,0.0,70,1,2
34,1,1.0,265000.0,40,7,2
38,0,1.0,0.0,97,1,1
22,0,1.0,0.0,48,1,3
24,1,1.0,2607.0,32,4,1
36,0,1.0,0.0,125,1,3
44,0,1.0,0.0,65,1,3
69,0,1.0,0.0,40,1,3
33,0,1.0,0.0,66,2,3
58,0,1.0,0.0,49,1,1
37,0,1.0,0.0,53,1,3
25,0,1.0,0.0,42,7,3
53,0,1.0,0.0,38,1,1
36,0,1.0,0.0,39,1,2
42,0,1.0,0.0,37,1,1
28,0,1.0,0.0,85,2,3
64,0,1.0,0.0,55,9,1
49,0,1.0,0.0,25,1,1
25,0,1.0,0.0,65,10,2
45,0,1.0,0.0,56,12,2
35,0,1.0,0.0,44,1,1
34,0,1.0,0.0,43,2,1
34,1,0.4767123287671233,6066.0,83,1,1
54,0,0.08493150684931507,0.0,50,6,3
44,0,1.0,0.0,78,2,3
34,1,1.0,24643.0,70,1,3
30,0,0.7397260273972602,0.0,66,1,2
35,0,1.0,0.0,97,1,1
47,0,1.0,0.0,51,2,3
40,1,1.0,58110.0,138,1,3
67,0,1.0,0.0,63,1,2
48,0,0.6547945205479452,0.0,50,6,2
51,0,0.6712328767123288,0.0,66,3,3
50,1,1.0,10000.0,33,10,2
31,0,1.0,0.0,33,2,2
54,0,0.7287671232876712,0.0,25,1,3
38,0,0.4657534246575342,0.0,65,2,3
34,0,0.16712328767123288,0.0,53,4,2
70,0,1.0,0.0,37,9,3
49,0,1.0,0.0,77,5,3
69,1,1.0,57540.0,55,5,3
62,0,1.0,0.0,43,1,3
37,0,0.3287671232876712,0.0,44,1,2
40,0,1.0,0.0,66,1,1
29,1,1.0,210796.0,43,10,3
30,0,1.0,0.0,40,6,2
47,0,1.0,0.0,44,1,3
36,0,1.0,0.0,54,1,1
58,0,1.0,0.0,64,6,1
63,0,1.0,0.0,47,10,2
46,0,1.0,0.0,77,7,2
43,0,0.915068493150685,0.0,54,7,1
23,0,1.0,0.0,40,1,2
33,0,1.0,0.0,33,1,1
65,0,1.0,0.0,106,3,3
39,0,1.0,0.0,55,1,1
36,0,0.08493150684931507,0.0,44,7,2
28,0,1.0,0.0,43,10,2
22,0,0.5260273972602739,0.0,47,1,1
31,0,1.0,0.0,40,1,1
55,1,0.9835616438356164,7867.0,29,7,1
68,0,1.0,0.0,55,6,2
54,0,1.0,0.0,55,2,1
71,0,1.0,0.0,55,10,1
51,1,1.0,5408.0,124,1,1
56,0,1.0,0.0,66,11,2
34,0,0.29315068493150687,0.0,37,1,3
44,0,1.0,0.0,33,1,3
33,0,0.589041095890411,0.0,108,1,3
49,0,1.0,0.0,68,16,2
35,0,0.8821917808219178,0.0,54,5,2
48,0,1.0,0.0,47,4,2
43,0,0.8082191780821918,0.0,33,2,1
24,0,1.0,0.0,55,10,3
49,1,1.0,3630.0,66,12,1
31,0,1.0,0.0,37,2,3
66,0,0.08493150684931507,0.0,55,2,1
77,0,0.6383561643835617,0.0,41,1,2
62,2,1.0,117272.0,74,1,1
77,0,1.0,0.0,103,5,2
40,0,1.0,0.0,33,2,2
26,0,0.8356164383561644,0.0,55,1,1
72,0,1.0,0.0,40,6,2
44,0,1.0,0.0,37,2,1
21,0,0.6684931506849315,0.0,50,3,2
33,0,1.0,0.0,48,1,2
40,0,1.0,0.0,33,7,2
60,1,1.0,92000.0,66,2,1
39,0,1.0,0.0,94,5,1
42,0,1.0,0.0,47,10,1
29,0,1.0,0.0,44,1,1
28,0,1.0,0.0,60,4,1
45,1,1.0,33092.0,39,1,2
47,0,0.3917808219178082,0.0,74,2,3
53,0,0.7479452054794521,0.0,49,2,1
62,0,1.0,0.0,44,2,2
32,1,1.0,25000.0,55,1,3
44,0,0.1780821917808219,0.0,82,1,1
71,0,1.0,0.0,25,12,1
38,0,1.0,0.0,39,8,2
47,0,1.0,0.0,37,1,3
37,0,0.0547945205479452,0.0,93,1,3
38,0,1.0,0.0,40,1,3
52,0,1.0,0.0,44,9,1
38,0,1.0,0.0,69,1,1
49,0,1.0,0.0,66,9,1
55,0,0.7452054794520548,0.0,40,2,2
63,0,1.0,0.0,66,1,2
38,0,0.2465753424657534,0.0,83,1,3
73,0,1.0,0.0,36,1,2
37,0,1.0,0.0,50,3,1
35,0,1.0,0.0,55,1,2
23,0,0.4054794520547945,0.0,66,1,1
73,0,1.0,0.0,50,3,2
39,0,0.8493150684931506,0.0,43,1,3
49,1,1.0,3207.0,60,1,1
38,0,1.0,0.0,54,1,1
42,0,0.915068493150685,0.0,55,1,1
43,2,1.0,158745.0,39,10,3
44,0,0.8,0.0,40,1,1
43,0,0.6904109589041096,0.0,44,3,1
62,0,1.0,0.0,63,9,3
29,0,1.0,0.0,60,1,3
74,0,1.0,0.0,54,1,3
60,0,1.0,0.0,44,8,2
68,0,1.0,0.0,33,10,1
35,1,1.0,2607.0,52,2,2
34,0,1.0,0.0,37,9,3
26,1,0.3643835616438356,3072.0,57,1,2
23,0,0.09041095890410959,0.0,70,1,3
50,0,1.0,0.0,55,15,3
65,0,1.0,0.0,48,2,3
45,0,1.0,0.0,62,1,1
37,0,1.0,0.0,65,10,3
49,0,1.0,0.0,85,2,1
42,1,1.0,2644.0,44,3,2
51,0,1.0,0.0,34,1,2
35,0,1.0,0.0,83,17,1
34,0,1.0,0.0,66,1,1
33,0,1.0,0.0,60,10,3
44,1,0.26575342465753427,2687.0,84,2,1
68,1,1.0,14359.0,74,1,3
63,0,1.0,0.0,54,1,3
35,0,0.06027397260273973,0.0,44,1,2
31,0,0.589041095890411,0.0,110,2,2
30,0,1.0,0.0,66,1,3
40,1,1.0,61510.0,70,1,2
77,1,1.0,57540.0,54,10,3
30,0,1.0,0.0,37,11,3
41,0,1.0,0.0,65,1,1
45,0,1.0,0.0,63,1,1
47,0,0.6657534246575343,0.0,65,2,2
39,0,0.6712328767123288,0.0,50,4,1
46,0,1.0,0.0,63,1,2
40,0,1.0,0.0,30,3,1
59,0,1.0,0.0,43,12,2
29,0,1.0,0.0,65,1,3
35,0,1.0,0.0,69,1,1
34,0,1.0,0.0,115,2,2
43,0,1.0,0.0,66,1,1
31,0,0.11232876712328767,0.0,66,3,3
25,0,1.0,0.0,36,2,2
60,0,1.0,0.0,47,2,3
51,1,1.0,9383.0,33,1,3
33,0,1.0,0.0,44,2,1
33,0,0.6767123287671233,0.0,66,1,1
23,0,1.0,0.0,40,1,3
54,0,1.0,0.0,55,1,1
52,0,1.0,0.0,68,8,1
72,0,1.0,0.0,90,2,1
34,0,1.0,0.0,44,3,3
58,0,1.0,0.0,85,1,3
45,0,1.0,0.0,97,13,3
22,0,1.0,0.0,55,1,3
55,0,1.0,0.0,37,5,1
71,0,1.0,0.0,95,3,3
77,0,1.0,0.0,100,2,2
27,1,1.0,75737.0,110,1,2
28,0,1.0,0.0,55,2,2
46,0,0.4876712328767123,0.0,55,1,3
55,1,1.0,100312.0,62,6,2
37,0,0.0684931506849315,0.0,85,15,1
26,0,1.0,0.0,40,8,3
36,0,0.673972602739726,0.0,66,1,3
25,0,0.13972602739726028,0.0,53,1,2
59,0,1.0,0.0,100,7,1
37,0,1.0,0.0,37,1,1
29,0,1.0,0.0,55,11,2
82,0,1.0,0.0,55,7,1
36,0,1.0,0.0,47,1,1
46,0,0.4,0.0,40,1,2
47,0,1.0,0.0,55,12,2
70,0,1.0,0.0,72,1,2
54,0,1.0,0.0,66,1,3
42,0,1.0,0.0,47,6,3
28,0,0.6520547945205479,0.0,90,1,1
51,0,1.0,0.0,57,1,3
51,0,1.0,0.0,66,1,3
62,0,1.0,0.0,51,1,1
25,0,0.7534246575342466,0.0,85,2,1
67,0,0.8876712328767123,0.0,63,1,3
22,0,0.410958904109589,0.0,44,2,1
34,0,0.15342465753424658,0.0,55,2,1
47,0,1.0,0.0,44,2,1
52,0,1.0,0.0,55,1,1
57,0,1.0,0.0,37,2,1
62,1,1.0,6922.0,60,3,1
49,0,1.0,0.0,62,4,2
30,0,0.6273972602739726,0.0,66,1,2
33,0,1.0,0.0,55,10,3
82,0,1.0,0.0,40,6,3
45,0,1.0,0.0,47,15,3
68,0,1.0,0.0,40,1,2
79,0,1.0,0.0,53,1,1
47,1,1.0,382572.0,60,1,1
59,0,1.0,0.0,66,10,3
53,1,1.0,6066.0,47,5,3
32,0,0.4301369863013699,0.0,66,2,1
57,0,1.0,0.0,33,6,2
28,0,1.0,0.0,90,1,2
61,0,1.0,0.0,50,13,3
26,0,1.0,0.0,57,1,2
26,0,1.0,0.0,34,1,2
52,1,1.0,5566.0,63,2,1
32,0,1.0,0.0,48,8,1
43,1,0.7342465753424657,8673.0,48,9,1
74,0,1.0,0.0,40,15,2
50,0,1.0,0.0,66,1,3
66,0,1.0,0.0,44,1,2
24,0,1.0,0.0,65,6,3
58,0,0.8438356164383561,0.0,70,2,3
74,0,0.589041095890411,0.0,67,1,1
30,1,0.915068493150685,6475.0,55,3,1
24,1,1.0,5850.0,42,1,3
52,0,1.0,0.0,21,6,3
31,0,1.0,0.0,33,10,1
56,1,0.7506849315068493,59551.0,83,1,1
63,0,0.052054794520547946,0.0,74,2,1
35,0,0.8849315068493151,0.0,40,6,1
64,0,1.0,0.0,48,16,1
45,0,1.0,0.0,44,12,3
23,0,1.0,0.0,130,3,3
68,0,1.0,0.0,60,11,3
25,1,1.0,5214.0,60,6,2
46,0,1.0,0.0,81,6,2
39,0,1.0,0.0,40,1,2
49,0,1.0,0.0,44,2,1
38,0,1.0,0.0,55,5,1
46,0,0.8328767123287671,0.0,92,4,3
55,0,1.0,0.0,66,1,1
27,0,1.0,0.0,55,1,1
40,0,1.0,0.0,48,10,0
68,0,1.0,0.0,40,1,2
48,0,0.4136986301369863,0.0,44,7,3
57,0,0.8794520547945206,0.0,47,2,1
48,0,0.4410958904109589,0.0,43,1,1
56,1,1.0,7059.0,86,9,3
47,0,1.0,0.0,44,2,2
40,0,1.0,0.0,42,10,3
28,0,1.0,0.0,103,1,1
42,0,1.0,0.0,69,2,1
43,0,0.2273972602739726,0.0,50,1,1
52,0,1.0,0.0,55,4,2
53,0,1.0,0.0,51,5,1
43,0,1.0,0.0,43,7,1
59,0,1.0,0.0,48,7,1
62,0,1.0,0.0,40,12,2
36,0,1.0,0.0,66,9,1
46,0,1.0,0.0,43,1,1
74,0,1.0,0.0,30,1,1
34,0,1.0,0.0,55,1,3
26,1,1.0,8871.0,79,7,2
40,0,1.0,0.0,40,2,1
43,0,1.0,0.0,39,10,2
37,1,0.4136986301369863,6848.0,132,11,3
70,0,1.0,0.0,54,1,1
33,0,1.0,0.0,85,7,2
25,0,1.0,0.0,54,6,3
45,0,1.0,0.0,47,11,1
78,0,1.0,0.0,64,2,1
32,0,1.0,0.0,40,3,3
64,0,1.0,0.0,66,12,2
40,0,1.0,0.0,55,2,3
49,0,1.0,0.0,66,5,1
44,0,1.0,0.0,37,15,1
38,1,1.0,39000.0,40,1,3
31,0,1.0,0.0,40,1,1
46,0,1.0,0.0,54,1,3
39,0,1.0,0.0,33,1,2
27,0,1.0,0.0,48,1,3
61,0,1.0,0.0,69,3,1
35,0,1.0,0.0,43,3,2
37,0,0.673972602739726,0.0,40,1,1
63,0,0.1643835616438356,0.0,50,1,3
37,0,1.0,0.0,138,10,3
35,0,1.0,0.0,40,2,2
39,1,1.0,60147.0,51,1,1
59,1,1.0,2365576.0,47,8,1
28,1,1.0,6066.0,43,2,3
57,0,0.2356164383561644,0.0,55,2,3
35,2,1.0,26723.0,48,1,3
31,0,1.0,0.0,40,1,1
53,0,0.7534246575342466,0.0,55,6,1
73,1,1.0,135885.0,54,6,3
44,0,1.0,0.0,90,2,1
68,0,1.0,0.0,54,4,3
63,0,1.0,0.0,51,11,2
52,0,1.0,0.0,70,8,1
43,0,0.6657534246575343,0.0,66,6,2
79,0,1.0,0.0,69,11,1
46,0,0.410958904109589,0.0,66,1,2
33,0,1.0,0.0,40,1,2
33,1,1.0,62000.0,54,9,2
73,1,1.0,37893.0,56,9,1
74,0,1.0,0.0,77,12,2
36,0,1.0,0.0,70,9,1
46,0,1.0,0.0,77,3,1
33,0,1.0,0.0,29,1,2
42,0,1.0,0.0,41,1,3
26,0,0.6547945205479452,0.0,53,1,1
73,0,1.0,0.0,41,2,2
45,0,1.0,0.0,123,1,1
36,0,1.0,0.0,60,12,2
34,0,1.0,0.0,44,2,1
38,0,0.8767123287671232,0.0,47,8,2
36,0,1.0,0.0,69,5,1
51,0,1.0,0.0,64,2,2
80,0,1.0,0.0,62,1,2
25,1,1.0,65787.0,106,2,1
33,0,0.6027397260273972,0.0,60,2,2
44,0,1.0,0.0,51,1,3
62,1,1.0,6066.0,55,12,1
38,0,1.0,0.0,50,3,3
27,0,1.0,0.0,38,1,2
68,0,0.4273972602739726,0.0,50,12,1
48,0,1.0,0.0,40,11,1
49,0,1.0,0.0,43,12,3
47,0,1.0,0.0,55,2,1
37,0,1.0,0.0,48,13,3
28,0,1.0,0.0,62,6,2
36,0,1.0,0.0,66,1,1
69,0,1.0,0.0,29,5,1
37,0,1.0,0.0,66,6,3
40,0,0.0027397260273972603,0.0,37,1,3
73,0,1.0,0.0,43,1,2
46,0,1.0,0.0,68,6,1
64,0,1.0,0.0,54,1,2
65,0,0.7972602739726027,0.0,59,2,2
46,0,0.6191780821917808,0.0,85,6,3
43,1,1.0,2607.0,40,6,3
53,0,1.0,0.0,97,3,1
67,1,1.0,31788.0,40,6,2
53,0,1.0,0.0,65,1,1
48,2,1.0,222299.0,170,5,3
37,0,1.0,0.0,47,1,1
42,0,1.0,0.0,47,2,2
37,0,0.9205479452054794,0.0,37,2,1
68,0,1.0,0.0,42,1,1
28,0,1.0,0.0,65,11,1
63,0,1.0,0.0,66,6,1
30,0,1.0,0.0,41,11,1
50,0,1.0,0.0,65,1,1
37,0,0.2547945205479452,0.0,33,3,2
55,0,1.0,0.0,101,16,3
53,0,1.0,0.0,55,11,1
30,0,0.0027397260273972603,0.0,76,1,3
32,0,0.873972602739726,0.0,40,15,1
36,0,1.0,0.0,55,10,2
47,0,1.0,0.0,51,1,3
50,1,0.8575342465753425,811666.0,55,1,1
63,0,1.0,0.0,45,7,1
40,1,1.0,5214.0,45,1,1
52,0,1.0,0.0,44,1,1
51,0,1.0,0.0,77,1,1
70,0,1.0,0.0,55,3,3
74,0,0.7479452054794521,0.0,73,5,2
31,0,0.3698630136986301,0.0,85,10,2
67,1,1.0,5566.0,46,6,1
50,0,1.0,0.0,60,2,3
69,1,1.0,103380.0,53,5,3
38,0,1.0,0.0,43,2,1
32,0,1.0,0.0,100,2,2
52,0,1.0,0.0,74,2,3
80,0,1.0,0.0,55,11,1
70,0,1.0,0.0,54,6,2
28,0,1.0,0.0,55,1,2
26,0,0.09041095890410959,0.0,44,2,2
57,0,0.5808219178082191,0.0,52,1,1
43,0,0.6438356164383562,0.0,55,4,2
49,0,1.0,0.0,37,1,2
65,0,1.0,0.0,59,2,1
46,0,1.0,0.0,67,1,1
29,0,1.0,0.0,55,2,1
73,0,1.0,0.0,53,1,1
51,1,1.0,12500.0,61,2,1
37,0,1.0,0.0,65,5,3
29,0,1.0,0.0,40,8,1
52,0,1.0,0.0,43,6,1
51,0,0.5342465753424658,0.0,43,2,1
80,1,1.0,941833.0,55,3,3
48,1,1.0,60471.0,48,1,2
28,0,0.5808219178082191,0.0,81,2,3
30,0,1.0,0.0,68,1,3
48,0,0.35342465753424657,0.0,39,10,3
45,0,1.0,0.0,66,1,2
66,1,1.0,6050.0,55,1,3
46,0,1.0,0.0,40,3,3
53,1,1.0,45000.0,53,2,2
72,0,1.0,0.0,47,1,3
36,0,0.9671232876712329,0.0,54,4,1
66,0,1.0,0.0,105,9,2
73,0,1.0,0.0,33,6,1
61,0,1.0,0.0,50,2,3
23,0,0.7424657534246575,0.0,55,2,3
59,0,1.0,0.0,65,1,1
45,0,0.273972602739726,0.0,63,9,2
43,0,1.0,0.0,42,2,2
33,0,1.0,0.0,125,3,1
24,0,1.0,0.0,50,1,2
31,0,0.16986301369863013,0.0,64,1,1
50,0,1.0,0.0,40,5,2
44,0,0.24383561643835616,0.0,74,1,2
35,0,1.0,0.0,52,6,1
37,0,1.0,0.0,55,4,2
27,0,1.0,0.0,53,2,1
47,0,1.0,0.0,53,10,1
42,0,1.0,0.0,33,1,1
52,0,1.0,0.0,55,8,1
71,0,1.0,0.0,85,2,1
60,0,1.0,0.0,68,2,1
37,0,1.0,0.0,77,3,1
26,0,1.0,0.0,65,10,2
25,0,1.0,0.0,47,10,2
46,0,1.0,0.0,66,2,2
31,0,0.3287671232876712,0.0,64,1,2
63,0,1.0,0.0,55,1,3
53,0,1.0,0.0,40,1,2
42,0,1.0,0.0,65,2,1
59,0,1.0,0.0,44,1,3
77,0,0.673972602739726,0.0,66,7,3
62,2,1.0,179652.0,55,2,1
51,0,0.8767123287671232,0.0,39,6,1
51,1,0.7972602739726027,6244.0,85,15,2
41,0,1.0,0.0,55,2,1
61,0,1.0,0.0,47,10,1
53,0,1.0,0.0,39,1,2
42,0,1.0,0.0,55,2,1
29,0,0.1780821917808219,0.0,32,1,2
51,0,1.0,0.0,40,7,1
44,1,1.0,6364.0,44,1,2
64,0,1.0,0.0,80,1,2
56,0,1.0,0.0,51,1,3
74,0,1.0,0.0,33,10,2
40,2,1.0,468207.0,40,2,2
57,1,1.0,3430.0,92,16,2
55,0,0.5835616438356165,0.0,47,2,1
54,0,1.0,0.0,55,1,2
61,0,1.0,0.0,95,1,3
25,0,0.852054794520548,0.0,40,10,1
77,0,1.0,0.0,68,1,2
25,0,0.7506849315068493,0.0,48,7,3
37,0,1.0,0.0,44,1,3
43,0,1.0,0.0,44,6,1
39,0,1.0,0.0,48,7,2
54,0,1.0,0.0,65,2,3
28,0,0.3287671232876712,0.0,101,1,1
71,0,1.0,0.0,51,3,1
44,0,1.0,0.0,66,1,1
22,1,1.0,7838.0,40,1,1
47,0,0.12054794520547946,0.0,54,4,3
69,0,1.0,0.0,51,5,3
27,0,1.0,0.0,53,8,2
45,0,1.0,0.0,85,10,1
41,0,0.5041095890410959,0.0,103,5,2
58,0,1.0,0.0,53,6,3
51,0,1.0,0.0,92,2,1
55,0,0.08493150684931507,0.0,75,2,3
41,0,0.005479452054794521,0.0,57,6,2
64,0,0.3561643835616438,0.0,82,1,1
43,0,1.0,0.0,44,6,1
37,0,0.136986301369863,0.0,59,12,1
49,0,1.0,0.0,66,2,2
55,0,1.0,0.0,81,11,1
32,0,1.0,0.0,90,2,3
36,0,1.0,0.0,40,1,2
60,0,0.4684931506849315,0.0,95,1,1
56,0,1.0,0.0,51,11,2
68,0,1.0,0.0,65,2,2
28,0,1.0,0.0,54,9,2
85,0,1.0,0.0,74,5,1
62,0,1.0,0.0,66,1,1
65,1,1.0,2856.0,49,1,2
37,0,0.4904109589041096,0.0,33,3,1
57,0,1.0,0.0,50,20,3
50,1,1.0,2607.0,76,1,1
48,0,1.0,0.0,75,5,3
30,1,0.958904109589041,2607.0,60,1,2
39,0,1.0,0.0,47,6,3
60,0,1.0,0.0,170,10,2
44,0,1.0,0.0,84,2,1
64,0,1.0,0.0,40,10,1
38,0,1.0,0.0,93,3,2
30,0,1.0,0.0,80,1,1
62,0,0.5671232876712329,0.0,33,5,1
61,0,0.6301369863013698,0.0,55,1,3
71,0,1.0,0.0,33,2,2
71,0,1.0,0.0,35,1,1
56,0,1.0,0.0,91,6,1
74,0,1.0,0.0,44,2,2
67,0,1.0,0.0,42,1,3
56,0,1.0,0.0,44,16,1
81,0,1.0,0.0,66,1,2
64,0,1.0,0.0,44,12,3
34,0,0.5808219178082191,0.0,55,1,1
24,0,1.0,0.0,66,11,1
36,0,1.0,0.0,65,1,1
40,0,1.0,0.0,50,2,1
33,1,1.0,43324.0,55,6,2
49,0,1.0,0.0,38,6,2
63,0,1.0,0.0,110,6,1
48,0,1.0,0.0,55,1,1
30,0,1.0,0.0,85,1,3
65,0,1.0,0.0,55,1,1
69,0,1.0,0.0,44,3,3
38,1,1.0,6066.0,66,10,1
33,0,0.08493150684931507,0.0,44,2,2
48,0,1.0,0.0,51,1,3
30,0,1.0,0.0,40,2,2
44,0,1.0,0.0,31,14,3
36,0,1.0,0.0,40,1,1
44,0,1.0,0.0,64,9,2
32,0,1.0,0.0,44,4,3
28,0,1.0,0.0,44,3,3
69,0,1.0,0.0,51,1,1
69,0,1.0,0.0,60,1,1
38,0,1.0,0.0,54,8,1
50,0,1.0,0.0,25,7,3
52,0,1.0,0.0,55,1,3
30,1,1.0,5324.0,40,1,2
47,0,0.7479452054794521,0.0,43,2,1
75,0,1.0,0.0,66,2,3
68,0,1.0,0.0,51,1,2
57,0,0.26575342465753427,0.0,36,2,2
39,1,1.0,24774.0,47,2,1
26,0,1.0,0.0,65,1,2
81,1,1.0,7791.0,51,7,3
38,0,1.0,0.0,46,1,3
26,0,1.0,0.0,55,10,3
57,0,0.7506849315068493,0.0,66,9,1
31,0,0.3150684931506849,0.0,43,1,3
59,0,1.0,0.0,66,1,1
46,0,1.0,0.0,40,5,1
49,0,1.0,0.0,33,16,3
66,0,1.0,0.0,55,1,1
55,0,1.0,0.0,98,1,0
74,1,1.0,4888.0,55,4,2
62,0,1.0,0.0,40,1,2
46,0,1.0,0.0,65,10,1
50,0,1.0,0.0,33,2,3
48,0,1.0,0.0,33,7,1
54,0,1.0,0.0,40,4,3
66,0,1.0,0.0,101,1,3
22,0,1.0,0.0,84,3,1
75,0,1.0,0.0,66,10,3
66,0,1.0,0.0,43,1,3
28,0,0.6164383561643836,0.0,47,4,1
69,0,1.0,0.0,102,2,2
60,0,1.0,0.0,43,6,2
40,0,1.0,0.0,85,1,1
52,0,1.0,0.0,51,11,3
45,0,0.6657534246575343,0.0,42,1,1
34,0,0.7643835616438356,0.0,53,1,2
44,0,0.8328767123287671,0.0,44,6,3
30,0,0.27945205479452057,0.0,61,2,1
22,0,1.0,0.0,33,7,3
61,0,1.0,0.0,43,1,2
47,0,1.0,0.0,60,6,1
35,0,1.0,0.0,37,9,3
60,0,0.547945205479452,0.0,40,1,1
63,0,1.0,0.0,85,10,2
40,0,1.0,0.0,85,1,2
41,0,1.0,0.0,74,5,2
40,0,1.0,0.0,60,9,2
28,1,1.0,1376927.0,66,2,2
26,0,1.0,0.0,55,3,1
24,0,1.0,0.0,42,3,3
52,0,1.0,0.0,52,10,3
29,0,1.0,0.0,40,5,2
41,0,0.5260273972602739,0.0,50,3,3
26,0,0.9397260273972603,0.0,60,9,1
56,0,1.0,0.0,47,1,1
25,0,1.0,0.0,43,10,0
37,0,1.0,0.0,33,1,3
39,0,1.0,0.0,47,1,3
76,0,1.0,0.0,50,8,1
64,0,1.0,0.0,62,12,3
37,0,1.0,0.0,47,1,1
48,0,1.0,0.0,42,5,3
49,0,0.9123287671232877,0.0,43,11,3
30,0,1.0,0.0,48,1,3
51,0,1.0,0.0,52,11,1
52,0,0.9424657534246575,0.0,39,2,1
39,1,1.0,19697.0,55,6,2
53,0,1.0,0.0,40,2,2
65,0,1.0,0.0,75,10,1
25,0,1.0,0.0,33,2,3
55,0,0.27945205479452057,0.0,52,10,1
44,0,1.0,0.0,34,2,1
41,0,1.0,0.0,55,2,3
25,0,0.4,0.0,67,2,2
47,0,0.5205479452054794,0.0,44,6,1
58,0,1.0,0.0,65,3,1
53,0,1.0,0.0,47,2,3
29,0,1.0,0.0,43,12,1
24,0,1.0,0.0,53,8,1
27,0,0.24383561643835616,0.0,40,8,1
30,0,1.0,0.0,60,8,1
42,0,1.0,0.0,54,1,1
84,1,1.0,128242.0,77,1,2
48,0,1.0,0.0,94,13,3
49,0,0.15616438356164383,0.0,60,1,2
32,0,1.0,0.0,60,1,2
50,0,1.0,0.0,54,1,2
48,0,1.0,0.0,46,1,3
44,0,1.0,0.0,47,2,1
58,0,1.0,0.0,40,2,1
32,0,1.0,0.0,52,1,2
60,0,1.0,0.0,55,12,3
55,0,1.0,0.0,47,2,3
37,0,1.0,0.0,90,1,3
61,0,1.0,0.0,51,1,1
54,0,1.0,0.0,55,6,2
23,1,0.8438356164383561,3194.0,74,8,2
33,0,1.0,0.0,72,7,1
37,0,1.0,0.0,70,2,1
70,0,1.0,0.0,60,2,3
29,1,0.6109589041095891,44546.0,55,1,3
48,0,1.0,0.0,44,1,2
66,0,1.0,0.0,44,3,3
31,0,1.0,0.0,55,1,2
59,0,0.6712328767123288,0.0,34,1,1
39,0,1.0,0.0,66,3,2
32,0,1.0,0.0,37,1,2
39,0,1.0,0.0,60,5,1
37,0,1.0,0.0,66,7,2
61,0,1.0,0.0,51,1,3
48,0,1.0,0.0,44,5,2
47,1,0.810958904109589,58676.0,51,1,1
65,0,1.0,0.0,29,8,1
30,0,1.0,0.0,65,1,3
69,0,1.0,0.0,55,3,1
41,0,1.0,0.0,40,10,1
44,0,1.0,0.0,65,13,3
59,0,0.3150684931506849,0.0,40,13,2
31,0,0.4136986301369863,0.0,66,2,2
23,0,1.0,0.0,90,1,2
63,0,1.0,0.0,44,2,0
26,0,0.08493150684931507,0.0,44,10,1
32,0,1.0,0.0,55,13,2
66,0,1.0,0.0,68,2,3
36,0,1.0,0.0,62,13,1
49,0,0.6575342465753424,0.0,64,1,1
53,0,0.5808219178082191,0.0,47,5,1
40,0,1.0,0.0,60,6,1
73,0,1.0,0.0,80,7,3
40,0,1.0,0.0,43,1,1
61,0,1.0,0.0,48,1,3
54,0,1.0,0.0,40,1,2
48,0,0.9671232876712329,0.0,40,10,1
50,0,1.0,0.0,53,5,3
58,0,1.0,0.0,83,11,1
38,1,0.6712328767123288,3012.0,55,2,2
74,0,0.15342465753424658,0.0,50,1,3
71,1,0.16164383561643836,13083.0,55,2,3
46,0,1.0,0.0,34,2,1
25,0,1.0,0.0,55,1,2
67,2,1.0,60147.0,66,3,1
71,0,1.0,0.0,44,2,3
46,0,1.0,0.0,33,2,1
33,0,1.0,0.0,44,2,1
75,0,1.0,0.0,47,1,1
33,1,1.0,128567.0,43,11,1
50,0,1.0,0.0,40,13,2
29,0,1.0,0.0,55,1,1
31,0,1.0,0.0,42,2,3
46,1,0.7506849315068493,31822.0,47,2,1
43,0,1.0,0.0,62,2,3
26,0,0.0136986301369863,0.0,66,6,3
71,0,1.0,0.0,42,3,1
51,0,1.0,0.0,33,1,3
72,0,1.0,0.0,53,1,3
70,2,1.0,114971.0,44,4,3
41,0,1.0,0.0,47,1,3
31,0,1.0,0.0,34,7,3
49,1,0.663013698630137,2868.0,54,10,3
42,0,0.7287671232876712,0.0,44,6,1
64,0,1.0,0.0,66,1,2
71,0,1.0,0.0,43,2,1
45,0,1.0,0.0,85,3,1
27,0,1.0,0.0,44,4,0
50,1,0.4876712328767123,33949.0,51,6,1
37,0,1.0,0.0,51,5,1
31,0,1.0,0.0,66,6,2
75,0,1.0,0.0,47,15,2
45,0,1.0,0.0,70,8,1
46,0,0.8,0.0,55,4,1
53,0,1.0,0.0,65,2,1
35,0,0.5041095890410959,0.0,66,1,0
42,0,1.0,0.0,66,1,2
37,0,1.0,0.0,33,1,3
42,0,0.18904109589041096,0.0,80,3,1
80,0,1.0,0.0,37,1,3
37,0,0.4958904109589041,0.0,86,5,2
47,0,1.0,0.0,89,1,2
42,0,0.06575342465753424,0.0,46,7,3
58,0,1.0,0.0,50,8,2
39,0,1.0,0.0,33,1,1
58,0,1.0,0.0,47,1,2
53,1,1.0,55000.0,55,2,3
42,0,1.0,0.0,41,4,2
29,0,1.0,0.0,47,5,1
50,0,1.0,0.0,44,1,1
73,0,1.0,0.0,66,1,2
31,0,1.0,0.0,53,3,2
38,0,1.0,0.0,47,7,3
38,0,1.0,0.0,47,1,3
30,1,0.5917808219178082,57540.0,53,5,1
73,0,0.07397260273972603,0.0,44,10,2
61,0,0.2191780821917808,0.0,40,1,2
59,0,1.0,0.0,87,8,1
33,0,0.5945205479452055,0.0,100,11,3
64,0,1.0,0.0,75,2,2
46,0,1.0,0.0,67,8,3
39,0,1.0,0.0,105,1,1
23,0,1.0,0.0,44,7,1
70,0,1.0,0.0,67,2,2
27,1,1.0,13876.0,74,2,1
33,1,0.6657534246575343,38000.0,21,3,2
71,0,1.0,0.0,33,10,1
41,0,1.0,0.0,96,1,3
32,0,1.0,0.0,40,2,2
53,0,0.2465753424657534,0.0,68,1,2
56,0,1.0,0.0,44,12,1
57,0,1.0,0.0,63,1,2
68,0,1.0,0.0,38,1,2
45,0,1.0,0.0,85,1,1
25,0,1.0,0.0,64,1,2
30,0,1.0,0.0,50,1,1
49,1,1.0,5954.0,58,1,1
42,1,1.0,55000.0,39,1,1
60,0,1.0,0.0,54,11,1
60,0,1.0,0.0,60,1,1
38,0,1.0,0.0,44,2,2
24,0,1.0,0.0,55,15,2
32,0,1.0,0.0,32,1,1
49,0,1.0,0.0,48,1,2
38,0,1.0,0.0,85,11,1
40,0,1.0,0.0,44,2,2
65,0,1.0,0.0,21,1,1
34,0,1.0,0.0,75,6,3
34,0,1.0,0.0,51,2,1
47,0,1.0,0.0,51,1,1
46,0,1.0,0.0,65,1,1
41,0,1.0,0.0,37,1,1
47,1,1.0,3280.0,42,1,3
52,0,1.0,0.0,47,1,1
35,0,1.0,0.0,43,5,1
39,0,1.0,0.0,33,1,1
24,0,0.4958904109589041,0.0,85,4,1
79,0,1.0,0.0,47,9,2
41,0,0.10410958904109589,0.0,55,2,3
41,1,0.9671232876712329,67704.0,92,10,3
51,0,1.0,0.0,55,1,2
58,0,1.0,0.0,66,2,1
28,1,1.0,5662.0,66,1,3
67,0,1.0,0.0,48,1,1
53,0,1.0,0.0,51,12,1
71,0,1.0,0.0,44,12,1
74,0,1.0,0.0,55,4,1
47,1,1.0,57540.0,54,1,2
47,0,1.0,0.0,43,6,1
26,0,1.0,0.0,37,4,3
52,0,1.0,0.0,60,2,1
32,0,0.915068493150685,0.0,42,1,1
72,0,1.0,0.0,50,12,1
75,0,1.0,0.0,57,2,3
74,0,1.0,0.0,55,10,2
50,0,1.0,0.0,55,2,2
58,0,1.0,0.0,65,3,3
53,0,1.0,0.0,60,9,1
65,0,1.0,0.0,43,1,2
58,0,1.0,0.0,33,1,2
80,0,1.0,0.0,33,5,1
51,0,1.0,0.0,52,1,1
40,0,1.0,0.0,49,5,3
30,1,1.0,121902.0,33,4,1
65,0,1.0,0.0,32,1,3
43,0,0.9095890410958904,0.0,43,3,2
63,0,1.0,0.0,29,1,3
33,0,1.0,0.0,44,9,3
28,0,1.0,0.0,44,11,1
30,0,1.0,0.0,55,1,2
67,1,1.0,5324.0,52,6,1
39,0,1.0,0.0,46,1,1
30,0,1.0,0.0,35,1,1
64,0,1.0,0.0,50,6,1
31,0,0.1726027397260274,0.0,68,4,3
62,0,1.0,0.0,65,20,2
75,0,0.8876712328767123,0.0,55,12,3
59,1,1.0,26752.0,40,1,1
39,0,1.0,0.0,44,1,3
51,0,0.28493150684931506,0.0,39,2,1
28,0,1.0,0.0,55,2,3
52,0,1.0,0.0,75,1,2
25,1,1.0,2426.0,142,1,2
46,0,1.0,0.0,108,8,1
61,0,1.0,0.0,40,1,2
51,1,1.0,35645.0,34,1,2
35,0,1.0,0.0,33,1,2
39,0,1.0,0.0,70,9,2
50,0,1.0,0.0,48,2,1
66,0,1.0,0.0,47,15,3
23,2,1.0,7338.0,94,6,3
43,0,1.0,0.0,66,7,1
37,0,1.0,0.0,90,7,2
56,0,1.0,0.0,40,3,1
25,0,1.0,0.0,55,4,3
41,0,1.0,0.0,55,1,3
30,0,1.0,0.0,43,2,3
44,1,1.0,32176.0,82,2,2
50,0,1.0,0.0,44,8,1
59,0,0.7616438356164383,0.0,48,2,3
28,0,1.0,0.0,96,8,1
23,0,1.0,0.0,44,11,3
32,0,1.0,0.0,69,7,1
29,0,0.3287671232876712,0.0,33,6,1
70,0,1.0,0.0,37,4,3
35,0,0.5342465753424658,0.0,54,5,1
72,0,1.0,0.0,48,1,2
51,0,0.8438356164383561,0.0,65,8,3
69,0,1.0,0.0,54,2,1
26,0,1.0,0.0,33,1,3
41,0,0.46301369863013697,0.0,66,5,1
28,1,1.0,57540.0,51,5,3
47,0,1.0,0.0,55,1,1
66,0,1.0,0.0,58,3,3
56,0,1.0,0.0,43,7,3
41,0,0.38082191780821917,0.0,55,2,2
54,0,1.0,0.0,33,1,1
60,0,1.0,0.0,67,5,2
62,0,0.5863013698630137,0.0,40,9,1
36,1,1.0,57540.0,40,2,1
53,0,1.0,0.0,43,15,1
55,0,1.0,0.0,69,11,2
28,2,1.0,5300.0,100,11,1
47,0,1.0,0.0,46,2,1
57,1,1.0,2496.0,48,6,3
44,0,1.0,0.0,67,8,3
33,0,0.8602739726027397,0.0,54,15,2
40,2,1.0,28367.0,32,2,3
63,1,1.0,57540.0,77,8,1
38,0,1.0,0.0,55,1,3
69,0,1.0,0.0,83,6,1
43,0,1.0,0.0,62,11,3
34,0,1.0,0.0,44,1,3
53,0,0.38082191780821917,0.0,48,6,1
66,0,1.0,0.0,74,1,1
32,0,1.0,0.0,57,1,1
43,0,1.0,0.0,36,2,1
66,0,1.0,0.0,39,8,1
26,0,1.0,0.0,33,9,3
34,0,0.3287671232876712,0.0,54,11,1
39,0,1.0,0.0,68,2,2
42,0,1.0,0.0,66,1,3
52,0,1.0,0.0,47,2,2
36,0,1.0,0.0,55,11,1
46,0,0.136986301369863,0.0,44,1,0
64,1,1.0,35000.0,43,1,1
22,0,1.0,0.0,123,1,1
58,0,0.7534246575342466,0.0,54,1,3
39,0,1.0,0.0,44,1,2
55,0,1.0,0.0,61,1,2
45,0,1.0,0.0,82,1,1
68,0,1.0,0.0,75,5,1
56,0,1.0,0.0,50,1,1
63,0,1.0,0.0,74,1,1
32,0,0.15616438356164383,0.0,31,1,2
29,0,1.0,0.0,43,6,3
33,2,0.8712328767123287,130806.0,90,8,2
28,0,0.8273972602739726,0.0,66,1,2
52,0,1.0,0.0,33,10,3
58,0,0.41643835616438357,0.0,37,1,2
60,0,1.0,0.0,57,5,2
34,0,1.0,0.0,62,2,2
56,0,1.0,0.0,110,1,1
44,0,1.0,0.0,55,2,2
58,0,0.7397260273972602,0.0,57,2,2
29,0,1.0,0.0,40,7,2
64,1,1.0,2496.0,42,8,2
51,0,1.0,0.0,50,1,2
60,0,0.16712328767123288,0.0,38,3,1
27,1,1.0,6922.0,55,11,2
34,0,1.0,0.0,44,2,3
33,1,1.0,8431.0,39,13,1
40,0,1.0,0.0,43,1,3
39,0,1.0,0.0,43,3,3
77,0,1.0,0.0,39,1,1
27,0,1.0,0.0,43,1,2
43,2,1.0,35068.0,54,2,3
33,0,0.8383561643835616,0.0,38,1,2
67,0,1.0,0.0,37,2,3
27,0,1.0,0.0,85,1,1
31,0,0.7863013698630137,0.0,44,12,1
60,1,1.0,4452.0,40,1,1
32,0,1.0,0.0,98,1,1
34,0,1.0,0.0,40,3,2
32,0,1.0,0.0,51,1,1
51,0,1.0,0.0,40,1,2
33,0,0.8301369863013699,0.0,74,1,2
24,0,1.0,0.0,40,12,1
54,0,1.0,0.0,43,2,3
68,0,1.0,0.0,55,3,1
23,0,1.0,0.0,44,5,2
58,0,1.0,0.0,63,1,3
23,0,1.0,0.0,64,1,2
37,1,1.0,57540.0,47,1,1
53,0,1.0,0.0,43,1,3
50,0,1.0,0.0,43,1,3
31,0,1.0,0.0,36,2,1
36,1,1.0,811678.0,40,1,2
37,0,1.0,0.0,40,2,2
55,0,1.0,0.0,44,1,1
66,0,0.2493150684931507,0.0,44,8,2
69,0,1.0,0.0,66,6,1
59,0,0.7972602739726027,0.0,40,9,1
55,0,1.0,0.0,44,1,3
32,0,0.44931506849315067,0.0,32,7,3
25,0,1.0,0.0,55,1,2
42,0,1.0,0.0,66,2,1
62,0,1.0,0.0,40,10,1
22,0,1.0,0.0,33,2,1
55,0,1.0,0.0,55,12,1
78,0,1.0,0.0,100,1,2
21,0,0.3287671232876712,0.0,44,6,3
29,0,1.0,0.0,66,2,3
35,0,0.038356164383561646,0.0,54,6,3
24,0,1.0,0.0,48,10,3
64,0,0.8794520547945206,0.0,55,6,1
44,0,1.0,0.0,85,2,3
42,0,1.0,0.0,74,4,1
52,0,1.0,0.0,40,1,1
75,0,1.0,0.0,66,1,3
32,0,1.0,0.0,85,1,3
61,1,1.0,36720.0,57,9,3
26,0,1.0,0.0,58,6,1
35,0,1.0,0.0,33,12,3
52,0,1.0,0.0,59,6,3
56,0,1.0,0.0,44,11,1
48,0,1.0,0.0,66,6,2
51,1,1.0,152402.0,44,7,1
64,0,1.0,0.0,40,1,1
29,0,1.0,0.0,52,3,1
47,1,1.0,21175.0,39,6,3
41,0,1.0,0.0,33,1,1
68,0,1.0,0.0,68,3,3
45,1,1.0,95210.0,37,2,2
38,1,1.0,5178.0,66,1,3
39,0,1.0,0.0,79,12,3
30,0,1.0,0.0,57,1,3
30,0,1.0,0.0,59,1,1
70,1,1.0,63535.0,50,6,1
70,0,1.0,0.0,74,6,1
68,0,1.0,0.0,77,12,2
42,0,0.5232876712328767,0.0,75,2,1
34,0,1.0,0.0,44,1,2
65,0,1.0,0.0,33,2,2
39,0,1.0,0.0,65,1,2
38,0,1.0,0.0,65,14,3
29,0,1.0,0.0,55,11,1
57,1,1.0,56481.0,33,12,2
34,0,1.0,0.0,92,5,1
49,0,1.0,0.0,55,1,1
25,0,0.4849315068493151,0.0,55,6,0
45,0,0.8849315068493151,0.0,39,2,2
38,0,1.0,0.0,50,2,1
44,0,1.0,0.0,66,1,3
59,0,1.0,0.0,44,12,2
58,1,0.5616438356164384,65000.0,62,4,1
36,1,1.0,231614.0,40,6,1
38,0,1.0,0.0,65,8,1
51,1,1.0,6038.0,50,2,2
35,0,1.0,0.0,55,1,3
35,0,0.536986301369863,0.0,66,1,1
30,0,1.0,0.0,58,1,2
34,0,0.5123287671232877,0.0,53,1,1
55,0,1.0,0.0,42,14,1
27,0,0.16164383561643836,0.0,40,1,3
82,0,1.0,0.0,54,10,1
53,0,0.14794520547945206,0.0,59,1,1
47,0,1.0,0.0,55,11,1
52,0,1.0,0.0,52,12,3
64,0,1.0,0.0,40,1,1
41,0,0.5643835616438356,0.0,44,1,3
46,0,1.0,0.0,43,2,3
61,0,1.0,0.0,46,10,2
29,0,0.14246575342465753,0.0,47,6,1
52,0,0.7123287671232876,0.0,51,2,1
50,0,1.0,0.0,37,1,3
72,0,1.0,0.0,55,6,3
39,0,0.4136986301369863,0.0,100,4,3
31,0,1.0,0.0,40,5,1
56,0,1.0,0.0,36,9,1
66,0,1.0,0.0,55,5,2
31,0,1.0,0.0,55,1,2
67,0,1.0,0.0,42,1,2
73,0,1.0,0.0,40,6,2
29,0,1.0,0.0,64,2,3
65,0,1.0,0.0,60,6,1
51,0,1.0,0.0,40,11,3
71,0,1.0,0.0,46,3,2
58,0,1.0,0.0,40,1,1
54,0,1.0,0.0,48,2,2
37,1,1.0,2849.0,47,5,2
61,0,0.2136986301369863,0.0,55,1,3
40,0,1.0,0.0,43,11,2
32,0,1.0,0.0,55,14,3
54,1,1.0,34934.0,49,10,1
47,0,1.0,0.0,66,2,1
34,0,1.0,0.0,66,1,1
43,0,0.27945205479452057,0.0,44,7,3
34,0,1.0,0.0,44,8,1
46,0,1.0,0.0,44,2,1
48,0,1.0,0.0,43,9,2
39,0,1.0,0.0,50,10,1
47,1,1.0,2747.0,49,4,1
31,0,1.0,0.0,40,7,2
73,0,1.0,0.0,55,1,3
61,0,1.0,0.0,44,1,1
51,0,0.3643835616438356,0.0,40,2,1
59,0,1.0,0.0,47,8,3
44,0,1.0,0.0,53,6,1
44,0,1.0,0.0,40,1,1
37,0,1.0,0.0,55,1,3
62,1,0.9643835616438357,17998.0,77,1,3
44,0,1.0,0.0,44,1,1
75,0,1.0,0.0,55,6,3
46,0,1.0,0.0,38,5,1
42,0,1.0,0.0,65,6,1
25,0,1.0,0.0,63,11,2
55,0,1.0,0.0,43,1,3
39,0,1.0,0.0,54,1,2
35,1,0.6136986301369863,3827.0,40,2,2
75,0,1.0,0.0,40,3,1
51,0,0.9561643835616438,0.0,52,1,2
50,0,1.0,0.0,40,14,3
47,0,0.958904109589041,0.0,94,9,1
51,0,1.0,0.0,40,5,1
82,0,0.043835616438356165,0.0,47,1,2
46,0,1.0,0.0,66,7,3
74,1,0.9972602739726028,26257.0,55,9,2
41,0,1.0,0.0,65,3,2
56,0,1.0,0.0,52,14,2
25,0,1.0,0.0,33,10,1
54,0,0.16164383561643836,0.0,45,1,2
47,0,1.0,0.0,44,1,3
38,0,0.25753424657534246,0.0,59,1,2
38,0,1.0,0.0,48,10,1
76,0,1.0,0.0,83,1,1
76,0,1.0,0.0,110,3,1
60,0,1.0,0.0,40,6,1
48,0,1.0,0.0,55,6,1
40,0,1.0,0.0,51,6,2
33,0,1.0,0.0,62,1,1
27,0,1.0,0.0,55,1,1
63,0,1.0,0.0,44,10,3
30,0,1.0,0.0,70,2,1
83,1,1.0,9196.0,65,1,3
68,0,1.0,0.0,78,1,2
39,0,1.0,0.0,48,8,2
47,0,1.0,0.0,40,1,3
63,0,1.0,0.0,25,1,1
57,0,1.0,0.0,84,6,1
56,0,1.0,0.0,55,1,3
45,1,1.0,19421.0,53,1,2
51,0,0.8328767123287671,0.0,74,1,2
71,0,1.0,0.0,40,1,3
46,0,1.0,0.0,121,1,2
26,0,1.0,0.0,21,12,1
53,0,1.0,0.0,42,2,1
61,0,0.2465753424657534,0.0,55,1,3
37,0,1.0,0.0,66,11,1
66,0,1.0,0.0,37,3,1
46,0,1.0,0.0,65,4,1
30,1,0.27671232876712326,2855.0,54,7,3
54,0,1.0,0.0,150,1,1
27,0,0.3095890410958904,0.0,43,3,3
68,0,0.4958904109589041,0.0,44,4,2
37,0,1.0,0.0,74,1,1
24,0,1.0,0.0,77,11,3
63,0,1.0,0.0,43,9,2
58,0,0.9561643835616438,0.0,50,1,1
57,0,1.0,0.0,66,4,2
77,0,1.0,0.0,66,1,3
53,0,1.0,0.0,49,1,2
39,0,1.0,0.0,59,2,2
77,0,1.0,0.0,50,1,2
32,0,0.8328767123287671,0.0,47,1,1
26,0,0.29041095890410956,0.0,40,11,2
37,0,1.0,0.0,51,1,2
27,0,1.0,0.0,40,2,2
68,0,1.0,0.0,85,6,1
51,0,1.0,0.0,85,1,2
26,0,1.0,0.0,55,8,2
64,0,1.0,0.0,40,2,3
64,0,0.8821917808219178,0.0,44,12,2
60,0,1.0,0.0,43,2,1
24,0,1.0,0.0,39,2,3
69,0,1.0,0.0,50,1,2
74,0,0.5753424657534246,0.0,60,4,1
49,0,1.0,0.0,54,1,1
46,0,1.0,0.0,85,1,1
41,1,0.9041095890410958,2607.0,76,2,1
63,0,1.0,0.0,66,2,2
55,0,1.0,0.0,46,2,1
53,0,0.6657534246575343,0.0,51,2,2
47,0,0.1178082191780822,0.0,81,1,1
50,0,1.0,0.0,37,2,3
55,0,1.0,0.0,37,1,1
47,0,1.0,0.0,43,8,1
28,0,1.0,0.0,55,6,3
38,0,1.0,0.0,60,1,3
62,0,1.0,0.0,40,1,3
62,0,0.6602739726027397,0.0,61,7,3
45,0,1.0,0.0,44,1,0
40,0,0.4986301369863014,0.0,44,1,1
79,0,1.0,0.0,33,1,2
31,0,1.0,0.0,41,5,3
65,0,1.0,0.0,44,3,3
71,0,1.0,0.0,66,10,2
24,0,0.5835616438356165,0.0,51,1,1
62,0,1.0,0.0,95,12,3
29,0,0.4547945205479452,0.0,173,1,1
31,1,1.0,2607.0,61,2,2
43,0,1.0,0.0,21,7,3
40,0,0.5780821917808219,0.0,40,2,1
55,0,1.0,0.0,49,7,1
76,0,1.0,0.0,82,3,1
51,0,1.0,0.0,84,3,2
38,0,0.14794520547945206,0.0,25,1,2
76,0,1.0,0.0,55,6,3
29,0,1.0,0.0,69,6,2
64,0,1.0,0.0,40,2,1
44,0,1.0,0.0,80,1,1
79,0,1.0,0.0,43,2,3
59,0,0.9753424657534246,0.0,43,2,2
68,0,1.0,0.0,55,2,1
25,0,0.9643835616438357,0.0,78,1,2
69,0,1.0,0.0,59,1,3
78,0,1.0,0.0,66,1,1
39,0,0.4958904109589041,0.0,64,20,1
50,0,1.0,0.0,48,3,3
72,0,1.0,0.0,69,3,3
46,0,1.0,0.0,47,1,2
53,0,0.4794520547945205,0.0,60,11,1
40,0,1.0,0.0,47,2,1
43,0,1.0,0.0,55,1,3
31,0,0.7479452054794521,0.0,36,1,1
46,0,1.0,0.0,40,1,3
40,0,1.0,0.0,68,1,2
33,0,1.0,0.0,97,2,3
45,1,0.7780821917808219,137155.0,40,7,1
22,0,0.3232876712328767,0.0,43,4,3
69,0,1.0,0.0,55,10,1
56,0,0.7479452054794521,0.0,88,1,3
71,0,1.0,0.0,55,2,1
37,0,1.0,0.0,55,2,2
61,0,1.0,0.0,38,1,1
35,1,1.0,5176.0,85,2,3
40,0,1.0,0.0,102,5,2
34,0,1.0,0.0,55,11,1
22,0,1.0,0.0,54,1,2
66,0,1.0,0.0,40,1,1
32,0,1.0,0.0,97,1,2
37,0,1.0,0.0,66,5,3
50,0,1.0,0.0,70,1,3
39,0,1.0,0.0,55,5,2
24,0,1.0,0.0,33,6,3
48,0,1.0,0.0,62,11,1
62,1,1.0,39953.0,50,1,3
35,0,0.038356164383561646,0.0,84,1,3
69,0,1.0,0.0,38,1,1
65,1,1.0,34594.0,40,1,2
39,1,1.0,121902.0,54,1,3
70,0,1.0,0.0,55,1,2
65,0,1.0,0.0,43,2,2
41,0,1.0,0.0,43,6,1
28,0,0.2876712328767123,0.0,47,10,1
46,0,1.0,0.0,46,3,1
31,0,1.0,0.0,66,6,3
54,0,0.2465753424657534,0.0,47,8,1
34,0,0.2465753424657534,0.0,30,2,1
37,0,1.0,0.0,37,1,1
46,0,0.3041095890410959,0.0,42,5,1
46,0,1.0,0.0,55,2,1
60,0,1.0,0.0,37,1,2
42,0,1.0,0.0,66,3,2
61,0,1.0,0.0,35,2,2
52,0,1.0,0.0,78,5,1
45,0,1.0,0.0,66,11,1
47,0,0.7972602739726027,0.0,70,1,3
80,0,1.0,0.0,34,16,2
43,1,0.4767123287671233,50442.0,48,2,1
35,0,0.5671232876712329,0.0,69,1,3
49,0,1.0,0.0,40,5,2
34,0,1.0,0.0,82,1,1
40,0,1.0,0.0,110,2,1
50,0,1.0,0.0,40,1,2
51,0,1.0,0.0,53,2,1
71,0,1.0,0.0,45,9,1
47,0,0.1917808219178082,0.0,130,1,1
47,0,1.0,0.0,48,12,1
55,0,1.0,0.0,64,1,2
75,0,1.0,0.0,66,12,2
45,0,1.0,0.0,64,12,2
49,0,1.0,0.0,61,1,3
59,0,1.0,0.0,55,1,1
27,2,1.0,60147.0,49,3,3
45,0,0.08493150684931507,0.0,33,11,2
32,0,0.3150684931506849,0.0,92,3,1
77,0,1.0,0.0,55,1,2
44,0,1.0,0.0,43,3,3
65,0,1.0,0.0,66,11,1
48,0,1.0,0.0,33,8,1
71,0,1.0,0.0,55,1,1
24,1,1.0,58236.0,40,8,2
45,0,1.0,0.0,44,3,2
27,0,0.1780821917808219,0.0,54,5,1
30,0,1.0,0.0,66,2,2
68,0,1.0,0.0,68,1,1
41,0,1.0,0.0,40,4,3
52,0,1.0,0.0,55,12,3
69,0,1.0,0.0,85,1,1
34,0,1.0,0.0,116,1,2
50,0,0.4958904109589041,0.0,33,10,3
48,0,1.0,0.0,33,1,2
60,0,1.0,0.0,42,6,1
57,0,1.0,0.0,64,1,1
25,0,0.4547945205479452,0.0,66,12,1
40,0,0.19726027397260273,0.0,55,8,1
35,0,1.0,0.0,48,5,3
73,1,1.0,5822.0,43,9,3
50,0,0.2465753424657534,0.0,43,2,2
31,0,1.0,0.0,58,13,2
66,0,0.6575342465753424,0.0,66,1,0
63,0,1.0,0.0,55,2,2
51,0,0.6712328767123288,0.0,47,2,2
42,0,1.0,0.0,37,2,2
61,0,1.0,0.0,43,1,1
60,0,1.0,0.0,47,5,1
40,0,1.0,0.0,44,1,2
63,0,1.0,0.0,54,1,1
61,1,1.0,5850.0,51,1,1
32,0,1.0,0.0,55,2,3
28,0,1.0,0.0,66,1,1
46,0,1.0,0.0,85,1,1
46,0,1.0,0.0,55,2,1
32,0,1.0,0.0,40,11,3
30,1,0.8273972602739726,2765.0,55,1,2
27,0,1.0,0.0,43,1,3
38,1,1.0,6066.0,40,6,3
36,0,1.0,0.0,79,12,1
50,0,0.6575342465753424,0.0,99,1,2
60,0,1.0,0.0,66,1,1
25,1,1.0,41448.0,85,2,3
29,1,0.3287671232876712,58050.0,54,6,2
42,0,0.7534246575342466,0.0,64,1,2
67,1,1.0,245550.0,37,5,2
73,0,1.0,0.0,101,1,1
23,1,1.0,5850.0,92,12,1
67,0,1.0,0.0,108,1,3
37,0,0.2273972602739726,0.0,44,1,2
77,0,1.0,0.0,124,8,3
61,0,1.0,0.0,37,2,2
33,0,1.0,0.0,40,1,2
32,0,1.0,0.0,54,7,1
43,0,1.0,0.0,40,6,2
34,0,1.0,0.0,125,1,2
47,1,1.0,2694.0,66,8,1
57,0,1.0,0.0,29,6,3
28,0,1.0,0.0,40,6,1
52,0,1.0,0.0,44,1,2
33,0,0.0136986301369863,0.0,69,3,2
54,0,0.07397260273972603,0.0,70,10,1
47,0,1.0,0.0,40,4,2
77,0,1.0,0.0,37,7,2
42,0,1.0,0.0,65,1,3
71,1,1.0,6050.0,65,1,2
29,0,0.2465753424657534,0.0,47,5,3
45,1,0.4410958904109589,57540.0,99,1,1
35,1,0.947945205479452,48310.0,79,2,3
60,0,1.0,0.0,100,1,3
47,0,1.0,0.0,44,3,1
36,0,0.25205479452054796,0.0,25,1,1
47,0,1.0,0.0,44,1,1
72,0,1.0,0.0,66,9,1
71,0,1.0,0.0,40,3,1
47,0,1.0,0.0,43,1,2
33,2,0.4547945205479452,127930.0,39,1,2
26,0,1.0,0.0,45,1,2
51,0,1.0,0.0,65,4,2
58,0,1.0,0.0,82,2,1
21,0,1.0,0.0,55,1,1
39,0,1.0,0.0,40,1,2
32,0,1.0,0.0,44,6,1
35,0,1.0,0.0,64,1,1
51,0,1.0,0.0,141,1,1
33,0,1.0,0.0,44,1,3
36,0,1.0,0.0,51,2,1
32,1,1.0,6066.0,66,3,1
26,0,0.7643835616438356,0.0,66,5,1
31,0,1.0,0.0,62,15,1
24,0,1.0,0.0,40,7,1
45,0,0.6767123287671233,0.0,40,1,3
60,0,1.0,0.0,40,11,2
30,0,1.0,0.0,52,2,3
57,0,0.2465753424657534,0.0,53,12,3
58,0,1.0,0.0,48,1,3
42,0,1.0,0.0,65,2,2
29,0,1.0,0.0,40,1,3
76,0,1.0,0.0,32,1,2
32,0,0.7479452054794521,0.0,40,12,2
39,0,0.0410958904109589,0.0,97,1,1
40,0,1.0,0.0,60,1,3
47,0,1.0,0.0,55,7,3
31,0,1.0,0.0,74,6,3
31,0,1.0,0.0,40,2,3
64,0,1.0,0.0,75,6,1
24,1,0.8904109589041096,3008.0,67,1,1
45,0,1.0,0.0,66,1,1
42,0,1.0,0.0,67,1,1
42,0,1.0,0.0,99,1,1
41,0,1.0,0.0,67,12,3
28,0,0.5068493150684932,0.0,75,2,1
54,0,1.0,0.0,40,2,1
51,0,1.0,0.0,25,11,1
32,1,1.0,91374.0,50,6,1
37,0,1.0,0.0,42,2,1
72,0,1.0,0.0,55,2,3
66,0,1.0,0.0,51,1,2
42,0,1.0,0.0,51,9,3
57,0,1.0,0.0,74,16,1
36,0,1.0,0.0,41,11,3
26,0,1.0,0.0,40,1,2
66,0,1.0,0.0,55,7,1
30,0,1.0,0.0,64,3,1
28,0,0.08493150684931507,0.0,48,12,2
34,0,0.9178082191780822,0.0,92,10,2
59,0,1.0,0.0,65,5,2
48,1,1.0,4994.0,55,1,2
36,0,1.0,0.0,55,11,2
34,0,1.0,0.0,110,1,1
50,0,1.0,0.0,44,3,2
57,0,1.0,0.0,48,10,3
34,0,1.0,0.0,48,2,1
38,0,1.0,0.0,100,3,2
43,0,1.0,0.0,85,1,2
30,0,1.0,0.0,55,1,2
45,0,1.0,0.0,47,1,2
59,0,1.0,0.0,44,2,2
39,0,0.4602739726027397,0.0,54,1,3
27,0,0.5808219178082191,0.0,32,1,1
46,0,1.0,0.0,60,10,2
40,1,0.8328767123287671,6066.0,37,3,1
35,0,1.0,0.0,68,1,2
52,0,1.0,0.0,52,2,3
27,0,1.0,0.0,55,1,3
29,0,1.0,0.0,110,6,1
53,0,0.2328767123287671,0.0,53,1,1
63,0,1.0,0.0,40,12,1
51,1,1.0,57540.0,94,1,1
65,0,0.18904109589041096,0.0,55,2,1
42,0,1.0,0.0,44,3,2
24,0,0.08493150684931507,0.0,55,11,2
30,0,0.27671232876712326,0.0,60,1,1
40,0,1.0,0.0,44,1,2
56,0,1.0,0.0,57,2,3
59,0,1.0,0.0,39,8,1
39,0,0.9260273972602739,0.0,101,1,1
27,0,1.0,0.0,44,1,1
65,0,1.0,0.0,39,1,1
41,0,1.0,0.0,43,11,2
48,0,1.0,0.0,138,1,1
32,0,1.0,0.0,66,3,1
32,0,1.0,0.0,55,1,1
35,0,0.1589041095890411,0.0,63,2,1
29,0,1.0,0.0,53,3,3
37,0,1.0,0.0,44,1,1
37,0,0.09041095890410959,0.0,37,5,1
72,0,1.0,0.0,52,1,1
51,0,1.0,0.0,49,2,1
26,0,1.0,0.0,55,1,3
57,0,1.0,0.0,80,10,3
74,1,1.0,57540.0,55,1,1
53,0,0.7479452054794521,0.0,66,1,2
59,0,1.0,0.0,53,1,3
61,0,1.0,0.0,43,1,3
50,1,1.0,8252.0,55,2,1
76,0,1.0,0.0,83,2,3
59,0,1.0,0.0,40,1,3
58,0,1.0,0.0,40,5,1
53,0,1.0,0.0,61,2,3
55,0,1.0,0.0,48,2,3
29,0,1.0,0.0,63,2,1
69,0,1.0,0.0,52,1,3
51,0,0.8328767123287671,0.0,43,7,1
52,0,1.0,0.0,60,6,1
40,0,1.0,0.0,59,1,2
31,0,0.8684931506849315,0.0,25,2,2
74,0,1.0,0.0,43,12,3
26,0,1.0,0.0,66,11,3
73,0,0.5095890410958904,0.0,48,12,1
37,1,1.0,38215.0,62,3,1
35,0,0.2493150684931507,0.0,82,7,3
24,0,0.726027397260274,0.0,77,1,2
43,0,1.0,0.0,77,5,3
36,0,1.0,0.0,50,11,3
59,0,1.0,0.0,45,11,2
42,0,1.0,0.0,34,1,1
52,0,1.0,0.0,44,1,1
44,0,1.0,0.0,44,1,1
62,0,0.8575342465753425,0.0,40,3,2
79,0,1.0,0.0,55,3,2
30,0,1.0,0.0,40,1,1
25,0,0.8054794520547945,0.0,39,9,1
77,0,1.0,0.0,55,1,1
49,0,1.0,0.0,40,11,2
56,2,1.0,179442.0,66,5,2
34,0,1.0,0.0,66,11,2
41,0,1.0,0.0,51,5,2
46,0,1.0,0.0,44,5,3
34,0,1.0,0.0,66,16,1
38,0,1.0,0.0,45,1,1
51,0,1.0,0.0,96,1,3
38,1,1.0,57540.0,55,8,2
26,0,0.16164383561643836,0.0,63,1,3
24,0,1.0,0.0,40,2,1
72,1,1.0,15000.0,40,12,1
48,0,1.0,0.0,42,2,3
29,0,0.4410958904109589,0.0,60,1,3
53,0,1.0,0.0,60,6,3
36,0,0.08493150684931507,0.0,75,2,2
67,0,1.0,0.0,33,1,3
68,0,0.019178082191780823,0.0,47,3,3
37,0,1.0,0.0,47,5,2
65,1,1.0,121902.0,85,11,1
37,0,1.0,0.0,40,1,1
32,0,1.0,0.0,66,1,3
57,0,0.8493150684931506,0.0,66,2,1
60,0,1.0,0.0,90,1,0
60,0,0.6410958904109589,0.0,29,12,2
55,0,1.0,0.0,43,10,2
34,0,0.6602739726027397,0.0,29,11,2
67,2,1.0,70211.0,51,1,2
64,0,0.6054794520547945,0.0,66,2,3
48,0,0.24383561643835616,0.0,44,1,2
25,0,1.0,0.0,74,12,3
42,0,0.8027397260273973,0.0,50,1,2
41,0,0.1232876712328767,0.0,75,1,3
33,0,0.2,0.0,40,7,1
60,0,1.0,0.0,44,2,2
70,0,1.0,0.0,63,9,2
51,0,0.3041095890410959,0.0,102,1,2
66,0,1.0,0.0,43,2,2
30,1,1.0,964432.0,40,2,1
22,1,0.9452054794520548,155000.0,39,1,2
57,0,1.0,0.0,47,1,1
45,0,1.0,0.0,50,2,2
55,0,1.0,0.0,66,1,1
27,1,0.8301369863013699,29105.0,66,2,2
64,0,1.0,0.0,42,10,3
44,0,0.7095890410958904,0.0,74,5,2
57,0,1.0,0.0,64,1,1
37,0,1.0,0.0,75,2,3
43,0,1.0,0.0,44,1,1
51,0,1.0,0.0,60,1,2
67,0,0.0027397260273972603,0.0,55,12,2
33,1,1.0,10000.0,85,12,3
40,0,1.0,0.0,55,1,1
33,1,1.0,3426.0,50,11,1
34,0,1.0,0.0,40,1,1
30,0,1.0,0.0,94,3,1
57,0,1.0,0.0,47,2,3
32,0,1.0,0.0,33,6,3
39,0,1.0,0.0,94,11,1
61,1,0.5095890410958904,85388.0,66,1,1
44,0,1.0,0.0,66,1,1
28,0,1.0,0.0,50,1,1
79,0,1.0,0.0,50,16,2
49,0,1.0,0.0,110,4,2
32,0,1.0,0.0,66,12,1
40,0,1.0,0.0,55,10,3
25,0,1.0,0.0,43,7,1
69,0,1.0,0.0,38,13,3
79,0,1.0,0.0,37,2,3
59,0,1.0,0.0,50,1,2
56,0,1.0,0.0,130,6,1
42,0,1.0,0.0,55,1,3
67,0,1.0,0.0,83,1,3
47,0,1.0,0.0,66,7,1
67,0,1.0,0.0,81,3,2
62,0,1.0,0.0,66,1,2
78,0,1.0,0.0,44,11,1
50,0,1.0,0.0,69,6,1
69,0,1.0,0.0,42,11,2
35,0,1.0,0.0,43,2,3
48,0,1.0,0.0,116,1,3
59,0,0.00821917808219178,0.0,33,12,2
33,0,1.0,0.0,51,12,2
34,0,0.29315068493150687,0.0,43,1,1
28,0,0.8657534246575342,0.0,59,8,1
80,0,1.0,0.0,42,6,3
43,2,0.3863013698630137,27825.0,43,1,1
45,0,1.0,0.0,43,2,1
37,0,1.0,0.0,68,12,1
44,0,1.0,0.0,58,12,2
47,0,0.7972602739726027,0.0,59,1,2
35,0,0.9397260273972603,0.0,55,2,2
28,0,1.0,0.0,77,9,1
29,0,0.2054794520547945,0.0,43,6,2
31,1,1.0,80000.0,48,1,1
40,0,1.0,0.0,85,11,2
53,1,1.0,33626.0,59,2,1
37,0,1.0,0.0,59,12,1
43,0,1.0,0.0,44,1,3
53,0,1.0,0.0,41,1,3
32,0,1.0,0.0,34,2,3
29,0,0.9917808219178083,0.0,43,1,2
41,0,1.0,0.0,125,6,1
28,2,1.0,67141.0,50,2,2
42,0,0.4,0.0,40,10,1
47,0,1.0,0.0,25,2,3
61,1,0.7835616438356164,132800.0,55,1,2
47,0,0.8657534246575342,0.0,51,9,2
49,2,0.9397260273972603,81824.0,90,1,2
58,0,1.0,0.0,47,10,1
30,0,1.0,0.0,55,2,2
38,0,1.0,0.0,132,1,1
42,0,0.873972602739726,0.0,62,1,1
34,0,1.0,0.0,62,1,1
61,0,1.0,0.0,66,10,3
40,0,1.0,0.0,43,3,1
59,0,1.0,0.0,77,9,2
25,0,1.0,0.0,42,1,3
35,1,1.0,39047.0,47,5,3
41,0,0.1506849315068493,0.0,55,6,3
40,0,1.0,0.0,97,12,1
36,0,1.0,0.0,60,10,1
73,0,1.0,0.0,55,2,2
45,0,0.1863013698630137,0.0,40,1,1
88,0,1.0,0.0,82,1,3
26,0,1.0,0.0,73,3,3
28,0,1.0,0.0,66,6,2
41,1,1.0,30124.0,65,1,1
55,1,1.0,100000.0,55,2,1
35,1,1.0,12383.0,47,4,1
30,0,1.0,0.0,85,1,3
72,1,1.0,12065.0,55,3,3
38,0,0.16164383561643836,0.0,83,1,1
48,0,1.0,0.0,93,10,2
41,0,1.0,0.0,66,1,3
55,0,1.0,0.0,43,3,2
63,0,1.0,0.0,45,5,2
47,1,0.3589041095890411,50000.0,33,1,1
42,0,1.0,0.0,59,3,1
26,0,1.0,0.0,65,2,2
25,1,1.0,28000.0,36,6,2
76,0,1.0,0.0,47,1,1
52,0,1.0,0.0,48,1,3
67,0,1.0,0.0,48,1,1
39,0,1.0,0.0,43,1,3
34,0,1.0,0.0,43,12,1
47,1,1.0,13700.0,55,13,1
27,1,1.0,5904.0,49,15,1
65,0,1.0,0.0,47,1,1
52,0,1.0,0.0,65,5,1
44,0,1.0,0.0,65,8,1
36,0,1.0,0.0,74,1,2
53,0,0.38904109589041097,0.0,44,1,3
33,0,0.1232876712328767,0.0,64,10,3
29,0,1.0,0.0,66,3,3
34,0,1.0,0.0,55,2,2
39,0,1.0,0.0,33,1,1
49,1,0.8,116103.0,66,5,1
27,0,1.0,0.0,65,8,1
52,0,0.5945205479452055,0.0,50,10,1
59,0,0.9452054794520548,0.0,68,1,3
25,0,1.0,0.0,55,9,2
48,0,1.0,0.0,33,1,1
39,0,1.0,0.0,54,12,1
32,0,1.0,0.0,43,6,3
55,0,0.16164383561643836,0.0,85,2,2
48,0,1.0,0.0,38,1,3
45,0,1.0,0.0,51,6,2
31,0,1.0,0.0,40,1,2
69,0,1.0,0.0,43,2,1
31,0,1.0,0.0,33,3,3
29,0,1.0,0.0,55,1,3
40,0,1.0,0.0,37,12,3
46,0,0.7726027397260274,0.0,55,1,3
24,0,0.5643835616438356,0.0,47,2,1
41,0,1.0,0.0,55,6,2
50,0,1.0,0.0,40,1,1
30,0,0.4136986301369863,0.0,37,5,1
52,0,1.0,0.0,73,12,2
47,1,0.6356164383561644,49370.0,64,2,2
45,0,1.0,0.0,66,7,1
40,0,0.4246575342465753,0.0,40,3,1
44,0,1.0,0.0,55,1,3
47,1,1.0,16190.0,74,10,1
40,0,0.6136986301369863,0.0,64,1,1
49,0,0.21095890410958903,0.0,69,3,3
37,0,1.0,0.0,55,6,3
46,0,0.01643835616438356,0.0,68,12,1
75,0,1.0,0.0,34,10,1
29,0,1.0,0.0,47,1,1
41,0,1.0,0.0,66,3,3
25,0,1.0,0.0,60,2,3
32,0,1.0,0.0,75,1,1
43,0,0.2547945205479452,0.0,40,1,3
53,0,1.0,0.0,33,1,1
69,0,0.1643835616438356,0.0,60,8,2
31,0,1.0,0.0,83,1,1
36,0,1.0,0.0,40,6,1
55,0,1.0,0.0,57,7,1
66,0,1.0,0.0,55,1,3
56,0,1.0,0.0,43,1,3
29,1,1.0,20534.0,43,1,1
45,1,0.7753424657534247,1165000.0,103,2,1
31,0,0.9178082191780822,0.0,50,8,2
73,0,1.0,0.0,50,12,3
37,1,1.0,63824.0,85,1,1
59,0,1.0,0.0,77,1,1
74,0,1.0,0.0,47,2,1
41,1,1.0,5850.0,66,7,2
57,0,1.0,0.0,48,11,1
32,0,1.0,0.0,55,12,1
27,0,1.0,0.0,55,12,1
24,0,0.0821917808219178,0.0,41,5,1
46,0,1.0,0.0,43,9,2
55,0,1.0,0.0,85,2,1
33,0,1.0,0.0,41,3,2
26,0,1.0,0.0,55,2,2
57,0,0.9041095890410958,0.0,110,1,2
51,0,1.0,0.0,55,1,1
31,0,0.08493150684931507,0.0,51,6,1
33,0,0.1095890410958904,0.0,66,2,1
40,0,1.0,0.0,55,3,1
71,0,1.0,0.0,43,8,3
24,0,0.3232876712328767,0.0,55,1,1
54,0,1.0,0.0,75,1,2
56,0,1.0,0.0,47,1,2
27,0,0.2547945205479452,0.0,81,10,3
61,1,1.0,5954.0,40,1,3
58,0,1.0,0.0,37,1,2
60,0,0.5835616438356165,0.0,51,1,1
47,0,1.0,0.0,54,1,3
62,0,1.0,0.0,66,10,3
56,0,1.0,0.0,46,1,1
57,0,1.0,0.0,43,1,3
49,0,1.0,0.0,36,1,3
54,0,1.0,0.0,33,2,1
38,0,1.0,0.0,70,13,2
53,0,1.0,0.0,40,1,3
47,0,1.0,0.0,40,12,1
47,0,1.0,0.0,66,3,2
44,0,1.0,0.0,59,1,3
37,0,1.0,0.0,40,1,1
37,1,1.0,6618.0,40,4,2
57,0,0.4191780821917808,0.0,74,2,1
51,0,1.0,0.0,70,7,1
55,0,1.0,0.0,40,1,1
42,0,1.0,0.0,60,8,1
43,0,1.0,0.0,40,5,3
71,0,1.0,0.0,43,1,1
73,1,1.0,5178.0,84,1,1
46,0,1.0,0.0,47,3,2
31,0,0.27123287671232876,0.0,52,2,2
67,1,1.0,1271013.0,19,1,3
74,1,1.0,62120.0,48,3,3
72,0,1.0,0.0,55,1,3
44,0,1.0,0.0,66,1,1
68,0,0.6027397260273972,0.0,62,2,1
33,0,0.5917808219178082,0.0,65,1,1
64,0,1.0,0.0,70,13,1
39,0,1.0,0.0,66,3,3
36,0,1.0,0.0,55,1,3
31,0,1.0,0.0,40,1,1
69,0,1.0,0.0,37,7,1
25,0,1.0,0.0,40,1,1
41,0,1.0,0.0,43,1,1
54,0,1.0,0.0,55,12,1
69,0,1.0,0.0,40,1,1
37,0,1.0,0.0,65,1,1
47,0,1.0,0.0,66,8,1
45,0,1.0,0.0,82,11,3
21,0,0.8191780821917808,0.0,40,1,3
63,0,1.0,0.0,37,1,2
53,0,1.0,0.0,69,2,2
52,0,1.0,0.0,68,1,2
43,0,1.0,0.0,70,1,2
55,0,0.7479452054794521,0.0,78,3,3
52,0,1.0,0.0,53,12,2
52,0,0.5808219178082191,0.0,43,1,1
34,0,0.6794520547945205,0.0,53,1,3
32,0,1.0,0.0,40,6,1
34,0,1.0,0.0,85,6,3
46,0,1.0,0.0,40,1,2
29,0,0.3780821917808219,0.0,29,1,2
59,0,0.7780821917808219,0.0,42,19,3
36,0,1.0,0.0,66,10,1
33,0,1.0,0.0,66,1,1
39,0,0.6273972602739726,0.0,78,5,1
27,0,1.0,0.0,57,6,0
51,0,0.6136986301369863,0.0,43,10,1
39,0,1.0,0.0,95,6,2
35,0,1.0,0.0,70,2,2
58,0,1.0,0.0,63,1,1
52,0,1.0,0.0,33,1,1
41,0,1.0,0.0,65,10,1
43,0,1.0,0.0,65,1,3
53,1,0.8684931506849315,6060.0,27,2,1
61,0,1.0,0.0,123,1,2
36,0,1.0,0.0,40,1,3
27,0,1.0,0.0,53,1,1
53,0,1.0,0.0,45,1,1
67,1,1.0,5850.0,77,1,2
23,0,1.0,0.0,50,4,3
51,0,1.0,0.0,48,7,1
43,0,1.0,0.0,41,5,3
54,0,1.0,0.0,40,6,2
37,0,0.9835616438356164,0.0,37,1,3
67,0,1.0,0.0,40,1,2
46,0,1.0,0.0,40,10,2
47,1,1.0,24026.0,44,2,3
64,1,1.0,57540.0,41,5,3
38,1,1.0,14765.0,50,1,1
70,0,1.0,0.0,53,1,3
42,0,0.024657534246575342,0.0,39,8,2
59,0,1.0,0.0,42,1,2
31,0,1.0,0.0,43,1,1
27,0,1.0,0.0,55,2,1
39,0,1.0,0.0,44,2,2
38,0,1.0,0.0,40,1,1
37,0,1.0,0.0,54,6,1
66,0,1.0,0.0,43,1,1
45,1,1.0,6534.0,37,1,3
37,0,1.0,0.0,65,3,2
39,0,1.0,0.0,40,2,1
22,0,1.0,0.0,55,1,2
44,0,0.9315068493150684,0.0,97,15,1
75,0,1.0,0.0,55,2,1
51,0,1.0,0.0,42,1,2
46,0,1.0,0.0,44,2,3
60,0,1.0,0.0,65,5,2
31,1,1.0,4407.0,66,1,2
45,1,1.0,2710.0,201,12,1
37,0,0.6301369863013698,0.0,50,1,1
54,0,1.0,0.0,55,4,1
69,0,1.0,0.0,24,11,1
32,0,0.9068493150684932,0.0,66,10,1
26,0,0.7589041095890411,0.0,51,1,1
48,0,1.0,0.0,33,5,1
28,0,0.4136986301369863,0.0,55,1,2
26,0,0.8328767123287671,0.0,33,12,2
50,0,1.0,0.0,33,8,1
27,0,1.0,0.0,95,12,3
62,0,0.1232876712328767,0.0,48,10,3
41,0,1.0,0.0,62,1,1
34,0,1.0,0.0,66,12,2
23,1,1.0,57540.0,33,1,3
49,0,1.0,0.0,89,12,3
81,0,1.0,0.0,54,1,3
40,0,1.0,0.0,34,1,3
46,0,1.0,0.0,47,2,3
70,0,1.0,0.0,40,2,3
71,0,1.0,0.0,65,2,1
29,0,0.06027397260273973,0.0,65,1,3
50,0,1.0,0.0,44,10,1
41,1,1.0,7200.0,50,1,1
64,1,1.0,20500.0,62,3,2
28,1,0.7150684931506849,14127.0,44,1,3
53,0,1.0,0.0,44,1,1
36,0,1.0,0.0,60,11,2
77,0,0.2684931506849315,0.0,80,2,3
23,0,1.0,0.0,40,1,2
39,0,1.0,0.0,49,1,2
23,0,1.0,0.0,43,1,3
49,0,1.0,0.0,96,12,2
38,0,0.5342465753424658,0.0,83,1,3
34,0,1.0,0.0,62,12,3
66,0,1.0,0.0,45,1,2
50,0,1.0,0.0,43,1,2
35,0,0.0027397260273972603,0.0,40,1,3
50,0,1.0,0.0,57,2,2
69,0,1.0,0.0,37,7,1
80,0,0.7095890410958904,0.0,40,1,1
65,0,1.0,0.0,136,2,3
44,0,0.0027397260273972603,0.0,40,5,3
56,0,1.0,0.0,65,1,2
35,0,1.0,0.0,43,2,1
38,0,1.0,0.0,38,3,1
57,0,1.0,0.0,60,3,1
33,0,1.0,0.0,40,1,1
65,0,0.8410958904109589,0.0,50,1,3
59,0,1.0,0.0,66,2,3
73,0,0.22465753424657534,0.0,50,1,2
62,0,1.0,0.0,66,1,3
43,0,1.0,0.0,43,2,2
65,1,1.0,5324.0,66,3,1
40,0,0.915068493150685,0.0,65,6,2
83,0,1.0,0.0,44,1,3
45,0,1.0,0.0,77,1,1
54,1,1.0,65000.0,36,1,3
36,0,1.0,0.0,90,9,3
53,0,1.0,0.0,29,19,1
29,1,1.0,193600.0,50,3,2
58,0,1.0,0.0,85,6,1
37,0,1.0,0.0,93,3,1
41,0,1.0,0.0,48,1,3
33,0,0.03561643835616438,0.0,39,1,3
51,0,1.0,0.0,60,2,3
40,0,1.0,0.0,39,9,1
42,0,0.8273972602739726,0.0,55,1,1
67,0,1.0,0.0,47,10,3
39,0,1.0,0.0,69,7,2
60,0,1.0,0.0,33,7,1
26,0,0.8821917808219178,0.0,68,1,1
44,0,0.9561643835616438,0.0,33,2,2
67,0,0.9671232876712329,0.0,128,12,3
48,0,1.0,0.0,64,4,3
37,0,1.0,0.0,40,12,2
47,1,1.0,5590.0,70,6,1
76,0,1.0,0.0,55,1,3
28,0,0.11506849315068493,0.0,59,8,2
47,1,0.8356164383561644,57540.0,63,2,2
62,0,1.0,0.0,183,2,3
38,0,1.0,0.0,66,3,2
29,0,1.0,0.0,40,3,1
40,1,1.0,57540.0,73,1,1
31,0,0.9972602739726028,0.0,39,1,1
43,0,1.0,0.0,102,2,3
67,0,1.0,0.0,43,6,3
41,0,0.5232876712328767,0.0,33,1,1
34,0,1.0,0.0,85,7,3
33,0,1.0,0.0,40,1,1
37,0,0.16164383561643836,0.0,51,1,1
63,0,0.00821917808219178,0.0,51,10,3
63,0,1.0,0.0,70,5,1
76,0,1.0,0.0,111,1,2
29,0,1.0,0.0,48,6,2
73,0,1.0,0.0,32,4,1
26,0,0.4958904109589041,0.0,55,17,2
43,0,1.0,0.0,40,1,1
76,0,1.0,0.0,46,7,1
42,0,0.6657534246575343,0.0,47,8,1
62,0,0.6712328767123288,0.0,34,1,1
33,0,1.0,0.0,105,4,3
25,0,0.3232876712328767,0.0,47,1,1
31,0,1.0,0.0,55,12,1
24,0,1.0,0.0,48,2,1
69,0,1.0,0.0,42,2,1
55,2,1.0,55696.0,42,14,3
29,2,1.0,66185.0,66,2,1
26,1,1.0,21490.0,39,1,1
58,0,1.0,0.0,47,2,3
46,1,1.0,3424.0,48,2,2
43,0,1.0,0.0,92,11,3
37,0,0.673972602739726,0.0,44,2,3
44,0,1.0,0.0,77,2,3
41,0,1.0,0.0,85,2,1
36,0,0.6657534246575343,0.0,85,1,1
40,0,1.0,0.0,75,1,3
48,0,1.0,0.0,40,1,1
78,0,1.0,0.0,81,7,2
26,0,1.0,0.0,66,1,1
53,0,1.0,0.0,37,2,1
45,0,1.0,0.0,43,2,3
85,0,1.0,0.0,38,1,3
37,0,0.7315068493150685,0.0,55,2,2
71,0,0.29863013698630136,0.0,36,1,2
28,0,1.0,0.0,50,1,3
40,0,1.0,0.0,55,1,1
47,0,1.0,0.0,81,4,1
31,0,0.8027397260273973,0.0,37,1,2
67,0,1.0,0.0,124,10,1
38,0,1.0,0.0,47,9,3
50,0,1.0,0.0,40,1,2
75,1,1.0,73056.0,60,1,2
27,1,1.0,2745.0,44,1,1
26,0,1.0,0.0,66,12,2
62,1,1.0,57540.0,110,1,1
42,0,1.0,0.0,50,2,3
37,0,0.16712328767123288,0.0,83,1,1
39,1,1.0,5252.0,55,6,2
49,0,1.0,0.0,49,2,1
62,0,0.2465753424657534,0.0,40,1,2
57,0,0.9178082191780822,0.0,55,2,1
41,0,1.0,0.0,48,1,3
67,0,1.0,0.0,61,1,1
30,0,1.0,0.0,74,1,1
33,0,0.336986301369863,0.0,44,1,3
36,0,1.0,0.0,51,1,2
79,0,1.0,0.0,54,3,3
64,0,0.4,0.0,40,12,1
38,0,1.0,0.0,51,1,3
60,0,1.0,0.0,44,7,1
40,1,1.0,13250.0,85,1,1
29,0,1.0,0.0,66,1,2
21,0,1.0,0.0,42,3,3
25,0,1.0,0.0,66,1,1
50,0,1.0,0.0,44,5,2
43,0,1.0,0.0,66,8,1
46,0,1.0,0.0,43,9,1
21,0,1.0,0.0,57,10,3
28,0,1.0,0.0,77,3,3
49,0,1.0,0.0,55,1,1
49,0,0.936986301369863,0.0,48,1,3
21,0,0.1589041095890411,0.0,66,8,2
31,1,1.0,33390.0,60,8,3
75,0,1.0,0.0,66,1,2
32,0,1.0,0.0,32,2,2
30,0,1.0,0.0,43,4,1
50,0,1.0,0.0,55,1,2
78,1,1.0,6534.0,55,10,2
48,0,0.8383561643835616,0.0,33,4,2
37,0,1.0,0.0,66,3,2
29,0,1.0,0.0,44,3,1
67,2,0.9561643835616438,62754.0,75,12,1
62,1,1.0,2481.0,66,1,2
67,0,1.0,0.0,40,10,3
61,0,1.0,0.0,51,12,2
33,1,1.0,3730.0,66,2,1
44,0,1.0,0.0,80,4,3
40,0,1.0,0.0,71,11,2
21,1,0.33972602739726027,75000.0,43,1,3
60,0,1.0,0.0,95,2,2
82,0,1.0,0.0,40,1,3
33,0,1.0,0.0,44,12,3
48,0,0.7890410958904109,0.0,61,6,1
40,0,1.0,0.0,55,2,1
26,0,0.42191780821917807,0.0,77,1,3
59,0,1.0,0.0,39,4,1
24,0,1.0,0.0,47,5,3
38,0,1.0,0.0,66,2,2
43,0,1.0,0.0,29,2,2
54,0,1.0,0.0,29,1,3
21,0,0.9287671232876712,0.0,55,1,1
48,0,1.0,0.0,110,6,2
35,0,1.0,0.0,65,2,2
50,1,1.0,2644.0,66,10,2
72,0,1.0,0.0,38,11,1
56,0,1.0,0.0,85,13,2
32,0,0.4136986301369863,0.0,74,2,1
46,0,1.0,0.0,80,1,1
75,0,0.6657534246575343,0.0,44,1,1
33,0,1.0,0.0,55,1,1
46,0,0.38904109589041097,0.0,51,1,1
33,0,1.0,0.0,54,6,2
34,0,1.0,0.0,43,3,1
44,0,1.0,0.0,37,8,3
26,0,1.0,0.0,38,1,2
31,0,1.0,0.0,36,4,3
37,0,1.0,0.0,95,1,1
48,0,1.0,0.0,53,7,3
33,0,1.0,0.0,70,8,1
72,0,1.0,0.0,64,1,1
53,0,1.0,0.0,46,2,3
62,0,1.0,0.0,33,3,3
46,0,1.0,0.0,25,2,3
28,0,1.0,0.0,43,12,2
46,0,1.0,0.0,111,5,1
34,0,1.0,0.0,88,2,1
47,0,1.0,0.0,84,2,3
50,0,1.0,0.0,44,1,1
32,1,1.0,53841.0,55,12,3
54,0,1.0,0.0,55,12,1
35,0,1.0,0.0,85,8,1
34,0,1.0,0.0,54,11,2
65,0,0.8712328767123287,0.0,48,6,1
42,0,0.18356164383561643,0.0,67,5,1
39,0,1.0,0.0,65,1,2
26,0,1.0,0.0,75,1,3
72,0,1.0,0.0,85,2,1
50,0,1.0,0.0,43,2,1
44,0,1.0,0.0,82,11,1
53,0,1.0,0.0,101,1,1
38,1,1.0,256.0,97,1,2
54,0,1.0,0.0,43,2,1
58,1,1.0,2118.0,40,1,3
27,0,1.0,0.0,47,1,2
47,1,1.0,3409.0,63,2,1
45,0,1.0,0.0,55,1,3
46,1,0.4383561643835616,2755.0,57,12,3
48,0,1.0,0.0,40,1,1
39,0,1.0,0.0,43,6,2
32,0,1.0,0.0,43,1,3
61,0,1.0,0.0,60,6,3
73,0,1.0,0.0,107,1,2
60,0,1.0,0.0,58,1,3
66,0,1.0,0.0,40,1,3
50,0,1.0,0.0,69,7,1
66,0,1.0,0.0,43,6,1
46,0,0.4328767123287671,0.0,55,2,3
46,0,0.0821917808219178,0.0,34,6,3
43,0,1.0,0.0,33,2,1
36,0,1.0,0.0,47,2,2
57,0,1.0,0.0,42,1,1
64,0,1.0,0.0,50,1,3
52,0,1.0,0.0,59,2,1
32,0,0.07945205479452055,0.0,55,6,2
55,0,1.0,0.0,47,10,2
26,0,0.5753424657534246,0.0,52,1,3
55,0,0.7890410958904109,0.0,55,1,1
80,0,0.4520547945205479,0.0,82,6,1
49,0,1.0,0.0,55,1,1
44,2,1.0,186252.0,55,1,1
36,0,1.0,0.0,55,2,1
32,0,1.0,0.0,44,12,2
30,0,0.5726027397260274,0.0,40,9,1
80,0,1.0,0.0,37,3,3
77,0,1.0,0.0,92,9,1
22,0,0.32602739726027397,0.0,55,1,1
70,0,1.0,0.0,52,9,3
26,0,1.0,0.0,78,2,1
28,1,0.8821917808219178,6582.0,33,6,1
72,0,1.0,0.0,50,10,2
32,0,1.0,0.0,65,1,2
65,0,1.0,0.0,77,2,1
71,0,1.0,0.0,73,1,1
43,0,1.0,0.0,51,1,2
32,0,1.0,0.0,64,3,3
31,0,0.3287671232876712,0.0,40,6,3
38,0,0.2136986301369863,0.0,40,10,3
30,0,1.0,0.0,75,11,1
46,0,0.6657534246575343,0.0,33,11,3
53,0,1.0,0.0,55,2,1
42,0,1.0,0.0,93,6,3
76,0,1.0,0.0,55,2,2
50,0,1.0,0.0,78,9,1
22,0,1.0,0.0,40,6,3
51,0,1.0,0.0,43,2,3
47,0,1.0,0.0,55,4,2
66,0,1.0,0.0,77,3,1
36,0,1.0,0.0,66,9,1
42,0,0.4136986301369863,0.0,29,1,3
50,0,1.0,0.0,55,1,1
27,0,1.0,0.0,46,1,3
37,0,1.0,0.0,60,1,2
65,0,0.42191780821917807,0.0,48,1,1
46,0,0.4958904109589041,0.0,77,1,1
26,0,1.0,0.0,54,1,3
45,0,0.2958904109589041,0.0,33,3,2
75,0,1.0,0.0,47,1,3
41,0,0.46301369863013697,0.0,40,1,2
72,0,0.7945205479452054,0.0,37,1,3
49,0,1.0,0.0,85,11,1
65,0,1.0,0.0,80,2,2
56,0,0.6136986301369863,0.0,55,1,2
27,0,1.0,0.0,112,7,1
29,0,0.06027397260273973,0.0,55,2,3
64,0,1.0,0.0,37,10,2
38,0,0.3643835616438356,0.0,66,1,2
38,1,1.0,31638.0,110,6,1
49,0,1.0,0.0,66,3,1
39,0,0.4273972602739726,0.0,66,12,1
43,0,1.0,0.0,43,1,1
60,0,1.0,0.0,63,7,1
79,0,1.0,0.0,40,2,3
62,0,1.0,0.0,34,10,2
42,0,1.0,0.0,32,2,3
83,0,1.0,0.0,97,4,1
65,1,0.4958904109589041,15000.0,66,1,1
24,0,0.863013698630137,0.0,55,1,1
54,0,1.0,0.0,66,1,1
48,0,1.0,0.0,55,10,1
21,0,1.0,0.0,40,1,1
46,0,0.5808219178082191,0.0,40,1,1
39,0,1.0,0.0,53,2,1
28,0,1.0,0.0,66,1,3
72,0,1.0,0.0,66,1,1
62,0,1.0,0.0,57,8,1
66,0,0.1726027397260274,0.0,65,1,3
74,1,1.0,6414.0,55,3,1
56,1,1.0,57540.0,85,1,1
30,0,1.0,0.0,72,11,3
64,1,1.0,5850.0,43,1,1
40,0,1.0,0.0,82,5,1
34,0,0.2328767123287671,0.0,47,1,1
30,1,1.0,5288.0,37,1,1
25,0,1.0,0.0,55,1,3
73,0,0.9041095890410958,0.0,33,1,1
64,0,1.0,0.0,55,2,2
28,3,1.0,30798.0,105,11,1
43,0,1.0,0.0,90,15,2
51,0,1.0,0.0,40,6,3
47,0,1.0,0.0,66,3,2
81,0,1.0,0.0,44,1,1
39,0,1.0,0.0,73,1,1
32,0,1.0,0.0,40,3,3
54,0,1.0,0.0,40,2,3
69,0,1.0,0.0,47,1,1
66,0,1.0,0.0,70,1,3
32,0,0.0547945205479452,0.0,90,6,2
73,0,1.0,0.0,55,8,2
67,0,1.0,0.0,50,1,2
32,0,0.9232876712328767,0.0,66,12,2
25,0,1.0,0.0,40,6,1
53,0,1.0,0.0,64,2,2
19,1,0.0684931506849315,6642.0,68,1,3
42,0,1.0,0.0,54,1,2
27,0,0.8849315068493151,0.0,55,4,3
36,0,1.0,0.0,54,1,1
44,0,1.0,0.0,44,1,3
47,0,1.0,0.0,73,1,1
48,0,1.0,0.0,42,1,3
34,1,1.0,8784.0,54,1,1
42,0,1.0,0.0,38,8,1
33,0,0.6164383561643836,0.0,36,12,1
52,0,0.9561643835616438,0.0,120,2,2
30,0,1.0,0.0,85,1,2
72,0,1.0,0.0,33,10,1
51,0,1.0,0.0,66,6,1
74,0,1.0,0.0,45,6,2
36,0,0.810958904109589,0.0,40,1,1
44,1,1.0,51540.0,70,5,3
30,0,1.0,0.0,33,5,2
51,2,0.8328767123287671,135374.0,82,1,1
72,0,1.0,0.0,44,1,2
31,0,1.0,0.0,55,6,1
29,0,1.0,0.0,29,3,1
49,0,1.0,0.0,59,6,1
41,0,0.2821917808219178,0.0,60,3,2
40,0,1.0,0.0,37,1,1
24,0,0.5424657534246575,0.0,40,1,3
27,0,1.0,0.0,77,6,1
63,0,1.0,0.0,38,1,1
38,1,1.0,2685.0,37,5,1
81,0,1.0,0.0,27,2,2
55,0,1.0,0.0,42,2,3
28,0,0.16712328767123288,0.0,66,2,1
59,0,1.0,0.0,38,2,3
55,0,1.0,0.0,37,1,1
34,0,1.0,0.0,103,1,1
36,0,1.0,0.0,43,1,1
44,1,1.0,63072.0,85,5,2
48,1,1.0,57540.0,55,2,2
61,0,1.0,0.0,55,2,1
29,0,0.5753424657534246,0.0,71,1,2
30,0,1.0,0.0,40,6,3
48,1,1.0,4452.0,50,1,2
51,0,0.2493150684931507,0.0,52,6,3
46,1,1.0,5692.0,55,1,3
73,0,1.0,0.0,37,1,1
51,0,1.0,0.0,88,2,3
41,0,0.5808219178082191,0.0,47,2,1
60,0,1.0,0.0,40,1,2
42,0,1.0,0.0,51,12,2
58,0,0.2684931506849315,0.0,86,11,3
45,0,0.8136986301369863,0.0,74,3,2
36,0,0.3835616438356164,0.0,100,12,1
58,0,1.0,0.0,39,3,1
77,0,1.0,0.0,50,4,1
40,0,1.0,0.0,37,1,1
46,0,1.0,0.0,85,10,2
48,0,1.0,0.0,44,1,1
37,0,1.0,0.0,40,5,1
49,0,1.0,0.0,60,2,3
27,0,1.0,0.0,64,1,1
33,0,1.0,0.0,70,1,1
29,1,1.0,5850.0,50,1,1
76,0,1.0,0.0,66,10,2
61,0,0.2465753424657534,0.0,43,4,2
60,0,1.0,0.0,44,1,1
26,0,1.0,0.0,55,1,1
39,0,0.5041095890410959,0.0,55,5,1
57,0,1.0,0.0,37,1,2
46,0,1.0,0.0,110,1,2
45,1,1.0,5324.0,48,1,1
61,0,1.0,0.0,55,3,1
58,0,1.0,0.0,66,2,1
27,0,1.0,0.0,51,5,2
62,0,1.0,0.0,98,11,1
71,0,1.0,0.0,85,1,1
39,1,1.0,2517.0,40,1,1
49,0,1.0,0.0,40,5,1
61,1,0.9452054794520548,75852.0,97,8,1
28,0,1.0,0.0,33,3,1
52,0,1.0,0.0,90,12,2
50,0,1.0,0.0,49,6,1
47,1,0.7835616438356164,840.0,85,6,1
78,0,0.915068493150685,0.0,43,2,3
29,0,1.0,0.0,43,1,3
66,0,1.0,0.0,33,2,3
78,0,1.0,0.0,60,1,1
27,0,0.3287671232876712,0.0,77,1,2
42,0,1.0,0.0,50,1,3
37,0,0.06575342465753424,0.0,53,1,3
41,0,1.0,0.0,99,1,1
55,0,1.0,0.0,43,2,3
34,0,0.6767123287671233,0.0,44,1,1
38,0,1.0,0.0,63,6,2
35,0,1.0,0.0,33,1,1
29,0,1.0,0.0,60,1,3
43,0,1.0,0.0,55,1,1
40,0,1.0,0.0,53,3,1
60,1,1.0,57540.0,55,1,1
24,0,0.8027397260273973,0.0,55,3,1
71,0,1.0,0.0,85,8,3
31,0,1.0,0.0,53,1,1
42,0,1.0,0.0,40,3,1
39,0,1.0,0.0,80,2,1
66,0,1.0,0.0,44,1,1
61,0,0.16712328767123288,0.0,94,2,3
58,0,1.0,0.0,160,6,3
62,0,1.0,0.0,51,1,2
41,0,1.0,0.0,66,11,3
76,0,1.0,0.0,55,3,2
27,0,1.0,0.0,66,7,1
65,0,1.0,0.0,40,3,1
58,1,1.0,22990.0,47,10,1
33,0,1.0,0.0,88,2,1
66,0,1.0,0.0,66,1,2
27,0,1.0,0.0,63,11,1
60,0,0.2602739726027397,0.0,59,1,2
42,0,0.1506849315068493,0.0,70,3,3
58,0,0.810958904109589,0.0,97,12,1
46,0,0.4301369863013699,0.0,96,2,1
63,0,1.0,0.0,41,12,2
73,0,1.0,0.0,66,1,1
73,0,1.0,0.0,43,1,2
72,0,1.0,0.0,38,2,1
43,0,0.915068493150685,0.0,55,1,2
75,0,1.0,0.0,65,2,3
47,0,1.0,0.0,66,1,1
28,1,0.7698630136986301,27693.0,92,6,2
61,0,1.0,0.0,42,7,1
72,0,1.0,0.0,40,5,1
28,0,1.0,0.0,114,1,2
68,0,1.0,0.0,40,1,3
42,0,1.0,0.0,66,10,3
61,0,0.5287671232876713,0.0,70,2,3
31,0,1.0,0.0,44,12,2
53,0,1.0,0.0,43,1,2
52,0,1.0,0.0,33,1,2
33,0,1.0,0.0,44,1,1
32,0,1.0,0.0,40,7,3
20,1,1.0,465000.0,55,2,1
43,0,1.0,0.0,47,1,2
47,0,1.0,0.0,75,3,1
55,0,0.1178082191780822,0.0,44,16,0
25,0,0.26301369863013696,0.0,40,1,2
36,0,0.9561643835616438,0.0,39,6,3
25,0,1.0,0.0,60,1,2
36,0,1.0,0.0,44,1,1
30,0,1.0,0.0,79,1,1
41,0,1.0,0.0,74,6,1
35,0,1.0,0.0,37,1,1
26,0,0.136986301369863,0.0,51,1,3
44,0,1.0,0.0,68,3,1
26,0,1.0,0.0,43,2,2
61,0,1.0,0.0,64,9,3
44,0,0.25205479452054796,0.0,47,5,1
70,1,1.0,57540.0,33,1,1
49,0,0.6657534246575343,0.0,55,1,1
50,0,1.0,0.0,40,1,1
29,0,0.6328767123287671,0.0,52,1,3
32,2,1.0,110000.0,85,1,3
32,1,1.0,57540.0,33,12,1
48,0,1.0,0.0,37,1,2
57,0,1.0,0.0,90,10,2
32,1,1.0,57540.0,51,3,3
51,2,1.0,69456.0,62,1,2
62,0,1.0,0.0,37,10,1
33,0,0.8438356164383561,0.0,33,12,1
45,0,1.0,0.0,85,11,0
36,0,0.2328767123287671,0.0,55,2,2
30,0,1.0,0.0,37,3,1
55,0,1.0,0.0,64,2,1
30,0,1.0,0.0,55,9,2
66,0,0.7534246575342466,0.0,81,1,1
42,0,1.0,0.0,44,1,2
43,0,1.0,0.0,63,6,2
59,0,1.0,0.0,40,1,1
67,0,1.0,0.0,43,12,1
39,0,0.273972602739726,0.0,70,1,3
28,1,1.0,44500.0,77,2,1
52,0,1.0,0.0,65,1,2
22,0,1.0,0.0,60,11,3
69,0,1.0,0.0,44,10,2
58,0,1.0,0.0,33,1,1
67,0,0.9698630136986301,0.0,51,1,1
25,0,0.8794520547945206,0.0,55,10,3
25,0,1.0,0.0,50,8,1
60,0,1.0,0.0,40,1,1
51,0,0.5808219178082191,0.0,43,2,3
49,0,1.0,0.0,60,11,1
49,0,0.27671232876712326,0.0,50,2,1
72,0,0.6657534246575343,0.0,45,3,1
74,0,1.0,0.0,44,1,1
56,0,1.0,0.0,43,5,3
53,0,1.0,0.0,33,1,1
36,0,1.0,0.0,40,5,2
61,0,0.40821917808219177,0.0,40,2,1
70,0,1.0,0.0,55,10,1
44,0,1.0,0.0,39,12,2
72,0,1.0,0.0,37,1,2
63,0,1.0,0.0,66,1,3
46,0,1.0,0.0,48,8,2
66,0,0.5506849315068493,0.0,50,12,2
45,0,1.0,0.0,55,3,1
42,1,1.0,5348.0,40,6,1
54,0,1.0,0.0,40,2,3
73,0,1.0,0.0,33,2,1
34,0,1.0,0.0,66,12,3
33,0,1.0,0.0,47,2,1
19,0,0.5397260273972603,0.0,110,1,1
48,1,1.0,30830.0,46,3,1
38,0,1.0,0.0,40,1,3
76,0,1.0,0.0,34,5,2
53,0,1.0,0.0,54,1,2
87,0,1.0,0.0,51,1,2
42,1,1.0,9141.0,72,1,1
60,0,1.0,0.0,55,5,1
45,0,1.0,0.0,40,6,1
42,0,1.0,0.0,60,3,3
47,0,0.9041095890410958,0.0,73,2,1
37,0,0.4958904109589041,0.0,66,14,3
35,0,1.0,0.0,95,10,1
39,0,1.0,0.0,45,1,2
73,0,1.0,0.0,57,9,3
22,0,1.0,0.0,51,2,3
61,0,1.0,0.0,43,16,2
28,0,1.0,0.0,44,4,3
39,0,0.7479452054794521,0.0,53,2,1
50,0,0.7534246575342466,0.0,69,12,3
34,0,1.0,0.0,44,1,2
31,0,1.0,0.0,43,1,3
29,0,0.16712328767123288,0.0,44,1,2
40,0,1.0,0.0,55,5,1
75,0,1.0,0.0,81,11,1
36,0,0.915068493150685,0.0,44,1,3
41,0,1.0,0.0,96,10,1
34,0,1.0,0.0,66,2,1
27,0,1.0,0.0,44,2,2
65,0,1.0,0.0,53,1,3
30,0,0.2465753424657534,0.0,63,1,3
41,0,0.08493150684931507,0.0,21,2,2
33,0,0.3287671232876712,0.0,77,3,2
62,0,1.0,0.0,70,6,2
45,0,1.0,0.0,43,11,3
61,0,0.5671232876712329,0.0,54,3,3
34,0,1.0,0.0,47,2,0
28,0,0.810958904109589,0.0,43,1,3
61,0,1.0,0.0,73,10,1
32,0,0.8410958904109589,0.0,43,1,2
59,0,1.0,0.0,65,3,2
21,0,1.0,0.0,80,2,3
55,0,1.0,0.0,48,3,2
38,0,1.0,0.0,44,1,3
52,0,1.0,0.0,75,5,1
25,0,1.0,0.0,33,2,2
36,2,1.0,46458.0,55,2,1
34,1,1.0,6038.0,44,6,3
26,0,0.8493150684931506,0.0,44,1,1
48,0,1.0,0.0,66,5,3
51,0,0.08493150684931507,0.0,96,8,3
52,0,1.0,0.0,44,1,1
49,0,1.0,0.0,110,1,2
61,0,1.0,0.0,66,1,1
61,0,1.0,0.0,66,1,2
53,0,0.8,0.0,66,2,2
34,0,1.0,0.0,37,1,1
20,0,1.0,0.0,54,6,3
38,0,1.0,0.0,43,12,2
32,0,1.0,0.0,34,1,2
70,0,1.0,0.0,55,8,1
44,0,1.0,0.0,41,1,2
27,0,0.6657534246575343,0.0,43,1,2
51,0,1.0,0.0,40,1,1
55,0,0.5041095890410959,0.0,54,1,1
59,0,1.0,0.0,37,2,2
74,0,1.0,0.0,51,1,1
50,0,0.5808219178082191,0.0,38,6,2
49,0,1.0,0.0,60,1,1
55,0,0.27671232876712326,0.0,47,1,1
66,0,1.0,0.0,40,3,2
39,0,1.0,0.0,34,3,2
47,0,1.0,0.0,55,1,1
67,0,0.4,0.0,39,1,2
32,0,1.0,0.0,80,2,2
28,0,1.0,0.0,66,9,3
69,0,1.0,0.0,33,11,1
72,0,1.0,0.0,44,1,1
73,0,1.0,0.0,39,6,2
36,0,1.0,0.0,33,2,2
47,0,1.0,0.0,54,9,3
39,1,1.0,10000.0,36,11,3
44,0,0.8602739726027397,0.0,37,7,1
38,0,1.0,0.0,60,1,3
48,0,1.0,0.0,90,4,1
55,0,1.0,0.0,66,9,1
46,0,1.0,0.0,34,3,2
37,0,1.0,0.0,65,12,3
39,0,1.0,0.0,30,11,2
36,0,1.0,0.0,74,2,3
59,1,1.0,57540.0,55,1,2
36,0,0.273972602739726,0.0,50,2,1
47,0,1.0,0.0,110,1,1
50,0,0.873972602739726,0.0,66,5,3
44,0,1.0,0.0,44,1,1
50,1,1.0,48538.0,51,8,3
73,1,0.7972602739726027,3245.0,61,1,2
30,0,1.0,0.0,87,1,1
50,0,1.0,0.0,43,1,1
32,0,1.0,0.0,33,2,3
44,0,1.0,0.0,44,1,3
35,0,0.273972602739726,0.0,54,1,2
55,0,1.0,0.0,69,2,2
34,0,1.0,0.0,40,2,2
35,0,1.0,0.0,55,6,3
30,0,1.0,0.0,55,3,2
56,0,1.0,0.0,44,1,1
56,0,1.0,0.0,66,1,2
54,0,1.0,0.0,81,11,3
25,0,0.6958904109589041,0.0,47,2,1
24,0,0.8438356164383561,0.0,92,8,1
41,0,1.0,0.0,66,2,3
47,1,1.0,8139.0,40,4,2
29,0,0.15616438356164383,0.0,110,5,1
41,0,1.0,0.0,83,5,1
43,1,0.2821917808219178,3117.0,51,5,2
43,0,1.0,0.0,55,1,3
23,1,1.0,19133.0,106,3,1
42,0,1.0,0.0,36,2,3
61,0,0.8301369863013699,0.0,68,1,3
73,0,1.0,0.0,40,6,1
37,0,1.0,0.0,54,6,0
53,0,0.4136986301369863,0.0,34,12,2
31,0,0.9753424657534246,0.0,55,5,2
40,0,1.0,0.0,132,1,1
76,1,1.0,36319.0,98,10,3
38,0,1.0,0.0,45,1,1
65,0,1.0,0.0,66,1,2
44,0,1.0,0.0,66,1,1
48,0,1.0,0.0,60,8,3
33,1,1.0,23957.0,55,6,2
45,0,0.4054794520547945,0.0,66,1,3
39,0,0.8164383561643835,0.0,47,1,2
28,0,1.0,0.0,60,1,3
69,0,1.0,0.0,66,7,1
67,0,1.0,0.0,47,1,3
23,1,1.0,6292.0,46,12,1
45,0,0.08767123287671233,0.0,62,1,1
46,0,1.0,0.0,51,10,2
35,1,0.7780821917808219,2892.0,44,1,2
61,0,0.4767123287671233,0.0,52,7,1
49,0,1.0,0.0,66,1,1
37,0,1.0,0.0,59,12,2
48,0,0.33972602739726027,0.0,66,1,1
73,1,1.0,2704.0,55,5,1
66,1,1.0,8840.0,55,2,2
77,0,1.0,0.0,43,6,2
25,0,1.0,0.0,33,1,3
38,0,1.0,0.0,63,2,1
69,0,0.589041095890411,0.0,66,1,1
24,1,1.0,3189.0,55,1,2
84,0,1.0,0.0,44,1,1
53,0,1.0,0.0,54,1,1
41,0,1.0,0.0,68,1,1
40,0,1.0,0.0,50,1,3
64,0,1.0,0.0,50,1,1
58,0,1.0,0.0,50,1,1
41,0,1.0,0.0,47,1,3
43,1,1.0,59456.0,53,1,1
56,0,1.0,0.0,85,3,1
56,0,1.0,0.0,33,1,3
28,0,1.0,0.0,37,5,1
57,0,1.0,0.0,43,1,2
63,0,1.0,0.0,40,10,3
42,0,1.0,0.0,83,11,2
43,1,1.0,57540.0,55,1,1
66,0,1.0,0.0,55,2,1
30,0,1.0,0.0,42,3,2
37,0,1.0,0.0,40,1,3
46,0,1.0,0.0,55,3,1
33,0,0.8328767123287671,0.0,33,2,3
46,0,1.0,0.0,87,10,2
43,0,1.0,0.0,33,6,0
42,0,0.5397260273972603,0.0,50,9,3
72,0,1.0,0.0,44,1,3
29,0,0.7890410958904109,0.0,66,3,3
24,0,0.9205479452054794,0.0,48,2,3
57,0,1.0,0.0,62,11,2
59,0,1.0,0.0,54,12,1
50,1,1.0,66228.0,62,7,2
28,0,1.0,0.0,73,1,3
62,0,1.0,0.0,59,1,1
66,0,1.0,0.0,40,1,2
37,0,1.0,0.0,50,9,2
35,0,0.4301369863013699,0.0,85,3,3
49,0,1.0,0.0,51,6,1
54,0,1.0,0.0,37,1,3
62,0,1.0,0.0,74,10,2
72,0,1.0,0.0,84,1,3
42,1,1.0,65997.0,49,5,2
67,0,1.0,0.0,45,15,1
46,0,0.8794520547945206,0.0,66,16,2
78,0,1.0,0.0,36,5,1
28,0,1.0,0.0,51,10,1
62,0,0.16164383561643836,0.0,33,1,1
24,0,1.0,0.0,85,1,1
62,0,1.0,0.0,59,1,2
66,0,1.0,0.0,51,8,3
57,0,1.0,0.0,55,2,2
42,0,1.0,0.0,34,5,2
47,0,0.3287671232876712,0.0,65,10,1
23,0,1.0,0.0,39,10,3
57,0,1.0,0.0,55,10,1
19,1,0.5863013698630137,57540.0,74,2,3
52,0,1.0,0.0,51,5,1
26,0,1.0,0.0,60,1,3
42,0,1.0,0.0,55,6,2
33,0,1.0,0.0,40,2,1
54,0,1.0,0.0,110,1,1
52,0,0.8301369863013699,0.0,55,3,1
28,0,0.9753424657534246,0.0,40,2,1
47,0,1.0,0.0,44,7,1
50,0,1.0,0.0,55,7,3
71,1,1.0,127758.0,90,2,1
40,0,1.0,0.0,33,4,2
54,0,0.0136986301369863,0.0,66,3,1
58,0,1.0,0.0,55,3,3
77,0,1.0,0.0,54,11,1
76,0,1.0,0.0,47,6,3
60,0,1.0,0.0,40,10,3
47,0,1.0,0.0,50,2,3
71,0,1.0,0.0,92,1,3
46,0,0.11506849315068493,0.0,27,11,1
66,0,1.0,0.0,55,2,2
50,0,1.0,0.0,48,15,3
56,0,0.33424657534246577,0.0,44,4,1
77,0,1.0,0.0,44,3,1
71,0,1.0,0.0,42,2,3
41,0,1.0,0.0,66,15,1
52,0,1.0,0.0,54,1,1
33,0,1.0,0.0,65,1,1
46,0,1.0,0.0,48,1,1
50,0,1.0,0.0,85,8,1
31,0,0.14246575342465753,0.0,115,1,1
56,0,1.0,0.0,68,1,3
52,0,1.0,0.0,42,2,1
46,0,1.0,0.0,75,15,2
56,0,0.10136986301369863,0.0,43,8,1
72,0,0.4876712328767123,0.0,63,1,1
71,0,1.0,0.0,24,1,1
37,0,0.25205479452054796,0.0,55,1,3
49,0,1.0,0.0,66,1,3
42,0,1.0,0.0,53,9,2
40,0,0.9232876712328767,0.0,66,2,1
46,0,1.0,0.0,84,1,3
47,0,1.0,0.0,81,5,1
74,0,1.0,0.0,40,17,2
56,0,1.0,0.0,65,1,2
36,0,1.0,0.0,51,1,1
64,0,0.7534246575342466,0.0,75,1,1
26,0,1.0,0.0,47,2,2
36,0,1.0,0.0,33,7,2
69,0,1.0,0.0,55,1,2
57,0,1.0,0.0,55,2,3
54,0,0.2465753424657534,0.0,32,2,1
50,1,1.0,63233.0,100,5,3
37,0,1.0,0.0,40,8,2
61,0,1.0,0.0,37,1,1
24,0,1.0,0.0,19,1,2
43,0,1.0,0.0,33,1,3
53,0,1.0,0.0,55,5,2
32,0,1.0,0.0,92,11,2
51,0,1.0,0.0,37,2,3
25,0,1.0,0.0,33,3,1
37,0,1.0,0.0,40,1,2
74,0,1.0,0.0,43,3,3
45,2,0.8082191780821918,448016.0,42,11,1
61,0,1.0,0.0,53,8,1
45,0,0.7041095890410959,0.0,105,1,3
58,0,1.0,0.0,85,1,2
59,0,1.0,0.0,55,2,3
53,1,1.0,55050.0,68,3,2
50,0,1.0,0.0,43,7,2
47,0,0.673972602739726,0.0,47,1,2
25,1,1.0,5214.0,50,3,3
52,0,1.0,0.0,60,1,1
54,0,1.0,0.0,60,9,1
33,0,0.9917808219178083,0.0,29,1,1
40,0,1.0,0.0,66,6,2
59,0,1.0,0.0,55,1,1
39,0,1.0,0.0,49,9,2
85,1,1.0,16982.0,65,1,1
33,0,1.0,0.0,39,10,3
60,0,1.0,0.0,68,2,3
35,0,1.0,0.0,44,4,1
48,0,1.0,0.0,60,5,3
49,1,1.0,6066.0,53,5,2
32,0,1.0,0.0,51,9,3
25,0,0.336986301369863,0.0,40,1,3
39,0,1.0,0.0,37,1,1
53,0,1.0,0.0,82,2,1
29,0,0.41643835616438357,0.0,54,1,2
64,0,1.0,0.0,92,2,1
35,1,1.0,5850.0,75,5,1
34,1,0.726027397260274,39679.0,54,10,2
37,0,0.8082191780821918,0.0,90,6,2
40,0,0.7726027397260274,0.0,37,1,2
64,0,1.0,0.0,53,1,2
46,0,1.0,0.0,57,9,2
65,0,1.0,0.0,66,10,1
66,0,0.8,0.0,40,7,1
35,0,0.14520547945205478,0.0,76,16,2
61,0,1.0,0.0,44,6,2
76,0,1.0,0.0,60,1,1
42,0,1.0,0.0,51,1,0
72,0,1.0,0.0,51,2,2
68,0,1.0,0.0,53,3,2
43,0,1.0,0.0,110,2,3
29,0,1.0,0.0,66,1,2
26,1,1.0,8139.0,55,5,1
32,0,1.0,0.0,42,15,1
43,0,1.0,0.0,43,2,3
29,0,1.0,0.0,37,1,1
44,0,1.0,0.0,47,10,1
33,0,1.0,0.0,81,1,1
32,0,1.0,0.0,55,2,1
62,0,1.0,0.0,40,1,1
48,0,0.4821917808219178,0.0,89,3,1
31,0,1.0,0.0,57,3,1
64,0,0.8493150684931506,0.0,37,3,1
49,0,1.0,0.0,55,1,1
71,0,1.0,0.0,65,2,2
42,0,1.0,0.0,60,1,3
33,1,0.7808219178082192,8469.0,33,1,3
35,0,1.0,0.0,83,11,2
40,0,0.6301369863013698,0.0,43,3,2
34,0,1.0,0.0,38,1,3
47,1,1.0,15982.0,37,2,2
56,0,1.0,0.0,66,1,1
26,1,1.0,4912.0,53,2,1
57,0,1.0,0.0,71,1,2
44,0,1.0,0.0,43,6,2
48,0,1.0,0.0,63,1,1
38,0,1.0,0.0,66,1,2
59,0,1.0,0.0,90,6,1
64,0,1.0,0.0,60,2,2
25,0,0.3287671232876712,0.0,55,2,3
64,0,1.0,0.0,44,9,2
40,0,1.0,0.0,33,2,3
69,0,0.5041095890410959,0.0,85,8,3
64,0,0.043835616438356165,0.0,52,3,2
48,0,1.0,0.0,62,1,1
43,0,1.0,0.0,40,1,2
50,0,1.0,0.0,44,1,1
31,0,1.0,0.0,105,11,2
25,0,1.0,0.0,40,1,1
44,0,0.6027397260273972,0.0,33,2,1
43,0,1.0,0.0,55,9,3
29,0,1.0,0.0,53,1,2
36,0,1.0,0.0,52,6,1
52,0,1.0,0.0,77,1,1
42,0,1.0,0.0,40,5,3
66,0,1.0,0.0,43,6,1
64,0,1.0,0.0,53,6,2
50,0,1.0,0.0,21,1,1
54,0,0.8410958904109589,0.0,40,11,2
27,0,1.0,0.0,55,11,3
67,0,0.8383561643835616,0.0,51,12,2
59,0,0.15616438356164383,0.0,39,1,2
60,0,1.0,0.0,55,1,3
30,0,1.0,0.0,33,1,2
54,1,1.0,15484.0,55,5,2
36,0,0.08767123287671233,0.0,64,12,1
37,0,0.35342465753424657,0.0,81,2,1
58,0,1.0,0.0,29,2,2
57,0,1.0,0.0,42,3,2
46,0,1.0,0.0,44,4,3
21,1,1.0,5446.0,59,7,1
62,0,1.0,0.0,66,9,1
30,0,0.8328767123287671,0.0,48,4,2
49,0,1.0,0.0,66,1,3
31,0,1.0,0.0,66,1,3
67,0,0.5315068493150685,0.0,44,10,0
47,0,1.0,0.0,130,1,1
40,0,1.0,0.0,55,1,2
44,0,1.0,0.0,33,12,1
51,0,0.3780821917808219,0.0,55,2,2
58,0,0.5808219178082191,0.0,50,1,2
52,0,1.0,0.0,44,3,2
20,0,1.0,0.0,67,6,1
42,1,1.0,56353.0,66,1,1
36,0,0.8657534246575342,0.0,40,4,1
50,0,1.0,0.0,49,6,1
52,0,1.0,0.0,55,5,3
36,0,1.0,0.0,29,1,3
40,0,0.08493150684931507,0.0,66,11,2
42,0,1.0,0.0,43,7,1
34,0,0.4575342465753425,0.0,53,1,3
70,0,1.0,0.0,40,2,1
28,0,1.0,0.0,42,6,1
34,0,1.0,0.0,66,1,3
32,0,1.0,0.0,93,2,1
37,0,1.0,0.0,40,1,3
32,0,1.0,0.0,55,8,1
27,0,1.0,0.0,48,1,1
38,0,1.0,0.0,103,2,3
63,0,1.0,0.0,65,2,3
25,0,1.0,0.0,40,2,3
58,0,1.0,0.0,42,1,3
30,0,0.3095890410958904,0.0,60,6,2
56,0,1.0,0.0,66,12,1
40,0,1.0,0.0,40,1,1
39,0,1.0,0.0,66,8,2
47,1,0.043835616438356165,1676000.0,48,2,1
54,0,1.0,0.0,50,11,1
49,0,1.0,0.0,54,11,2
45,0,0.9260273972602739,0.0,55,1,1
68,0,1.0,0.0,47,2,3
48,0,1.0,0.0,85,12,3
57,0,1.0,0.0,81,7,1
43,0,1.0,0.0,90,1,1
51,0,1.0,0.0,66,2,1
45,0,1.0,0.0,55,8,2
23,1,1.0,105770.0,51,8,2
30,0,0.08493150684931507,0.0,39,1,1
59,1,1.0,6922.0,55,10,1
32,1,1.0,6050.0,29,1,3
33,0,1.0,0.0,55,1,3
30,0,1.0,0.0,53,5,3
63,0,0.09863013698630137,0.0,50,9,2
39,0,1.0,0.0,40,5,1
32,0,1.0,0.0,66,2,1
46,0,1.0,0.0,55,6,1
53,0,1.0,0.0,70,6,1
39,0,1.0,0.0,40,1,2
28,0,0.8602739726027397,0.0,60,6,1
49,0,1.0,0.0,55,3,1
37,0,0.2876712328767123,0.0,48,6,1
52,0,0.4301369863013699,0.0,51,3,1
31,0,1.0,0.0,92,3,1
56,0,1.0,0.0,66,2,1
72,0,1.0,0.0,50,3,1
45,0,1.0,0.0,40,1,1
32,0,1.0,0.0,76,1,1
48,0,1.0,0.0,44,2,1
40,0,1.0,0.0,96,3,1
42,0,0.8246575342465754,0.0,66,3,3
49,0,1.0,0.0,74,9,2
39,0,0.936986301369863,0.0,59,11,1
60,0,0.09041095890410959,0.0,40,12,3
35,0,1.0,0.0,75,1,2
42,1,1.0,2855.0,40,7,1
32,0,1.0,0.0,55,6,1
62,0,1.0,0.0,62,1,3
67,0,1.0,0.0,47,1,0
35,0,1.0,0.0,33,19,3
55,1,0.7479452054794521,57540.0,52,1,1
45,0,1.0,0.0,43,2,3
45,0,1.0,0.0,44,1,3
37,0,1.0,0.0,47,5,1
65,0,1.0,0.0,80,2,3
67,0,1.0,0.0,70,3,1
60,0,1.0,0.0,66,3,3
61,0,1.0,0.0,65,7,1
54,0,1.0,0.0,33,3,1
25,0,1.0,0.0,128,1,3
44,0,0.915068493150685,0.0,66,6,1
48,1,1.0,57540.0,66,12,3
47,0,1.0,0.0,52,8,3
43,0,1.0,0.0,80,1,2
48,0,1.0,0.0,39,2,3
35,0,0.2465753424657534,0.0,47,2,1
76,0,0.8383561643835616,0.0,55,1,1
69,0,1.0,0.0,66,1,1
30,0,1.0,0.0,55,6,2
40,0,1.0,0.0,38,2,1
66,0,1.0,0.0,43,1,2
37,0,1.0,0.0,33,1,1
65,0,1.0,0.0,66,10,1
28,0,1.0,0.0,46,3,1
70,0,1.0,0.0,43,2,1
54,0,1.0,0.0,50,12,1
41,0,1.0,0.0,62,6,3
37,1,1.0,5662.0,58,1,1
42,0,1.0,0.0,47,15,2
49,0,1.0,0.0,55,11,2
51,0,0.4136986301369863,0.0,52,1,3
65,0,1.0,0.0,43,6,2
55,0,1.0,0.0,42,1,2
67,0,1.0,0.0,55,3,3
60,0,1.0,0.0,63,2,3
83,1,1.0,21819.0,69,1,3
59,0,0.8958904109589041,0.0,75,2,2
30,0,1.0,0.0,47,6,1
84,0,1.0,0.0,65,1,1
31,0,0.5424657534246575,0.0,44,1,3
46,0,0.25753424657534246,0.0,98,1,3
54,0,1.0,0.0,45,2,1
43,1,0.7835616438356164,2565.0,58,1,3
57,0,0.736986301369863,0.0,55,1,1
52,0,0.863013698630137,0.0,55,1,3
67,0,1.0,0.0,60,1,3
40,0,1.0,0.0,66,11,1
78,0,1.0,0.0,103,5,2
80,0,1.0,0.0,50,4,2
76,0,1.0,0.0,89,3,3
51,0,0.16164383561643836,0.0,66,12,1
34,0,0.1232876712328767,0.0,60,1,3
42,0,0.8931506849315068,0.0,63,2,2
72,0,1.0,0.0,64,1,1
35,0,1.0,0.0,40,6,1
27,0,1.0,0.0,66,1,2
41,1,1.0,46807.0,41,2,3
53,0,1.0,0.0,34,3,3
35,0,1.0,0.0,138,7,3
54,0,0.26301369863013696,0.0,81,1,1
67,1,1.0,20781.0,59,2,1
24,0,1.0,0.0,87,3,1
61,0,1.0,0.0,60,8,3
59,0,0.14520547945205478,0.0,37,1,3
31,2,0.8082191780821918,11091.0,44,1,1
41,0,0.14520547945205478,0.0,108,5,1
72,0,1.0,0.0,63,2,1
35,0,1.0,0.0,37,1,2
77,0,1.0,0.0,40,2,3
35,0,1.0,0.0,44,1,2
42,0,1.0,0.0,40,5,3
37,0,0.8575342465753425,0.0,66,2,3
35,0,0.5808219178082191,0.0,66,10,3
42,0,0.3726027397260274,0.0,55,11,1
33,0,1.0,0.0,40,2,1
62,0,1.0,0.0,84,3,2
58,0,1.0,0.0,90,11,2
55,0,1.0,0.0,29,11,1
66,0,1.0,0.0,92,1,1
70,0,0.7287671232876712,0.0,43,2,2
70,0,1.0,0.0,55,6,2
76,0,1.0,0.0,55,16,3
66,0,1.0,0.0,32,1,3
51,0,1.0,0.0,74,1,1
58,0,0.10684931506849316,0.0,55,9,1
64,0,0.336986301369863,0.0,55,1,1
57,0,1.0,0.0,63,1,2
39,0,0.12054794520547946,0.0,65,6,2
51,0,1.0,0.0,33,2,3
21,0,1.0,0.0,44,5,1
51,0,1.0,0.0,37,1,1
38,0,1.0,0.0,29,11,1
25,0,1.0,0.0,68,1,1
82,0,1.0,0.0,66,9,2
33,0,0.5561643835616439,0.0,55,1,3
31,0,0.057534246575342465,0.0,55,8,3
31,0,1.0,0.0,40,1,3
37,0,1.0,0.0,55,1,1
40,0,0.26301369863013696,0.0,75,4,1
38,0,0.2547945205479452,0.0,66,1,2
27,0,1.0,0.0,52,13,2
41,1,0.8849315068493151,6534.0,29,2,3
56,0,1.0,0.0,96,1,1
51,0,1.0,0.0,43,9,3
64,0,1.0,0.0,55,2,2
29,1,0.8958904109589041,56481.0,51,1,3
37,0,0.7753424657534247,0.0,59,6,3
52,0,1.0,0.0,47,10,2
87,0,1.0,0.0,55,2,2
36,0,1.0,0.0,43,1,1
78,0,1.0,0.0,55,1,1
37,0,1.0,0.0,47,6,1
47,1,1.0,5178.0,68,1,1
65,0,1.0,0.0,40,1,2
33,0,0.6602739726027397,0.0,65,9,1
31,0,1.0,0.0,90,11,2
44,0,0.3287671232876712,0.0,103,3,1
40,0,0.5150684931506849,0.0,40,3,3
28,0,1.0,0.0,51,1,1
42,0,1.0,0.0,51,1,2
30,0,0.01643835616438356,0.0,85,1,1
62,0,1.0,0.0,90,14,1
47,0,1.0,0.0,66,10,3
43,0,1.0,0.0,52,1,1
44,0,1.0,0.0,55,13,1
44,0,1.0,0.0,47,1,1
36,0,0.7917808219178082,0.0,99,1,1
49,0,1.0,0.0,50,1,1
31,0,1.0,0.0,62,2,2
68,0,1.0,0.0,85,9,2
31,0,1.0,0.0,54,6,3
47,0,0.32054794520547947,0.0,68,1,1
47,0,1.0,0.0,43,1,3
75,0,0.40273972602739727,0.0,40,6,3
51,0,1.0,0.0,66,1,2
29,1,1.0,122359.0,66,1,1
51,0,1.0,0.0,43,1,2
28,0,1.0,0.0,52,2,2
35,0,1.0,0.0,100,13,3
51,0,1.0,0.0,50,6,3
59,0,0.6438356164383562,0.0,64,1,1
45,0,1.0,0.0,47,2,1
39,0,1.0,0.0,44,5,1
41,0,1.0,0.0,40,10,1
36,0,1.0,0.0,43,1,1
68,0,0.7534246575342466,0.0,54,1,1
65,0,1.0,0.0,55,2,3
42,0,1.0,0.0,93,6,2
59,0,1.0,0.0,55,10,2
50,0,0.3287671232876712,0.0,52,9,2
43,0,1.0,0.0,53,1,1
49,0,1.0,0.0,40,2,3
40,0,1.0,0.0,44,2,1
48,0,1.0,0.0,40,6,1
41,0,1.0,0.0,55,6,1
48,0,0.4958904109589041,0.0,51,2,1
59,0,1.0,0.0,55,11,2
33,0,0.7178082191780822,0.0,47,1,3
47,0,1.0,0.0,95,8,1
22,1,1.0,2963.0,43,2,2
38,0,1.0,0.0,47,2,3
37,0,0.4575342465753425,0.0,39,3,1
48,0,1.0,0.0,40,2,1
42,0,0.7479452054794521,0.0,44,1,1
56,0,0.7945205479452054,0.0,65,2,1
30,0,1.0,0.0,66,12,1
56,0,1.0,0.0,55,2,1
35,0,0.2493150684931507,0.0,43,6,1
35,0,1.0,0.0,38,1,3
42,0,0.3150684931506849,0.0,44,9,2
59,0,1.0,0.0,48,1,3
46,0,1.0,0.0,60,1,2
27,0,0.4602739726027397,0.0,48,3,1
35,0,0.08493150684931507,0.0,85,1,2
28,0,1.0,0.0,38,1,1
70,0,1.0,0.0,57,4,2
36,1,1.0,14288.0,40,1,2
35,0,1.0,0.0,24,1,1
45,0,1.0,0.0,66,1,2
33,0,0.2136986301369863,0.0,40,5,2
60,0,1.0,0.0,55,1,2
39,0,1.0,0.0,49,2,3
31,0,0.18904109589041096,0.0,52,5,1
30,0,1.0,0.0,35,1,2
43,0,1.0,0.0,39,1,3
93,0,1.0,0.0,94,6,2
45,0,0.5506849315068493,0.0,43,1,3
31,0,0.5068493150684932,0.0,100,4,2
77,0,1.0,0.0,37,3,1
58,0,1.0,0.0,82,12,2
45,0,1.0,0.0,39,1,3
45,0,0.473972602739726,0.0,44,10,1
48,0,1.0,0.0,48,1,1
43,0,1.0,0.0,44,6,3
22,0,1.0,0.0,48,11,2
66,0,1.0,0.0,142,12,2
35,0,1.0,0.0,29,2,1
54,0,0.8602739726027397,0.0,34,5,2
73,0,1.0,0.0,55,9,3
46,0,1.0,0.0,55,2,2
57,0,1.0,0.0,71,5,3
68,0,1.0,0.0,60,1,2
64,0,1.0,0.0,33,1,3
43,1,1.0,43170.0,55,3,2
48,0,0.8410958904109589,0.0,33,1,2
59,0,1.0,0.0,40,1,3
53,0,1.0,0.0,88,1,1
42,0,0.024657534246575342,0.0,33,12,1
49,0,1.0,0.0,40,14,3
32,0,1.0,0.0,54,2,2
53,0,0.6767123287671233,0.0,40,8,1
61,0,0.024657534246575342,0.0,96,3,1
29,0,1.0,0.0,40,11,2
57,0,1.0,0.0,40,14,2
69,1,1.0,131448.0,51,6,3
39,0,1.0,0.0,60,1,1
28,0,0.06027397260273973,0.0,68,12,2
43,0,1.0,0.0,55,1,3
31,0,1.0,0.0,90,2,1
47,0,1.0,0.0,90,10,2
27,0,0.5808219178082191,0.0,81,1,2
36,0,1.0,0.0,66,10,1
36,0,1.0,0.0,78,1,1
46,0,0.9232876712328767,0.0,55,6,2
55,0,1.0,0.0,59,1,1
78,0,1.0,0.0,84,12,1
30,0,1.0,0.0,44,1,2
70,0,1.0,0.0,55,2,1
48,1,0.673972602739726,129725.0,40,2,1
40,0,1.0,0.0,36,1,3
44,0,1.0,0.0,53,1,3
74,0,1.0,0.0,48,1,1
56,1,1.0,9189.0,55,8,1
35,0,0.08493150684931507,0.0,75,1,3
36,2,1.0,50594.0,34,2,3
36,0,1.0,0.0,63,1,3
30,0,0.26301369863013696,0.0,48,1,1
77,0,1.0,0.0,55,3,1
68,0,0.5452054794520548,0.0,55,1,1
82,0,1.0,0.0,74,11,1
39,0,1.0,0.0,39,8,1
44,0,1.0,0.0,44,1,3
30,0,0.2465753424657534,0.0,44,1,3
44,0,1.0,0.0,54,5,3
45,0,0.7479452054794521,0.0,83,11,2
45,0,0.40821917808219177,0.0,97,1,3
32,1,0.7013698630136986,900266.0,47,8,1
62,0,1.0,0.0,70,10,3
30,0,1.0,0.0,110,1,1
29,1,1.0,80850.0,55,1,3
53,0,1.0,0.0,143,1,3
41,0,1.0,0.0,40,6,3
49,1,1.0,84900.0,66,2,1
61,0,1.0,0.0,40,7,1
62,0,1.0,0.0,72,5,1
28,1,0.7479452054794521,5662.0,110,6,1
65,0,1.0,0.0,43,12,2
54,0,1.0,0.0,66,8,1
33,0,1.0,0.0,85,1,3
34,0,1.0,0.0,55,1,2
26,0,1.0,0.0,85,2,1
40,0,0.915068493150685,0.0,75,2,1
50,0,1.0,0.0,40,1,1
72,0,1.0,0.0,103,10,1
64,0,1.0,0.0,44,11,1
44,0,1.0,0.0,39,1,3
41,0,0.4712328767123288,0.0,47,1,1
46,0,1.0,0.0,66,6,3
58,1,0.9780821917808219,24081.0,74,5,1
36,0,1.0,0.0,47,2,3
33,0,1.0,0.0,33,1,1
36,0,1.0,0.0,55,1,1
61,0,0.863013698630137,0.0,51,1,1
62,0,1.0,0.0,40,12,1
27,0,1.0,0.0,65,1,2
35,0,0.6547945205479452,0.0,60,2,3
32,0,0.8356164383561644,0.0,67,3,1
44,1,0.6493150684931507,7090.0,34,2,1
45,0,1.0,0.0,85,1,1
72,0,1.0,0.0,40,12,3
56,0,1.0,0.0,64,1,1
66,0,1.0,0.0,32,7,2
74,0,1.0,0.0,43,3,3
41,0,0.6438356164383562,0.0,66,1,1
64,0,1.0,0.0,110,1,1
63,0,0.08493150684931507,0.0,43,1,1
47,0,1.0,0.0,66,1,1
36,0,1.0,0.0,66,8,1
45,0,1.0,0.0,51,10,3
48,0,1.0,0.0,21,8,1
25,0,1.0,0.0,55,1,3
53,0,0.5643835616438356,0.0,85,15,2
47,0,0.7479452054794521,0.0,84,1,3
33,0,1.0,0.0,47,1,1
49,1,1.0,31704.0,66,1,3
62,0,1.0,0.0,53,12,2
25,0,1.0,0.0,49,6,1
36,0,0.16164383561643836,0.0,90,6,2
48,0,1.0,0.0,33,2,1
52,0,1.0,0.0,55,1,3
36,0,1.0,0.0,40,6,1
64,0,1.0,0.0,55,3,3
36,1,0.3561643835616438,50000.0,33,2,1
36,0,0.8602739726027397,0.0,47,5,1
40,0,1.0,0.0,38,8,3
74,0,1.0,0.0,101,2,2
33,0,1.0,0.0,58,1,2
71,0,1.0,0.0,34,12,3
21,0,0.5095890410958904,0.0,53,7,2
26,0,1.0,0.0,40,2,2
41,0,1.0,0.0,33,8,2
35,0,0.9287671232876712,0.0,85,12,2
46,0,0.4136986301369863,0.0,68,1,1
34,0,1.0,0.0,66,2,3
34,0,1.0,0.0,108,1,2
37,0,1.0,0.0,113,1,2
48,0,1.0,0.0,43,1,1
61,0,1.0,0.0,29,5,2
68,0,0.08493150684931507,0.0,66,7,3
23,0,1.0,0.0,66,3,3
42,0,1.0,0.0,78,11,1
31,0,1.0,0.0,76,4,3
40,0,0.3287671232876712,0.0,39,4,1
35,1,1.0,5850.0,85,6,2
49,0,1.0,0.0,103,6,1
80,0,0.5068493150684932,0.0,44,2,1
58,0,1.0,0.0,49,6,3
64,0,1.0,0.0,44,5,1
66,0,1.0,0.0,126,3,3
35,0,1.0,0.0,44,2,1
35,0,0.6082191780821918,0.0,66,3,1
66,0,1.0,0.0,40,1,3
38,0,1.0,0.0,66,1,2
47,0,1.0,0.0,85,1,2
32,0,1.0,0.0,39,1,3
48,0,1.0,0.0,97,1,2
57,0,1.0,0.0,68,2,1
55,0,1.0,0.0,51,3,1
47,0,1.0,0.0,67,5,2
30,0,1.0,0.0,43,10,1
35,0,0.5945205479452055,0.0,47,1,3
41,0,0.5808219178082191,0.0,40,2,2
80,0,1.0,0.0,55,3,3
34,0,1.0,0.0,115,1,1
41,0,1.0,0.0,50,1,1
30,0,1.0,0.0,66,2,3
35,0,1.0,0.0,55,1,1
38,0,0.8328767123287671,0.0,40,1,3
51,0,1.0,0.0,58,3,2
28,0,1.0,0.0,40,1,1
27,0,1.0,0.0,130,1,1
37,0,0.4849315068493151,0.0,100,10,3
53,0,0.08493150684931507,0.0,43,7,1
36,0,0.32602739726027397,0.0,38,6,1
35,0,1.0,0.0,40,7,3
39,0,0.8684931506849315,0.0,47,1,1
43,0,0.7123287671232876,0.0,68,1,2
55,0,1.0,0.0,40,1,3
49,0,1.0,0.0,47,7,1
37,0,1.0,0.0,68,1,3
47,1,1.0,2687.0,48,12,1
67,0,0.7972602739726027,0.0,59,2,2
23,0,1.0,0.0,61,3,3
29,0,1.0,0.0,69,1,1
71,0,1.0,0.0,55,5,2
79,0,0.4,0.0,55,1,1
44,0,1.0,0.0,40,10,2
69,0,1.0,0.0,54,2,1
51,0,1.0,0.0,53,3,3
49,0,1.0,0.0,44,8,3
41,0,0.4904109589041096,0.0,40,6,1
60,0,0.33424657534246577,0.0,66,7,1
38,0,1.0,0.0,55,12,1
72,0,1.0,0.0,85,2,1
65,0,1.0,0.0,86,7,1
27,0,1.0,0.0,66,5,2
56,0,1.0,0.0,34,3,3
71,0,1.0,0.0,47,2,2
54,0,1.0,0.0,53,1,2
55,0,1.0,0.0,55,1,2
44,0,1.0,0.0,40,12,1
29,0,1.0,0.0,51,1,3
30,0,1.0,0.0,85,1,1
30,0,1.0,0.0,29,1,3
28,0,1.0,0.0,36,2,2
36,0,0.663013698630137,0.0,66,5,3
48,0,1.0,0.0,67,8,1
66,0,0.7698630136986301,0.0,66,16,1
48,0,1.0,0.0,42,1,1
24,0,0.7643835616438356,0.0,39,1,1
28,0,1.0,0.0,85,7,2
24,0,0.07123287671232877,0.0,44,4,1
32,0,0.6547945205479452,0.0,37,8,2
45,0,0.3150684931506849,0.0,64,1,1
45,0,1.0,0.0,54,11,1
49,0,1.0,0.0,55,1,1
23,0,1.0,0.0,41,2,2
55,0,0.7013698630136986,0.0,60,1,1
70,0,1.0,0.0,58,2,3
33,0,0.8328767123287671,0.0,42,2,3
42,0,1.0,0.0,25,4,0
41,0,1.0,0.0,47,1,3
24,0,1.0,0.0,67,1,1
74,0,1.0,0.0,55,1,1
32,0,1.0,0.0,74,15,1
65,1,1.0,150.0,55,6,2
53,1,1.0,6066.0,52,1,1
68,0,1.0,0.0,37,2,2
49,0,0.7424657534246575,0.0,69,10,2
41,0,1.0,0.0,43,1,1
59,0,1.0,0.0,43,8,2
33,0,1.0,0.0,90,2,1
63,0,1.0,0.0,55,1,2
50,0,1.0,0.0,49,2,1
43,0,1.0,0.0,32,1,3
51,0,0.6657534246575343,0.0,67,6,1
73,0,1.0,0.0,41,12,3
23,0,1.0,0.0,55,8,1
72,0,1.0,0.0,29,1,1
73,1,1.0,127502.0,39,1,2
43,0,0.673972602739726,0.0,138,4,3
38,0,0.07397260273972603,0.0,66,10,1
28,1,1.0,8415.0,60,6,1
37,0,1.0,0.0,58,6,2
54,0,0.9095890410958904,0.0,60,11,1
86,1,0.2876712328767123,64205.0,39,10,1
29,0,1.0,0.0,25,2,3
50,0,0.2547945205479452,0.0,40,1,2
35,0,0.4410958904109589,0.0,40,1,2
54,0,1.0,0.0,66,2,3
49,0,1.0,0.0,103,1,3
50,0,1.0,0.0,29,2,1
25,0,1.0,0.0,50,9,1
36,0,0.410958904109589,0.0,55,8,2
35,0,1.0,0.0,40,7,3
76,0,0.2493150684931507,0.0,40,1,2
27,0,1.0,0.0,87,10,1
40,0,1.0,0.0,33,2,1
35,0,0.13150684931506848,0.0,58,1,2
37,0,1.0,0.0,41,3,1
32,0,0.8328767123287671,0.0,77,2,2
50,0,1.0,0.0,40,2,1
54,0,1.0,0.0,50,2,2
47,0,1.0,0.0,37,2,2
28,1,1.0,6642.0,43,1,1
33,0,1.0,0.0,85,1,3
37,0,1.0,0.0,51,1,2
45,0,1.0,0.0,37,1,3
28,0,1.0,0.0,37,1,2
47,0,1.0,0.0,42,2,3
37,0,1.0,0.0,206,1,3
27,0,1.0,0.0,51,14,2
70,0,1.0,0.0,48,12,2
33,0,1.0,0.0,49,11,2
38,0,1.0,0.0,44,1,1
50,0,1.0,0.0,51,1,2
59,0,1.0,0.0,61,11,3
26,0,1.0,0.0,55,5,3
45,1,1.0,28713.0,50,1,3
54,0,0.5917808219178082,0.0,50,1,1
46,0,1.0,0.0,33,3,1
58,0,1.0,0.0,96,1,3
22,1,0.0821917808219178,455000.0,85,7,1
35,0,1.0,0.0,55,6,1
54,0,1.0,0.0,29,1,1
56,0,0.5863013698630137,0.0,44,1,3
50,0,0.4958904109589041,0.0,40,9,3
47,0,1.0,0.0,55,1,1
44,0,1.0,0.0,87,1,3
68,0,0.4904109589041096,0.0,64,1,2
45,0,1.0,0.0,66,13,3
35,0,1.0,0.0,55,12,3
44,0,1.0,0.0,31,11,3
38,0,0.18904109589041096,0.0,50,1,1
49,1,1.0,55000.0,55,3,2
50,0,0.7917808219178082,0.0,44,10,1
44,0,1.0,0.0,36,2,3
65,1,0.9780821917808219,3843.0,55,1,2
61,0,1.0,0.0,60,2,2
37,0,1.0,0.0,71,2,3
78,0,1.0,0.0,100,1,1
58,0,1.0,0.0,40,1,2
49,0,0.2410958904109589,0.0,65,11,1
60,0,1.0,0.0,45,1,2
45,0,0.4712328767123288,0.0,55,1,2
59,0,0.6657534246575343,0.0,54,1,2
53,0,1.0,0.0,43,10,3
65,0,0.9397260273972603,0.0,40,2,3
65,1,1.0,51386.0,46,1,3
46,0,0.336986301369863,0.0,40,1,1
43,0,1.0,0.0,43,2,2
62,0,1.0,0.0,55,8,3
25,0,0.7671232876712328,0.0,43,2,2
42,0,1.0,0.0,147,1,2
48,0,0.005479452054794521,0.0,62,6,3
51,0,1.0,0.0,44,12,3
59,0,1.0,0.0,32,7,3
24,0,1.0,0.0,75,1,1
31,0,1.0,0.0,49,2,1
55,0,0.4684931506849315,0.0,33,2,2
71,0,1.0,0.0,65,1,1
57,1,0.7123287671232876,67997.0,65,1,3
49,0,1.0,0.0,47,6,1
52,0,0.6465753424657534,0.0,55,11,1
54,0,0.684931506849315,0.0,47,3,2
31,1,1.0,3142.0,66,1,2
29,0,1.0,0.0,48,1,2
42,0,1.0,0.0,45,3,3
40,0,1.0,0.0,50,13,3
46,0,1.0,0.0,40,7,1
65,0,1.0,0.0,35,6,1
67,0,0.2054794520547945,0.0,62,1,3
47,0,1.0,0.0,50,2,1
48,0,1.0,0.0,35,1,2
58,0,0.1506849315068493,0.0,39,1,1
66,0,1.0,0.0,48,2,2
54,0,1.0,0.0,66,4,2
64,0,1.0,0.0,63,8,2
43,1,1.0,6066.0,37,1,1
40,0,1.0,0.0,42,1,1
45,0,1.0,0.0,96,1,3
81,0,1.0,0.0,66,1,3
25,0,1.0,0.0,48,7,1
35,0,1.0,0.0,40,1,2
27,0,1.0,0.0,55,3,2
29,1,1.0,420.0,48,2,3
24,1,0.5095890410958904,6268.0,73,12,2
55,0,1.0,0.0,53,7,2
30,0,0.3506849315068493,0.0,40,10,2
35,0,1.0,0.0,70,1,3
32,0,1.0,0.0,62,1,1
70,0,1.0,0.0,40,1,3
26,0,1.0,0.0,54,1,3
48,0,1.0,0.0,51,10,1
60,0,1.0,0.0,97,11,2
38,0,1.0,0.0,43,6,1
62,0,1.0,0.0,40,4,3
44,0,1.0,0.0,34,1,2
57,0,1.0,0.0,85,1,1
37,0,1.0,0.0,48,2,3
52,1,1.0,5850.0,39,14,3
23,0,1.0,0.0,52,1,1
59,0,0.7534246575342466,0.0,51,2,3
39,0,1.0,0.0,33,6,3
30,0,1.0,0.0,53,2,1
38,0,1.0,0.0,85,6,1
43,0,0.6,0.0,43,1,2
41,1,1.0,3019.0,40,12,2
69,0,1.0,0.0,33,1,2
53,0,0.4246575342465753,0.0,51,2,1
59,0,1.0,0.0,40,5,2
48,1,0.7589041095890411,3405.0,65,12,1
31,0,1.0,0.0,84,6,1
39,0,1.0,0.0,43,3,2
39,0,1.0,0.0,100,14,3
30,0,1.0,0.0,58,5,1
51,0,1.0,0.0,40,7,3
46,0,1.0,0.0,43,2,1
57,0,1.0,0.0,29,1,3
33,0,1.0,0.0,40,10,1
49,0,1.0,0.0,51,4,3
68,0,1.0,0.0,55,1,2
26,0,0.08493150684931507,0.0,46,2,2
55,1,1.0,5408.0,40,1,2
44,0,0.410958904109589,0.0,73,1,2
60,0,1.0,0.0,74,2,1
78,0,0.8082191780821918,0.0,73,3,1
47,0,0.6657534246575343,0.0,66,1,3
32,0,1.0,0.0,48,2,1
30,0,1.0,0.0,44,9,3
31,0,1.0,0.0,43,11,1
29,0,1.0,0.0,59,2,1
38,0,1.0,0.0,66,5,1
33,0,1.0,0.0,40,1,3
43,0,1.0,0.0,85,2,1
33,0,1.0,0.0,85,1,2
56,0,1.0,0.0,49,10,1
64,0,1.0,0.0,55,1,2
27,0,1.0,0.0,55,6,2
45,0,1.0,0.0,53,4,3
24,1,1.0,10000.0,33,6,3
36,0,1.0,0.0,40,1,1
30,0,1.0,0.0,44,1,1
45,0,0.46301369863013697,0.0,90,2,1
24,0,0.8876712328767123,0.0,34,1,3
39,0,1.0,0.0,48,1,3
77,0,1.0,0.0,48,1,3
68,0,0.0027397260273972603,0.0,47,1,1
60,1,1.0,57540.0,40,2,2
30,0,1.0,0.0,40,1,1
48,0,0.6602739726027397,0.0,77,1,2
74,1,1.0,70428.0,55,12,2
30,0,1.0,0.0,66,2,3
61,0,1.0,0.0,81,1,3
25,0,0.6876712328767123,0.0,59,1,3
36,0,0.3917808219178082,0.0,81,1,1
33,0,0.8356164383561644,0.0,62,7,2
37,0,0.8328767123287671,0.0,55,5,1
46,0,1.0,0.0,70,11,1
47,0,1.0,0.0,62,2,2
39,0,1.0,0.0,44,1,2
53,0,1.0,0.0,55,2,2
50,0,1.0,0.0,44,1,3
55,0,1.0,0.0,39,2,3
45,0,1.0,0.0,75,6,1
24,0,0.6767123287671233,0.0,51,1,1
48,1,1.0,51115.0,52,14,3
64,0,1.0,0.0,55,1,3
26,0,0.6602739726027397,0.0,53,2,1
69,0,1.0,0.0,47,1,1
54,0,0.0136986301369863,0.0,55,2,3
56,1,1.0,127516.0,47,3,1
42,0,1.0,0.0,48,16,3
62,0,1.0,0.0,66,1,1
39,0,0.7205479452054795,0.0,55,1,1
83,1,1.0,15183.0,49,11,3
50,0,0.5863013698630137,0.0,70,2,1
52,0,0.29863013698630136,0.0,69,1,1
24,1,1.0,21883.0,63,2,1
43,0,1.0,0.0,66,6,1
67,0,1.0,0.0,55,1,2
49,0,1.0,0.0,63,5,3
49,0,1.0,0.0,85,1,2
30,0,0.4986301369863014,0.0,43,2,1
51,0,1.0,0.0,63,7,1
43,0,1.0,0.0,44,12,3
54,0,1.0,0.0,48,2,1
77,0,1.0,0.0,40,2,1
36,0,1.0,0.0,44,5,2
87,0,1.0,0.0,55,8,3
38,1,1.0,57540.0,66,1,1
51,0,1.0,0.0,73,1,3
66,0,1.0,0.0,51,11,3
57,0,1.0,0.0,63,5,3
75,1,1.0,127564.0,51,11,1
37,0,0.24383561643835616,0.0,40,12,2
37,0,1.0,0.0,81,1,1
57,0,1.0,0.0,37,1,2
25,0,1.0,0.0,44,3,1
61,0,0.5808219178082191,0.0,65,1,2
65,0,1.0,0.0,66,3,2
45,0,1.0,0.0,44,8,3
22,0,1.0,0.0,64,10,3
25,0,1.0,0.0,30,11,2
28,0,0.3150684931506849,0.0,63,3,3
43,0,1.0,0.0,40,1,1
64,1,1.0,2607.0,77,12,3
52,0,1.0,0.0,19,2,2
76,0,1.0,0.0,47,2,1
40,0,0.7972602739726027,0.0,40,1,1
26,0,1.0,0.0,55,2,2
30,0,1.0,0.0,33,6,2
63,1,1.0,5214.0,55,1,1
66,0,0.8438356164383561,0.0,60,2,2
48,0,0.9780821917808219,0.0,61,1,1
50,0,1.0,0.0,40,1,2
30,0,1.0,0.0,43,8,2
32,0,1.0,0.0,55,1,1
64,0,1.0,0.0,40,2,2
75,0,1.0,0.0,66,12,2
44,0,1.0,0.0,40,1,1
20,0,1.0,0.0,63,1,2
54,0,1.0,0.0,69,1,2
26,0,0.9260273972602739,0.0,59,12,1
62,0,1.0,0.0,55,1,1
51,0,0.5643835616438356,0.0,31,12,2
76,0,1.0,0.0,51,3,2
55,0,0.2821917808219178,0.0,51,2,1
77,0,1.0,0.0,66,2,3
25,0,1.0,0.0,57,6,2
36,0,1.0,0.0,95,11,3
27,0,1.0,0.0,73,14,2
43,1,1.0,33605.0,37,1,2
24,0,0.29315068493150687,0.0,98,1,0
26,0,0.26301369863013696,0.0,68,6,2
44,0,1.0,0.0,48,2,3
38,0,0.5698630136986301,0.0,55,1,2
38,0,1.0,0.0,53,11,3
39,0,1.0,0.0,40,2,1
73,0,1.0,0.0,66,13,2
55,0,1.0,0.0,40,12,3
26,0,1.0,0.0,50,5,3
27,0,1.0,0.0,65,1,2
24,0,1.0,0.0,98,1,3
50,0,1.0,0.0,44,10,1
62,0,0.7643835616438356,0.0,75,2,1
45,0,1.0,0.0,50,6,2
35,1,0.6547945205479452,2679.0,51,9,1
62,0,1.0,0.0,36,1,3
48,0,1.0,0.0,40,8,3
58,0,1.0,0.0,53,8,1
30,0,1.0,0.0,48,12,0
40,0,1.0,0.0,66,11,2
77,0,1.0,0.0,66,2,2
44,0,1.0,0.0,63,6,1
61,0,0.08493150684931507,0.0,50,11,1
53,0,1.0,0.0,52,1,1
66,0,1.0,0.0,33,1,1
48,0,1.0,0.0,30,2,3
57,0,0.2465753424657534,0.0,40,6,1
75,0,1.0,0.0,65,1,1
43,0,1.0,0.0,55,1,1
45,0,1.0,0.0,67,6,2
36,0,1.0,0.0,55,1,2
62,0,1.0,0.0,66,7,1
68,0,0.6246575342465753,0.0,44,10,1
72,0,1.0,0.0,77,7,2
23,0,0.3150684931506849,0.0,47,2,1
70,0,0.13424657534246576,0.0,66,12,1
71,0,1.0,0.0,33,12,3
38,0,0.6465753424657534,0.0,80,1,3
72,0,1.0,0.0,66,1,1
51,0,1.0,0.0,55,1,1
32,0,1.0,0.0,29,5,1
54,0,1.0,0.0,44,1,3
88,0,1.0,0.0,66,7,1
58,0,1.0,0.0,50,5,2
23,0,1.0,0.0,47,1,2
23,0,0.32602739726027397,0.0,46,6,1
45,0,0.33424657534246577,0.0,66,6,2
48,1,1.0,6066.0,32,7,3
42,0,0.9972602739726028,0.0,40,1,2
34,0,1.0,0.0,29,3,1
30,0,0.5917808219178082,0.0,43,1,2
52,0,1.0,0.0,40,2,2
29,0,0.6438356164383562,0.0,33,10,3
35,0,1.0,0.0,50,1,2
59,1,1.0,3430.0,51,1,1
58,0,0.20273972602739726,0.0,59,1,3
60,0,1.0,0.0,44,11,2
24,0,0.3506849315068493,0.0,68,5,1
73,0,1.0,0.0,54,1,1
41,0,0.11506849315068493,0.0,25,1,3
31,0,1.0,0.0,76,1,1
42,0,1.0,0.0,55,6,1
53,0,1.0,0.0,40,7,1
68,0,1.0,0.0,92,5,3
35,1,1.0,57540.0,44,9,1
47,0,0.16164383561643836,0.0,44,1,3
34,0,1.0,0.0,51,2,3
58,0,1.0,0.0,40,12,2
34,0,1.0,0.0,93,1,2
75,0,1.0,0.0,55,1,2
62,0,1.0,0.0,51,1,1
52,0,0.7479452054794521,0.0,54,1,1
49,1,0.4,40319.0,36,2,3
50,0,0.9972602739726028,0.0,55,1,3
45,0,1.0,0.0,51,1,1
50,0,1.0,0.0,90,1,1
56,0,1.0,0.0,85,1,1
32,0,1.0,0.0,42,2,2
56,0,1.0,0.0,35,1,2
47,0,0.09863013698630137,0.0,42,2,2
61,0,1.0,0.0,47,6,2
44,0,1.0,0.0,36,10,3
65,0,1.0,0.0,35,15,2
45,0,1.0,0.0,105,7,1
73,0,0.8082191780821918,0.0,43,1,1
51,0,0.1506849315068493,0.0,54,5,1
65,0,1.0,0.0,29,2,2
54,0,0.08493150684931507,0.0,59,7,3
38,0,1.0,0.0,54,1,1
26,0,0.3150684931506849,0.0,66,2,0
33,0,1.0,0.0,52,1,1
25,0,1.0,0.0,70,1,3
41,0,1.0,0.0,55,10,1
44,0,1.0,0.0,44,1,3
32,0,1.0,0.0,82,1,2
43,0,1.0,0.0,37,2,3
38,0,1.0,0.0,44,14,2
36,0,0.07397260273972603,0.0,90,1,3
50,0,1.0,0.0,47,9,1
45,0,0.8383561643835616,0.0,55,5,3
33,0,1.0,0.0,63,1,1
71,0,1.0,0.0,66,11,1
43,0,0.4684931506849315,0.0,53,8,1
55,0,0.9780821917808219,0.0,73,7,1
46,0,1.0,0.0,40,1,3
67,0,1.0,0.0,55,1,3
29,0,1.0,0.0,40,9,1
63,0,0.2958904109589041,0.0,46,1,2
41,0,1.0,0.0,62,1,1
39,0,1.0,0.0,45,11,2
69,0,1.0,0.0,55,1,1
43,1,0.8328767123287671,2650.0,85,1,2
59,0,0.7315068493150685,0.0,43,1,3
72,0,0.7506849315068493,0.0,58,2,3
65,0,1.0,0.0,51,10,3
52,0,1.0,0.0,55,1,2
59,0,1.0,0.0,32,5,1
33,0,1.0,0.0,40,2,1
49,0,1.0,0.0,55,10,2
46,1,1.0,19784.0,85,6,3
36,0,0.16164383561643836,0.0,66,1,3
34,0,1.0,0.0,37,2,1
48,0,0.25205479452054796,0.0,74,5,2
53,0,0.9698630136986301,0.0,96,8,2
53,0,1.0,0.0,66,1,3
35,0,1.0,0.0,55,2,3
30,0,0.33972602739726027,0.0,43,1,1
47,0,1.0,0.0,47,3,1
37,0,1.0,0.0,44,2,3
43,0,1.0,0.0,66,1,2
72,0,1.0,0.0,66,2,1
58,0,1.0,0.0,43,2,1
39,0,1.0,0.0,62,1,3
32,0,0.7808219178082192,0.0,55,1,1
55,0,1.0,0.0,60,1,2
69,0,1.0,0.0,44,6,3
55,1,0.9123287671232877,57540.0,51,1,1
46,0,1.0,0.0,79,6,1
38,0,1.0,0.0,39,1,2
65,1,1.0,3547.0,66,1,3
43,0,1.0,0.0,39,1,3
66,0,1.0,0.0,61,16,1
65,0,0.7479452054794521,0.0,61,1,2
63,0,1.0,0.0,66,1,2
52,1,0.3095890410958904,26967.0,45,1,1
31,0,1.0,0.0,67,9,2
25,0,0.4547945205479452,0.0,48,1,2
69,0,1.0,0.0,55,16,2
69,0,0.3095890410958904,0.0,74,6,3
60,0,0.9424657534246575,0.0,40,1,1
47,0,1.0,0.0,83,1,1
49,0,1.0,0.0,66,1,2
65,0,1.0,0.0,40,11,2
53,0,1.0,0.0,44,2,2
54,0,1.0,0.0,40,7,1
38,0,1.0,0.0,40,1,3
29,0,0.5972602739726027,0.0,59,10,2
56,0,0.726027397260274,0.0,55,2,3
58,0,1.0,0.0,85,15,2
48,0,1.0,0.0,74,2,3
69,1,1.0,35781.0,40,1,1
50,0,1.0,0.0,82,6,1
25,0,0.20821917808219179,0.0,40,5,1
47,0,0.6027397260273972,0.0,44,4,3
49,1,0.9780821917808219,555000.0,53,1,1
36,0,1.0,0.0,55,1,1
28,0,1.0,0.0,33,1,3
34,1,1.0,2685.0,55,2,2
39,0,0.16712328767123288,0.0,92,1,2
34,0,1.0,0.0,55,1,1
50,0,1.0,0.0,40,1,3
39,0,1.0,0.0,100,10,1
40,0,1.0,0.0,79,2,3
27,0,0.15342465753424658,0.0,29,1,1
45,0,0.12876712328767123,0.0,58,1,2
69,1,1.0,2607.0,85,1,1
51,0,1.0,0.0,43,6,3
22,0,0.9643835616438357,0.0,54,5,1
58,1,0.9013698630136986,4234.0,74,1,3
32,0,1.0,0.0,65,1,1
42,0,1.0,0.0,43,11,2
79,1,1.0,57540.0,47,2,1
36,1,1.0,55000.0,40,3,3
26,0,0.8328767123287671,0.0,44,15,1
37,1,1.0,5736.0,21,5,3
35,0,1.0,0.0,47,11,1
53,0,1.0,0.0,66,1,2
58,0,0.4958904109589041,0.0,33,12,1
82,0,1.0,0.0,35,2,1
63,0,1.0,0.0,40,2,1
39,0,1.0,0.0,43,1,3
51,0,1.0,0.0,55,11,1
72,0,1.0,0.0,82,6,1
72,0,1.0,0.0,57,12,1
59,0,1.0,0.0,55,8,2
23,0,1.0,0.0,33,10,2
35,0,0.3287671232876712,0.0,68,5,1
45,0,1.0,0.0,68,17,1
53,0,1.0,0.0,66,1,1
55,0,1.0,0.0,50,3,1
71,0,1.0,0.0,32,1,2
39,0,0.8767123287671232,0.0,100,1,3
49,0,1.0,0.0,40,8,2
49,2,1.0,37891.0,66,6,1
50,0,1.0,0.0,50,2,3
34,2,1.0,5455.0,71,9,2
52,0,1.0,0.0,43,10,2
55,0,1.0,0.0,40,2,1
27,0,1.0,0.0,44,2,2
49,0,1.0,0.0,47,6,1
61,0,1.0,0.0,80,1,2
45,0,0.33424657534246577,0.0,66,11,1
38,1,1.0,5736.0,83,9,1
49,1,0.6383561643835617,48770.0,53,6,1
63,0,1.0,0.0,60,6,2
34,0,1.0,0.0,66,3,1
59,0,1.0,0.0,47,2,1
53,0,1.0,0.0,70,2,2
46,0,1.0,0.0,33,4,3
43,0,1.0,0.0,66,6,1
29,0,1.0,0.0,35,1,1
24,0,1.0,0.0,55,10,3
30,0,1.0,0.0,44,1,2
64,0,1.0,0.0,77,2,1
74,0,1.0,0.0,68,5,3
49,0,0.08493150684931507,0.0,40,11,2
34,0,1.0,0.0,43,2,3
51,0,1.0,0.0,98,4,1
59,0,1.0,0.0,82,7,1
41,0,1.0,0.0,66,5,3
67,0,1.0,0.0,44,1,2
60,0,1.0,0.0,73,1,3
43,0,1.0,0.0,76,1,1
39,1,1.0,8116.0,44,11,1
54,0,1.0,0.0,66,2,1
21,0,0.10136986301369863,0.0,45,6,3
47,0,1.0,0.0,64,12,3
78,0,1.0,0.0,37,11,1
19,0,1.0,0.0,55,2,3
34,0,1.0,0.0,51,7,3
37,0,1.0,0.0,66,2,2
50,0,1.0,0.0,40,1,2
41,0,1.0,0.0,43,1,3
41,0,0.08767123287671233,0.0,66,2,1
58,0,1.0,0.0,85,1,3
27,0,0.7561643835616438,0.0,210,1,1
25,0,0.2684931506849315,0.0,50,11,3
31,0,1.0,0.0,43,1,1
39,0,1.0,0.0,66,1,3
28,0,1.0,0.0,40,11,2
52,0,1.0,0.0,66,1,1
42,0,1.0,0.0,36,7,1
63,0,1.0,0.0,55,3,2
29,0,1.0,0.0,39,1,1
41,0,1.0,0.0,66,11,2
52,1,1.0,5532.0,66,1,0
29,0,0.8328767123287671,0.0,40,12,3
59,0,0.3287671232876712,0.0,47,3,1
55,0,1.0,0.0,25,12,3
35,0,0.43561643835616437,0.0,50,9,2
46,0,1.0,0.0,66,7,1
41,1,0.8684931506849315,5850.0,55,5,3
63,0,1.0,0.0,39,3,2
41,0,1.0,0.0,36,12,1
31,0,0.6876712328767123,0.0,67,1,3
35,0,1.0,0.0,50,5,3
32,2,1.0,179442.0,44,1,2
64,0,1.0,0.0,51,9,1
33,0,1.0,0.0,64,1,3
40,1,1.0,57540.0,75,12,2
56,0,1.0,0.0,85,1,1
37,0,1.0,0.0,59,12,1
27,0,1.0,0.0,58,1,2
37,0,1.0,0.0,33,12,1
71,0,1.0,0.0,66,1,2
74,0,0.7506849315068493,0.0,37,1,3
36,0,0.10136986301369863,0.0,33,1,1
39,0,1.0,0.0,66,1,2
49,0,1.0,0.0,49,2,2
26,0,1.0,0.0,62,9,1
29,0,0.4575342465753425,0.0,33,2,2
27,0,0.8575342465753425,0.0,37,1,1
43,0,1.0,0.0,100,6,1
22,0,1.0,0.0,79,1,2
33,0,1.0,0.0,50,9,1
71,0,1.0,0.0,37,1,1
29,1,1.0,52162.0,33,18,2
30,0,1.0,0.0,64,1,1
62,0,1.0,0.0,29,11,1
34,0,0.7479452054794521,0.0,40,7,1
45,0,1.0,0.0,40,1,3
43,0,1.0,0.0,55,5,0
68,0,1.0,0.0,48,1,2
56,0,1.0,0.0,40,2,2
67,0,1.0,0.0,52,1,2
25,0,0.7643835616438356,0.0,48,6,2
42,0,1.0,0.0,100,1,3
31,0,0.0410958904109589,0.0,81,12,1
58,0,0.5424657534246575,0.0,64,1,3
64,0,1.0,0.0,33,1,1
26,1,1.0,4277.0,60,2,2
82,0,1.0,0.0,85,4,3
31,0,1.0,0.0,55,10,1
44,0,1.0,0.0,51,4,1
47,1,1.0,57540.0,55,1,1
38,0,1.0,0.0,33,15,2
61,0,0.7479452054794521,0.0,52,1,3
53,0,1.0,0.0,37,6,2
32,0,1.0,0.0,55,12,1
38,0,1.0,0.0,43,13,1
46,1,0.5780821917808219,57780.0,62,1,1
32,2,1.0,11700.0,85,10,1
32,0,1.0,0.0,51,11,2
50,1,1.0,6922.0,55,1,3
53,0,0.3452054794520548,0.0,74,1,2
36,0,1.0,0.0,60,2,1
40,0,0.2465753424657534,0.0,40,11,1
77,0,1.0,0.0,40,7,1
23,0,1.0,0.0,48,2,2
49,0,1.0,0.0,29,3,3
46,0,1.0,0.0,34,1,1
25,0,1.0,0.0,36,2,3
34,0,1.0,0.0,48,3,2
61,0,0.7534246575342466,0.0,66,1,3
60,0,1.0,0.0,44,1,1
29,0,1.0,0.0,48,1,2
46,0,1.0,0.0,65,10,2
57,0,1.0,0.0,47,9,2
53,0,1.0,0.0,40,6,2
71,0,1.0,0.0,67,6,2
28,0,1.0,0.0,44,6,1
76,0,1.0,0.0,66,3,2
41,0,1.0,0.0,66,6,3
32,0,1.0,0.0,40,1,2
42,0,1.0,0.0,68,1,3
27,0,1.0,0.0,65,2,1
63,0,1.0,0.0,63,3,1
64,0,0.14246575342465753,0.0,77,1,2
52,0,1.0,0.0,53,9,1
25,0,1.0,0.0,44,1,2
28,0,0.3643835616438356,0.0,40,9,2
29,1,0.7452054794520548,60147.0,42,9,3
27,0,0.7945205479452054,0.0,104,1,1
25,0,0.29863013698630136,0.0,49,1,2
49,0,1.0,0.0,39,6,2
56,0,1.0,0.0,40,1,1
41,0,1.0,0.0,43,1,1
36,0,0.28493150684931506,0.0,65,1,2
76,0,1.0,0.0,141,12,1
63,0,1.0,0.0,74,6,3
41,0,0.8328767123287671,0.0,83,5,1
26,0,1.0,0.0,50,1,3
62,1,0.36712328767123287,77019.0,74,5,2
59,0,1.0,0.0,85,8,3
25,0,1.0,0.0,40,13,2
75,0,1.0,0.0,55,1,1
50,0,1.0,0.0,98,8,1
52,0,1.0,0.0,40,6,3
72,0,1.0,0.0,110,1,1
66,1,1.0,400000.0,53,1,3
50,0,1.0,0.0,50,3,1
23,0,1.0,0.0,43,1,3
58,0,1.0,0.0,47,1,3
48,0,0.958904109589041,0.0,43,1,3
42,0,0.7095890410958904,0.0,38,1,2
53,0,1.0,0.0,55,12,1
29,0,1.0,0.0,85,6,3
61,0,1.0,0.0,66,1,0
62,0,1.0,0.0,62,1,1
33,0,0.2493150684931507,0.0,66,2,3
57,1,1.0,98617.0,53,1,3
33,0,1.0,0.0,85,1,2
73,0,1.0,0.0,132,10,1
50,0,0.5205479452054794,0.0,33,1,1
33,0,1.0,0.0,40,1,3
62,0,1.0,0.0,55,1,2
28,0,1.0,0.0,87,6,1
73,0,1.0,0.0,67,11,3
51,0,1.0,0.0,92,3,1
57,0,1.0,0.0,40,11,3
82,2,1.0,179442.0,40,1,2
42,0,1.0,0.0,83,10,1
52,0,1.0,0.0,40,10,3
42,0,1.0,0.0,60,2,2
42,0,1.0,0.0,40,2,3
33,0,0.7068493150684931,0.0,59,2,1
44,0,1.0,0.0,51,5,3
61,0,1.0,0.0,40,12,3
59,0,1.0,0.0,85,5,1
43,1,0.3178082191780822,277359.0,75,2,3
25,0,1.0,0.0,65,1,2
49,0,0.6328767123287671,0.0,50,2,3
73,0,1.0,0.0,40,2,2
37,0,1.0,0.0,37,6,3
30,0,0.00821917808219178,0.0,66,7,1
54,0,1.0,0.0,66,2,3
60,0,1.0,0.0,40,1,2
67,0,1.0,0.0,105,2,1
63,0,0.8246575342465754,0.0,37,2,1
54,0,1.0,0.0,50,1,2
41,0,1.0,0.0,44,10,2
38,0,1.0,0.0,55,6,1
43,0,0.09315068493150686,0.0,60,5,2
29,0,0.08493150684931507,0.0,40,1,2
53,0,1.0,0.0,85,5,1
36,0,0.5616438356164384,0.0,51,1,2
67,1,0.4849315068493151,38135.0,86,10,2
57,0,1.0,0.0,65,1,1
74,0,1.0,0.0,74,10,1
50,0,1.0,0.0,29,1,3
38,0,1.0,0.0,40,7,3
21,0,1.0,0.0,52,2,1
27,0,0.4986301369863014,0.0,40,3,2
69,0,1.0,0.0,63,1,2
61,0,0.021917808219178082,0.0,75,1,1
53,0,1.0,0.0,132,1,2
32,0,1.0,0.0,64,3,2
60,0,1.0,0.0,65,10,3
59,0,1.0,0.0,69,3,2
32,1,1.0,6050.0,85,1,1
71,0,1.0,0.0,63,1,1
61,0,1.0,0.0,70,1,3
40,0,1.0,0.0,47,3,2
51,0,0.589041095890411,0.0,51,1,1
64,0,1.0,0.0,55,1,1
22,2,1.0,63390.0,37,1,2
44,0,1.0,0.0,40,2,2
45,0,1.0,0.0,42,1,1
42,0,1.0,0.0,43,7,3
30,0,1.0,0.0,55,2,3
23,0,0.9095890410958904,0.0,47,1,1
44,0,1.0,0.0,74,2,3
39,1,1.0,7334.0,123,1,3
45,0,1.0,0.0,39,7,1
71,0,1.0,0.0,62,6,0
48,0,1.0,0.0,64,1,3
25,0,1.0,0.0,80,3,3
79,0,1.0,0.0,40,6,2
36,0,1.0,0.0,55,2,2
30,0,1.0,0.0,48,6,2
44,0,0.4931506849315068,0.0,59,2,3
66,0,1.0,0.0,61,2,3
44,0,0.18082191780821918,0.0,55,4,2
51,0,1.0,0.0,47,3,3
61,0,1.0,0.0,63,1,2
45,0,1.0,0.0,37,1,1
32,0,1.0,0.0,66,13,1
31,0,0.8328767123287671,0.0,40,2,1
74,0,1.0,0.0,47,13,2
42,0,1.0,0.0,62,1,2
25,0,1.0,0.0,43,9,2
48,1,1.0,54527.0,55,12,2
51,0,1.0,0.0,39,7,2
60,0,1.0,0.0,66,1,1
38,0,0.673972602739726,0.0,70,2,3
30,0,1.0,0.0,64,2,3
31,0,1.0,0.0,51,1,2
31,0,1.0,0.0,31,1,3
50,0,1.0,0.0,44,1,2
25,0,1.0,0.0,69,1,3
50,0,1.0,0.0,92,1,1
55,0,1.0,0.0,50,6,2
38,1,1.0,300000.0,108,1,1
28,0,1.0,0.0,40,7,1
56,0,1.0,0.0,52,11,1
28,0,0.23835616438356164,0.0,93,1,1
24,0,1.0,0.0,46,2,3
55,0,1.0,0.0,88,2,3
44,0,1.0,0.0,60,2,2
31,0,0.4191780821917808,0.0,91,12,3
38,0,0.8410958904109589,0.0,70,1,2
42,0,1.0,0.0,89,9,2
30,0,0.4657534246575342,0.0,55,9,3
54,0,1.0,0.0,55,1,3
21,3,0.4821917808219178,216874.0,68,1,3
79,0,1.0,0.0,65,7,1
55,0,1.0,0.0,40,5,2
41,0,0.11506849315068493,0.0,55,12,1
73,0,1.0,0.0,66,10,1
33,0,0.8356164383561644,0.0,42,1,1
42,0,0.9698630136986301,0.0,60,12,1
27,0,1.0,0.0,91,2,1
42,0,0.6191780821917808,0.0,40,1,3
66,0,1.0,0.0,48,1,1
66,0,1.0,0.0,51,6,2
31,0,1.0,0.0,85,12,1
33,1,1.0,6438.0,55,2,2
37,0,1.0,0.0,39,1,3
37,0,1.0,0.0,55,2,1
66,0,1.0,0.0,84,7,2
64,0,1.0,0.0,44,1,2
35,0,1.0,0.0,53,2,1
25,0,0.16164383561643836,0.0,85,1,1
31,1,0.2465753424657534,6534.0,47,12,3
35,0,1.0,0.0,40,1,3
35,0,0.6904109589041096,0.0,55,3,1
47,0,1.0,0.0,85,8,2
54,0,1.0,0.0,80,2,1
30,0,0.9972602739726028,0.0,66,1,3
37,0,1.0,0.0,54,8,2
63,0,1.0,0.0,92,1,1
60,0,1.0,0.0,70,5,1
35,0,0.5123287671232877,0.0,62,3,2
52,0,1.0,0.0,65,2,1
71,0,1.0,0.0,33,2,1
28,0,1.0,0.0,75,6,3
38,0,0.42191780821917807,0.0,33,1,1
35,0,0.2136986301369863,0.0,55,3,3
43,0,0.5972602739726027,0.0,59,1,1
53,0,1.0,0.0,51,8,3
88,0,1.0,0.0,60,11,3
40,0,0.2273972602739726,0.0,55,12,3
63,0,1.0,0.0,67,5,3
74,0,1.0,0.0,48,10,3
34,0,1.0,0.0,48,9,2
48,0,0.2,0.0,64,2,1
48,0,0.2465753424657534,0.0,65,1,1
59,0,0.21643835616438356,0.0,85,1,2
30,0,1.0,0.0,40,6,3
36,0,1.0,0.0,60,5,1
66,0,1.0,0.0,74,1,3
50,0,1.0,0.0,74,1,3
52,0,1.0,0.0,45,3,1
29,0,0.7863013698630137,0.0,53,6,2
74,0,1.0,0.0,90,11,3
43,0,1.0,0.0,50,11,3
38,0,1.0,0.0,60,3,2
43,1,1.0,2723.0,82,8,3
34,0,0.16164383561643836,0.0,44,1,2
65,0,1.0,0.0,68,7,3
38,0,1.0,0.0,55,1,2
50,1,1.0,12584.0,55,2,2
26,0,0.08493150684931507,0.0,49,1,3
58,0,1.0,0.0,55,5,2
34,0,0.9561643835616438,0.0,55,12,3
50,0,1.0,0.0,50,1,2
43,0,1.0,0.0,65,1,1
44,0,1.0,0.0,45,2,1
73,0,1.0,0.0,66,1,1
36,0,1.0,0.0,60,1,1
28,0,1.0,0.0,77,3,2
51,1,1.0,88935.0,51,1,3
53,0,0.9095890410958904,0.0,45,1,3
39,0,0.0410958904109589,0.0,53,1,1
70,0,1.0,0.0,60,2,2
51,0,1.0,0.0,54,1,2
78,0,1.0,0.0,43,12,2
34,0,1.0,0.0,45,1,3
23,0,0.9863013698630136,0.0,60,12,1
51,0,1.0,0.0,60,1,1
45,0,1.0,0.0,47,2,1
83,0,1.0,0.0,40,8,1
47,0,1.0,0.0,25,12,2
41,0,0.6465753424657534,0.0,87,2,3
40,0,1.0,0.0,55,7,1
65,1,0.8931506849315068,52418.0,44,1,1
67,0,1.0,0.0,55,1,1
31,0,1.0,0.0,77,3,3
50,0,1.0,0.0,60,1,1
26,0,1.0,0.0,44,2,3
25,0,1.0,0.0,40,9,1
49,0,1.0,0.0,55,1,3
27,0,1.0,0.0,54,5,2
68,0,1.0,0.0,68,6,1
38,1,1.0,8268.0,66,1,2
29,0,1.0,0.0,57,6,3
52,0,1.0,0.0,43,9,3
38,0,0.9863013698630136,0.0,40,1,2
53,0,1.0,0.0,51,8,2
44,0,0.00821917808219178,0.0,55,1,0
65,0,1.0,0.0,63,11,2
39,0,0.2273972602739726,0.0,66,11,1
75,0,1.0,0.0,66,1,2
63,0,1.0,0.0,85,1,1
42,0,1.0,0.0,55,1,3
20,0,1.0,0.0,55,2,2
31,0,1.0,0.0,60,1,1
44,0,0.15342465753424658,0.0,39,1,1
66,1,1.0,546724.0,40,1,2
51,0,1.0,0.0,85,1,3
41,1,1.0,5850.0,50,12,2
61,0,1.0,0.0,40,10,1
33,0,1.0,0.0,40,6,2
41,0,1.0,0.0,66,6,3
24,1,1.0,55000.0,55,5,1
41,0,0.6575342465753424,0.0,53,1,2
29,0,1.0,0.0,68,1,1
66,0,1.0,0.0,37,8,1
27,0,1.0,0.0,36,2,3
72,0,1.0,0.0,44,1,2
63,0,1.0,0.0,65,1,2
29,0,1.0,0.0,33,1,2
47,0,1.0,0.0,54,9,3
61,0,1.0,0.0,55,8,1
23,0,1.0,0.0,43,1,1
40,0,1.0,0.0,166,1,2
55,0,0.07397260273972603,0.0,85,1,2
30,0,1.0,0.0,42,1,1
46,0,1.0,0.0,66,6,2
44,0,1.0,0.0,55,1,1
78,0,1.0,0.0,66,1,2
50,0,1.0,0.0,77,1,1
31,0,1.0,0.0,48,1,1
77,0,1.0,0.0,47,1,1
36,0,0.3315068493150685,0.0,55,3,3
38,0,0.6684931506849315,0.0,49,1,2
48,0,1.0,0.0,51,5,1
68,0,1.0,0.0,40,1,1
36,0,1.0,0.0,55,6,1
63,0,1.0,0.0,55,2,3
47,1,1.0,42486.0,45,2,2
59,0,1.0,0.0,34,6,1
50,0,1.0,0.0,51,8,1
36,0,0.8684931506849315,0.0,43,1,1
65,0,0.7205479452054795,0.0,75,1,1
72,0,1.0,0.0,40,2,3
54,0,1.0,0.0,66,6,1
50,0,1.0,0.0,40,16,3
69,0,1.0,0.0,66,2,1
85,0,1.0,0.0,58,1,2
25,0,1.0,0.0,40,3,2
37,1,1.0,6196.0,102,13,2
54,0,1.0,0.0,33,2,1
35,0,1.0,0.0,33,10,3
86,0,1.0,0.0,65,7,1
75,0,1.0,0.0,47,1,3
58,0,1.0,0.0,37,1,2
55,1,1.0,30473.0,65,10,2
57,0,1.0,0.0,29,1,1
63,0,1.0,0.0,44,5,1
61,1,1.0,55000.0,51,2,1
42,1,1.0,1054508.0,60,15,1
31,0,1.0,0.0,85,6,3
56,0,1.0,0.0,81,1,1
48,0,1.0,0.0,55,1,3
35,0,1.0,0.0,51,2,2
63,0,1.0,0.0,85,7,1
43,0,1.0,0.0,40,12,3
59,0,1.0,0.0,61,1,0
46,0,1.0,0.0,47,7,1
42,0,0.08493150684931507,0.0,40,2,3
27,1,1.0,56481.0,32,18,2
46,0,0.7315068493150685,0.0,68,9,1
73,1,1.0,60147.0,43,12,1
42,2,1.0,11916.0,66,1,2
28,0,1.0,0.0,33,2,2
41,0,0.33424657534246577,0.0,51,1,1
36,0,1.0,0.0,55,6,2
33,0,0.16164383561643836,0.0,41,1,3
67,0,1.0,0.0,24,6,1
38,0,1.0,0.0,119,11,2
43,0,1.0,0.0,37,2,3
46,0,1.0,0.0,65,2,3
46,0,1.0,0.0,66,3,1
50,0,1.0,0.0,37,1,2
68,0,1.0,0.0,55,1,3
39,0,1.0,0.0,106,5,2
57,1,1.0,36300.0,65,7,3
44,0,1.0,0.0,66,2,2
36,1,1.0,5850.0,63,1,1
65,0,1.0,0.0,65,1,1
40,0,1.0,0.0,55,1,2
43,0,1.0,0.0,35,1,2
34,0,1.0,0.0,74,1,1
38,0,1.0,0.0,55,1,1
57,0,1.0,0.0,49,1,2
61,0,1.0,0.0,74,2,1
41,0,1.0,0.0,37,11,1
45,0,1.0,0.0,21,11,1
32,0,1.0,0.0,55,6,2
71,0,1.0,0.0,44,6,2
48,0,1.0,0.0,87,3,3
37,0,0.2356164383561644,0.0,38,2,3
63,0,1.0,0.0,65,1,1
35,0,1.0,0.0,101,2,1
38,0,0.726027397260274,0.0,47,3,1
47,0,0.2493150684931507,0.0,110,5,1
54,0,0.3452054794520548,0.0,33,1,3
51,0,0.14520547945205478,0.0,52,2,3
63,0,0.33424657534246577,0.0,44,6,1
48,0,1.0,0.0,42,11,3
36,0,1.0,0.0,51,1,2
27,1,1.0,40526.0,40,1,3
30,0,0.4136986301369863,0.0,51,1,2
33,0,0.1232876712328767,0.0,101,8,1
31,0,1.0,0.0,44,11,1
42,0,1.0,0.0,47,2,3
41,0,0.4958904109589041,0.0,40,1,1
69,0,1.0,0.0,43,1,1
82,1,1.0,30856.0,55,2,1
37,0,1.0,0.0,55,2,1
69,0,1.0,0.0,85,3,1
53,0,1.0,0.0,77,5,1
35,0,0.32054794520547947,0.0,43,1,0
48,0,1.0,0.0,55,1,3
37,0,1.0,0.0,47,6,2
64,1,1.0,6534.0,43,1,3
54,0,1.0,0.0,85,8,1
63,0,1.0,0.0,55,2,3
46,0,1.0,0.0,55,1,3
62,0,1.0,0.0,37,1,1
48,0,1.0,0.0,32,1,1
36,0,1.0,0.0,40,1,2
35,1,1.0,57540.0,55,1,2
61,0,1.0,0.0,50,1,3
48,0,1.0,0.0,37,1,2
34,0,0.8301369863013699,0.0,60,1,2
66,0,1.0,0.0,40,2,1
47,0,1.0,0.0,93,5,2
76,0,1.0,0.0,55,3,1
52,0,1.0,0.0,48,3,3
39,0,1.0,0.0,48,2,1
70,0,1.0,0.0,94,2,2
56,0,0.2410958904109589,0.0,56,9,1
47,0,1.0,0.0,85,6,2
66,0,1.0,0.0,64,1,2
57,0,1.0,0.0,49,1,3
30,1,1.0,60147.0,55,11,1
50,0,1.0,0.0,51,1,1
32,0,1.0,0.0,27,1,1
57,0,0.16986301369863013,0.0,40,13,3
63,0,1.0,0.0,61,5,1
58,0,1.0,0.0,48,2,2
62,0,1.0,0.0,39,2,3
60,0,1.0,0.0,81,4,1
35,0,1.0,0.0,55,1,1
28,0,0.7671232876712328,0.0,44,12,3
45,0,1.0,0.0,66,5,3
48,0,1.0,0.0,60,1,2
70,0,1.0,0.0,55,1,1
47,0,1.0,0.0,66,6,3
68,0,1.0,0.0,73,5,3
36,1,1.0,2645.0,60,1,2
29,0,1.0,0.0,58,10,3
30,0,1.0,0.0,55,3,2
41,0,1.0,0.0,43,1,2
53,0,1.0,0.0,51,12,2
40,0,1.0,0.0,49,1,3
44,0,1.0,0.0,66,5,1
68,0,1.0,0.0,51,4,1
30,0,1.0,0.0,66,1,2
25,0,0.2684931506849315,0.0,33,1,1
78,0,1.0,0.0,43,1,1
79,0,1.0,0.0,43,12,3
76,0,1.0,0.0,43,1,1
33,0,1.0,0.0,33,10,1
46,0,1.0,0.0,43,1,1
72,0,1.0,0.0,85,1,1
51,0,1.0,0.0,75,2,3
21,0,0.6767123287671233,0.0,57,1,2
58,0,1.0,0.0,51,11,1
54,0,1.0,0.0,74,1,2
55,0,1.0,0.0,57,2,2
64,0,1.0,0.0,50,8,3
70,0,1.0,0.0,49,13,2
67,0,1.0,0.0,55,10,3
60,0,1.0,0.0,37,2,3
37,0,1.0,0.0,66,2,1
27,1,0.9835616438356164,6292.0,87,2,2
69,0,1.0,0.0,55,10,2
62,0,0.6082191780821918,0.0,52,1,2
32,0,1.0,0.0,47,10,1
53,0,0.3287671232876712,0.0,44,2,3
33,0,1.0,0.0,66,5,1
49,0,1.0,0.0,60,2,2
31,0,0.4958904109589041,0.0,52,1,3
41,0,1.0,0.0,55,5,1
33,0,1.0,0.0,85,2,1
30,1,1.0,55000.0,43,1,1
52,0,0.0136986301369863,0.0,39,5,1
28,0,0.7534246575342466,0.0,53,1,2
23,0,1.0,0.0,54,2,0
59,0,1.0,0.0,44,1,3
72,0,1.0,0.0,85,1,3
28,0,1.0,0.0,66,1,3
32,0,0.08493150684931507,0.0,55,8,3
24,0,1.0,0.0,55,2,3
54,0,1.0,0.0,77,13,2
64,0,0.2465753424657534,0.0,100,2,2
35,0,1.0,0.0,40,2,1
65,1,1.0,120615.0,44,6,3
73,0,1.0,0.0,34,1,2
61,0,1.0,0.0,43,9,1
70,0,0.915068493150685,0.0,21,4,1
48,1,1.0,121902.0,50,1,1
59,0,1.0,0.0,90,1,3
57,0,1.0,0.0,55,1,1
52,0,1.0,0.0,33,10,2
57,0,0.08493150684931507,0.0,55,12,1
74,0,1.0,0.0,33,12,1
74,0,1.0,0.0,51,1,1
57,0,1.0,0.0,55,1,2
69,0,1.0,0.0,50,5,3
38,0,0.3506849315068493,0.0,40,7,1
34,0,0.28493150684931506,0.0,54,12,3
44,0,1.0,0.0,83,13,1
27,0,1.0,0.0,55,2,2
76,0,1.0,0.0,44,1,1
47,0,0.8246575342465754,0.0,55,6,3
62,0,1.0,0.0,43,1,1
29,0,1.0,0.0,103,12,1
76,1,1.0,5662.0,54,6,3
67,0,1.0,0.0,52,1,2
32,0,1.0,0.0,49,7,3
32,0,0.16986301369863013,0.0,66,1,3
36,0,0.4958904109589041,0.0,40,8,1
59,0,0.8493150684931506,0.0,68,2,2
41,0,1.0,0.0,39,2,1
51,0,1.0,0.0,96,10,3
58,1,1.0,5850.0,60,6,2
42,0,1.0,0.0,37,12,1
51,0,0.8328767123287671,0.0,65,1,3
35,1,1.0,57540.0,60,11,0
64,0,1.0,0.0,47,1,3
34,1,0.8876712328767123,130000.0,34,12,1
53,0,1.0,0.0,50,12,2
71,0,0.3287671232876712,0.0,110,1,2
61,0,1.0,0.0,51,1,3
67,0,1.0,0.0,70,2,2
59,0,1.0,0.0,47,3,3
26,0,1.0,0.0,65,1,1
25,1,0.9260273972602739,57540.0,33,1,1
41,0,0.5616438356164384,0.0,65,9,3
36,0,1.0,0.0,84,11,3
47,0,1.0,0.0,58,10,1
53,1,1.0,80000.0,40,4,3
25,0,1.0,0.0,37,2,1
32,1,1.0,57540.0,65,1,3
26,0,1.0,0.0,55,1,1
28,0,1.0,0.0,32,2,1
69,0,1.0,0.0,51,12,2
49,0,1.0,0.0,65,1,1
40,0,1.0,0.0,55,12,1
46,0,1.0,0.0,33,1,1
29,1,1.0,2607.0,65,2,2
66,0,1.0,0.0,47,1,2
43,1,1.0,57540.0,74,1,3
58,0,1.0,0.0,43,2,3
34,0,0.5808219178082191,0.0,55,2,3
55,0,1.0,0.0,66,5,3
70,0,1.0,0.0,89,1,1
33,0,1.0,0.0,43,12,3
61,0,1.0,0.0,40,1,3
46,0,1.0,0.0,40,11,1
26,0,1.0,0.0,33,2,2
50,0,1.0,0.0,54,1,1
47,0,0.2958904109589041,0.0,44,1,3
49,0,0.5232876712328767,0.0,57,11,2
34,0,1.0,0.0,55,1,3
62,0,1.0,0.0,43,1,2
25,0,0.6164383561643836,0.0,43,1,3
59,0,1.0,0.0,39,1,2
52,0,1.0,0.0,87,1,3
81,0,0.2191780821917808,0.0,63,2,1
38,0,0.2465753424657534,0.0,40,1,2
64,1,1.0,24431.0,51,2,3
48,0,1.0,0.0,51,1,2
28,0,1.0,0.0,55,2,2
42,0,1.0,0.0,77,15,2
47,0,1.0,0.0,40,20,1
27,0,1.0,0.0,55,5,3
38,0,0.21643835616438356,0.0,70,1,2
32,0,0.4821917808219178,0.0,66,2,2
45,0,1.0,0.0,85,2,1
32,0,1.0,0.0,53,2,3
33,0,0.5808219178082191,0.0,32,6,3
61,0,1.0,0.0,44,1,3
76,0,1.0,0.0,43,1,1
53,0,1.0,0.0,77,6,3
69,0,1.0,0.0,48,1,1
39,0,1.0,0.0,97,1,1
70,0,1.0,0.0,55,5,1
55,0,1.0,0.0,39,6,2
49,1,1.0,2781.0,33,1,3
25,1,1.0,14703.0,44,9,3
60,0,1.0,0.0,90,4,0
31,0,1.0,0.0,33,1,1
52,0,1.0,0.0,66,1,3
32,0,1.0,0.0,78,3,2
38,0,1.0,0.0,66,8,3
33,1,1.0,5850.0,54,15,1
27,0,1.0,0.0,54,7,3
40,0,0.23835616438356164,0.0,60,2,1
40,0,1.0,0.0,60,5,2
77,0,1.0,0.0,43,11,0
35,0,0.4931506849315068,0.0,44,1,1
63,1,1.0,57540.0,43,3,1
71,0,1.0,0.0,82,2,1
43,0,0.915068493150685,0.0,110,11,1
40,0,1.0,0.0,66,9,2
36,0,1.0,0.0,66,1,1
34,0,1.0,0.0,40,6,3
64,0,1.0,0.0,50,2,2
45,0,0.9753424657534246,0.0,40,6,3
57,0,1.0,0.0,40,1,1
63,0,1.0,0.0,63,1,2
38,0,0.8328767123287671,0.0,51,9,3
35,0,0.4958904109589041,0.0,55,2,1
46,0,0.06575342465753424,0.0,50,11,3
67,0,0.16986301369863013,0.0,70,1,1
31,0,1.0,0.0,33,9,3
50,0,1.0,0.0,40,1,2
24,0,0.1095890410958904,0.0,33,1,2
51,0,1.0,0.0,63,5,3
44,0,0.4273972602739726,0.0,40,1,3
55,1,1.0,5324.0,75,10,2
28,0,1.0,0.0,68,1,3
39,0,1.0,0.0,66,8,3
54,0,0.5808219178082191,0.0,44,12,1
24,1,1.0,91574.0,44,1,1
41,0,1.0,0.0,44,1,1
33,0,1.0,0.0,44,8,1
49,0,1.0,0.0,55,1,3
38,0,1.0,0.0,63,3,1
43,0,1.0,0.0,57,6,3
36,0,1.0,0.0,55,2,3
50,0,1.0,0.0,40,1,1
56,0,1.0,0.0,25,7,1
33,0,1.0,0.0,55,11,3
70,0,1.0,0.0,55,5,1
40,0,0.1726027397260274,0.0,75,1,3
30,0,0.3287671232876712,0.0,33,1,3
62,0,1.0,0.0,81,1,2
40,0,0.4054794520547945,0.0,44,5,3
42,0,0.273972602739726,0.0,60,9,1
62,0,1.0,0.0,40,1,3
33,0,0.2465753424657534,0.0,55,2,1
39,0,0.09041095890410959,0.0,85,11,1
70,1,1.0,52000.0,77,12,2
53,0,0.5808219178082191,0.0,33,1,2
63,0,1.0,0.0,83,11,1
23,0,0.4657534246575342,0.0,81,10,1
29,0,1.0,0.0,37,1,2
64,0,1.0,0.0,70,2,2
51,1,1.0,6244.0,66,1,3
67,0,1.0,0.0,55,9,1
48,0,1.0,0.0,55,9,2
37,0,1.0,0.0,65,1,1
48,0,0.34794520547945207,0.0,40,12,3
32,0,1.0,0.0,40,9,3
27,2,1.0,5559.0,59,6,2
58,0,1.0,0.0,39,1,1
61,0,1.0,0.0,33,6,3
69,0,1.0,0.0,44,1,2
28,0,1.0,0.0,70,10,1
35,0,0.34794520547945207,0.0,40,4,2
32,0,0.3287671232876712,0.0,55,6,2
76,0,1.0,0.0,64,1,2
38,0,1.0,0.0,49,2,2
42,0,1.0,0.0,55,11,1
28,0,1.0,0.0,66,1,1
52,0,1.0,0.0,130,6,3
39,0,1.0,0.0,56,6,2
65,0,0.5616438356164384,0.0,43,1,2
27,0,1.0,0.0,37,1,3
41,0,0.41643835616438357,0.0,34,7,2
55,0,1.0,0.0,40,1,3
47,0,1.0,0.0,46,12,1
31,0,0.16712328767123288,0.0,47,6,2
52,0,0.6547945205479452,0.0,39,10,2
36,0,1.0,0.0,48,1,2
68,0,1.0,0.0,37,2,1
43,0,1.0,0.0,44,2,1
73,0,1.0,0.0,55,2,2
41,0,1.0,0.0,39,2,2
35,0,0.6328767123287671,0.0,50,4,1
46,0,1.0,0.0,33,1,1
24,0,0.6383561643835617,0.0,75,11,3
49,0,1.0,0.0,66,1,1
58,0,0.8273972602739726,0.0,74,1,3
58,0,1.0,0.0,82,5,3
41,0,1.0,0.0,66,2,1
50,0,1.0,0.0,49,2,1
36,0,1.0,0.0,29,1,1
92,0,1.0,0.0,40,1,3
46,3,1.0,20766.0,61,1,2
29,1,0.6712328767123288,125202.0,44,2,3
43,0,0.0027397260273972603,0.0,38,2,2
56,0,1.0,0.0,47,6,2
67,1,1.0,57540.0,51,2,1
26,0,1.0,0.0,65,1,3
36,0,1.0,0.0,67,6,1
40,0,1.0,0.0,54,1,1
44,0,1.0,0.0,48,1,3
67,0,1.0,0.0,33,13,1
24,1,1.0,9584.0,43,1,1
41,0,1.0,0.0,63,1,1
38,0,1.0,0.0,42,1,2
38,0,1.0,0.0,51,4,3
28,0,0.4136986301369863,0.0,46,2,1
69,0,1.0,0.0,70,10,1
49,0,1.0,0.0,40,1,3
69,0,0.5506849315068493,0.0,40,1,3
50,0,1.0,0.0,71,1,3
47,0,1.0,0.0,50,1,1
71,0,1.0,0.0,39,1,1
50,0,0.8328767123287671,0.0,67,8,1
32,0,0.6027397260273972,0.0,51,3,2
63,0,1.0,0.0,63,2,1
31,0,1.0,0.0,46,1,2
59,0,1.0,0.0,89,1,1
34,0,1.0,0.0,66,1,3
39,1,1.0,8422.0,44,4,1
40,0,0.6273972602739726,0.0,33,1,3
34,0,1.0,0.0,47,11,3
45,0,1.0,0.0,105,3,1
54,0,1.0,0.0,55,2,3
40,0,1.0,0.0,57,1,3
65,0,1.0,0.0,93,2,3
65,0,0.6657534246575343,0.0,60,1,1
34,0,1.0,0.0,43,11,1
36,0,0.7232876712328767,0.0,76,1,3
43,1,1.0,65000.0,42,1,1
41,0,1.0,0.0,63,6,1
64,0,0.5945205479452055,0.0,76,1,2
29,0,0.958904109589041,0.0,94,1,1
76,0,1.0,0.0,55,2,3
50,0,0.14794520547945206,0.0,37,3,2
69,0,1.0,0.0,33,12,1
35,0,1.0,0.0,43,1,2
30,0,0.3287671232876712,0.0,60,2,3
40,0,1.0,0.0,54,1,2
40,0,1.0,0.0,82,5,2
31,0,0.06301369863013699,0.0,85,15,0
44,0,1.0,0.0,64,1,2
58,1,1.0,5408.0,40,4,3
25,0,1.0,0.0,89,1,3
48,0,1.0,0.0,33,1,3
24,0,1.0,0.0,66,2,1
42,0,1.0,0.0,40,2,1
65,0,1.0,0.0,53,1,1
56,0,1.0,0.0,39,3,1
50,0,1.0,0.0,43,12,1
54,0,1.0,0.0,55,9,2
65,0,1.0,0.0,56,1,1
66,1,1.0,5850.0,50,3,1
33,0,1.0,0.0,68,11,1
83,0,1.0,0.0,66,2,3
36,0,1.0,0.0,40,1,1
72,0,1.0,0.0,55,3,3
41,0,1.0,0.0,40,6,3
44,0,1.0,0.0,66,2,2
41,1,1.0,16921.0,80,2,3
26,0,1.0,0.0,55,2,2
65,0,1.0,0.0,65,1,1
45,0,1.0,0.0,75,13,2
38,1,1.0,3715.0,66,6,1
48,0,1.0,0.0,73,1,3
32,1,0.8164383561643835,4033.0,44,3,2
31,0,0.4904109589041096,0.0,83,1,2
35,0,1.0,0.0,69,1,3
53,0,1.0,0.0,85,12,3
42,0,1.0,0.0,33,2,3
74,0,0.7287671232876712,0.0,44,6,1
61,0,1.0,0.0,60,10,3
28,0,1.0,0.0,68,12,3
45,0,1.0,0.0,37,2,1
30,0,0.06575342465753424,0.0,40,1,2
28,0,1.0,0.0,40,5,1
63,0,1.0,0.0,33,2,2
49,1,1.0,6764.0,46,1,2
61,0,1.0,0.0,80,1,1
43,0,1.0,0.0,98,9,3
42,0,1.0,0.0,55,2,3
42,0,1.0,0.0,60,1,3
37,1,1.0,91986.0,48,1,1
56,0,1.0,0.0,63,5,1
24,0,1.0,0.0,51,4,2
30,0,0.33972602739726027,0.0,36,2,1
75,0,1.0,0.0,97,3,1
41,0,1.0,0.0,44,6,2
84,0,1.0,0.0,65,1,3
74,0,1.0,0.0,78,1,3
42,0,1.0,0.0,55,1,3
27,0,1.0,0.0,51,1,2
42,0,0.4136986301369863,0.0,85,2,1
30,0,1.0,0.0,77,2,3
37,0,1.0,0.0,51,2,1
31,0,1.0,0.0,40,2,3
73,1,1.0,50000.0,39,2,1
37,0,0.8082191780821918,0.0,40,5,2
53,0,1.0,0.0,40,2,2
49,0,1.0,0.0,69,1,3
46,0,1.0,0.0,61,12,2
48,0,1.0,0.0,77,6,1
65,0,1.0,0.0,66,1,2
55,0,1.0,0.0,55,1,3
32,0,1.0,0.0,64,1,3
49,0,0.01643835616438356,0.0,66,6,1
39,0,1.0,0.0,66,1,1
38,0,1.0,0.0,85,6,2
54,0,1.0,0.0,55,1,1
70,0,1.0,0.0,74,1,2
51,0,0.7479452054794521,0.0,44,3,3
61,1,1.0,25000.0,55,6,2
46,0,1.0,0.0,25,6,1
73,0,1.0,0.0,53,1,3
23,0,1.0,0.0,33,6,1
68,0,1.0,0.0,60,1,0
63,0,1.0,0.0,44,7,2
58,0,1.0,0.0,55,1,3
77,0,1.0,0.0,51,2,1
27,0,1.0,0.0,103,1,3
36,0,1.0,0.0,50,1,3
54,0,1.0,0.0,39,7,2
24,0,1.0,0.0,51,2,3
57,0,0.5808219178082191,0.0,108,1,1
38,0,0.25205479452054796,0.0,64,1,1
77,0,1.0,0.0,40,2,3
45,0,0.13424657534246576,0.0,33,1,1
69,0,1.0,0.0,66,1,1
71,0,1.0,0.0,65,1,2
28,1,0.0821917808219178,54917.0,68,1,1
29,0,1.0,0.0,51,6,2
48,0,1.0,0.0,109,1,3
43,0,1.0,0.0,98,1,1
48,0,1.0,0.0,50,1,3
61,0,0.8328767123287671,0.0,50,1,0
56,0,1.0,0.0,55,1,1
49,0,1.0,0.0,38,2,2
28,0,1.0,0.0,36,5,1
60,0,1.0,0.0,47,7,2
52,0,1.0,0.0,34,1,3
45,0,1.0,0.0,33,7,1
52,0,1.0,0.0,60,8,1
57,0,1.0,0.0,40,2,2
51,1,1.0,2607.0,90,2,2
62,0,1.0,0.0,40,1,3
43,0,1.0,0.0,51,1,1
44,0,1.0,0.0,65,1,2
37,0,0.410958904109589,0.0,48,1,2
54,0,1.0,0.0,46,1,1
26,0,1.0,0.0,65,7,2
45,0,1.0,0.0,83,1,1
72,0,1.0,0.0,74,1,2
70,0,1.0,0.0,55,12,1
30,0,1.0,0.0,59,2,2
67,0,0.5095890410958904,0.0,42,1,2
35,0,1.0,0.0,62,1,3
44,0,1.0,0.0,51,2,2
57,0,1.0,0.0,66,1,1
29,0,1.0,0.0,37,6,1
41,1,1.0,30014.0,65,1,3
39,0,1.0,0.0,61,2,3
64,0,0.7589041095890411,0.0,55,1,1
60,0,1.0,0.0,55,1,3
63,0,1.0,0.0,55,1,2
49,0,0.16164383561643836,0.0,46,12,1
44,0,1.0,0.0,103,1,1
68,1,1.0,5324.0,110,1,2
54,1,0.915068493150685,138592.0,55,2,1
66,0,0.5178082191780822,0.0,44,2,3
57,0,1.0,0.0,85,1,3
44,0,1.0,0.0,83,12,1
50,0,1.0,0.0,40,6,2
68,0,0.09315068493150686,0.0,82,5,1
30,0,1.0,0.0,66,1,1
27,0,1.0,0.0,33,8,2
69,0,1.0,0.0,232,12,2
67,0,1.0,0.0,73,1,3
25,0,0.7917808219178082,0.0,47,11,2
47,0,1.0,0.0,66,1,1
53,0,1.0,0.0,51,12,1
30,0,0.8027397260273973,0.0,51,1,3
26,0,1.0,0.0,65,1,3
35,0,1.0,0.0,82,8,1
65,0,1.0,0.0,55,9,2
42,0,1.0,0.0,85,6,1
41,0,1.0,0.0,66,1,3
70,0,1.0,0.0,55,1,1
38,0,1.0,0.0,60,11,3
26,0,1.0,0.0,42,3,1
48,0,0.7616438356164383,0.0,40,11,2
58,0,0.8383561643835616,0.0,37,1,1
47,0,0.27945205479452057,0.0,73,2,2
73,0,1.0,0.0,100,7,1
51,0,0.6273972602739726,0.0,43,1,1
39,0,0.3150684931506849,0.0,43,5,1
33,0,0.7424657534246575,0.0,85,1,1
33,0,1.0,0.0,52,10,1
46,0,1.0,0.0,47,2,2
58,0,0.5315068493150685,0.0,50,1,2
73,0,1.0,0.0,44,1,2
66,0,1.0,0.0,55,2,2
43,1,1.0,5532.0,50,2,2
47,1,1.0,60147.0,47,3,1
32,0,1.0,0.0,53,9,1
29,0,0.11232876712328767,0.0,65,6,2
43,0,0.11506849315068493,0.0,63,2,2
65,0,1.0,0.0,55,1,3
53,0,1.0,0.0,47,2,1
45,0,0.16164383561643836,0.0,47,2,2
27,0,1.0,0.0,68,3,3
45,0,0.12876712328767123,0.0,66,1,3
51,0,1.0,0.0,110,2,1
46,2,1.0,11132.0,33,2,1
74,0,1.0,0.0,55,1,2
62,0,0.7150684931506849,0.0,74,7,1
31,0,1.0,0.0,66,7,1
48,0,1.0,0.0,44,1,1
51,0,1.0,0.0,65,1,3
34,0,0.3095890410958904,0.0,55,1,3
65,0,1.0,0.0,66,1,2
25,0,1.0,0.0,51,2,0
26,0,1.0,0.0,36,5,1
20,0,1.0,0.0,55,5,3
59,0,1.0,0.0,70,2,3
48,0,0.6876712328767123,0.0,44,3,1
44,0,1.0,0.0,51,1,2
61,0,1.0,0.0,81,11,2
27,0,1.0,0.0,54,1,2
56,0,1.0,0.0,136,6,1
48,1,1.0,57540.0,34,2,1
38,0,1.0,0.0,40,3,1
61,0,1.0,0.0,43,10,1
59,2,1.0,41263.0,55,1,1
28,0,1.0,0.0,70,2,1
64,0,1.0,0.0,55,1,1
75,0,1.0,0.0,40,1,2
58,0,1.0,0.0,47,9,2
39,0,1.0,0.0,51,1,2
40,0,1.0,0.0,40,12,2
43,0,1.0,0.0,43,1,2
50,0,1.0,0.0,33,3,1
26,0,0.0410958904109589,0.0,50,13,2
62,0,1.0,0.0,66,2,1
32,0,1.0,0.0,87,11,1
26,0,1.0,0.0,66,1,3
65,0,1.0,0.0,47,9,3
34,0,0.3287671232876712,0.0,63,1,3
28,1,1.0,5324.0,66,1,1
47,0,1.0,0.0,43,9,1
22,0,1.0,0.0,33,6,1
50,0,1.0,0.0,65,9,1
49,0,0.3424657534246575,0.0,85,2,1
65,0,1.0,0.0,66,16,3
50,0,0.5095890410958904,0.0,44,1,1
55,0,1.0,0.0,70,12,2
34,0,0.16164383561643836,0.0,90,1,1
37,0,1.0,0.0,55,11,2
77,1,1.0,5850.0,50,1,3
40,0,0.8328767123287671,0.0,92,7,1
68,0,1.0,0.0,49,1,1
44,0,1.0,0.0,66,2,2
39,1,1.0,4569.0,48,3,1
51,0,1.0,0.0,85,1,1
56,1,1.0,57540.0,43,1,3
49,0,0.7753424657534247,0.0,60,2,2
47,1,0.9260273972602739,36481.0,60,1,3
32,0,1.0,0.0,40,1,2
41,0,0.7232876712328767,0.0,33,7,1
47,0,1.0,0.0,40,6,3
46,0,1.0,0.0,66,1,1
62,0,0.7452054794520548,0.0,33,4,2
57,0,1.0,0.0,40,1,3
66,0,1.0,0.0,34,1,2
66,0,1.0,0.0,51,1,2
40,0,0.0027397260273972603,0.0,64,1,1
77,0,1.0,0.0,55,2,2
64,0,0.5863013698630137,0.0,69,10,3
29,0,1.0,0.0,34,1,2
34,0,0.16164383561643836,0.0,40,1,2
21,0,1.0,0.0,34,6,2
67,0,1.0,0.0,66,3,1
42,0,0.3013698630136986,0.0,45,6,2
72,1,1.0,29000.0,37,1,2
77,0,1.0,0.0,51,5,2
23,0,1.0,0.0,44,6,1
34,0,1.0,0.0,55,4,1
33,0,0.9424657534246575,0.0,40,8,1
75,0,1.0,0.0,66,1,3
38,0,1.0,0.0,51,10,1
64,0,0.9205479452054794,0.0,100,1,2
55,0,1.0,0.0,44,1,1
52,1,0.5013698630136987,280734.0,55,11,2
53,0,1.0,0.0,66,2,2
39,0,1.0,0.0,65,1,2
55,0,1.0,0.0,66,1,2
32,0,1.0,0.0,42,1,2
72,0,1.0,0.0,65,3,3
31,0,0.2465753424657534,0.0,51,2,1
55,0,0.5260273972602739,0.0,77,1,3
34,0,1.0,0.0,76,1,1
61,0,0.10136986301369863,0.0,103,1,1
64,0,1.0,0.0,80,8,1
39,0,0.4136986301369863,0.0,98,1,3
37,0,1.0,0.0,54,1,2
69,0,1.0,0.0,43,3,3
78,0,1.0,0.0,44,1,1
46,0,1.0,0.0,78,2,3
66,1,1.0,37626.0,69,12,1
47,0,1.0,0.0,40,1,1
45,0,1.0,0.0,63,1,3
55,1,1.0,106847.0,66,1,1
34,0,0.30684931506849317,0.0,43,10,3
23,0,0.17534246575342466,0.0,43,14,2
39,0,1.0,0.0,60,2,3
41,1,1.0,9809.0,66,1,1
75,0,1.0,0.0,105,8,2
50,0,1.0,0.0,39,1,1
34,0,1.0,0.0,55,3,2
46,1,1.0,57540.0,85,2,2
61,0,1.0,0.0,39,1,1
42,0,1.0,0.0,48,2,3
41,0,1.0,0.0,83,2,1
68,0,1.0,0.0,85,7,1
50,0,0.8301369863013699,0.0,40,1,2
33,0,1.0,0.0,62,3,3
25,0,0.3150684931506849,0.0,85,5,3
68,0,1.0,0.0,100,5,1
32,0,0.08493150684931507,0.0,60,5,3
36,0,1.0,0.0,74,2,1
64,0,0.8684931506849315,0.0,55,5,1
34,0,0.5178082191780822,0.0,96,5,2
25,0,1.0,0.0,85,1,1
39,0,1.0,0.0,26,2,3
44,0,1.0,0.0,33,2,1
49,0,0.4986301369863014,0.0,41,2,3
34,0,1.0,0.0,60,1,1
83,0,1.0,0.0,44,6,2
25,0,1.0,0.0,66,3,1
71,0,1.0,0.0,40,6,3
34,0,0.8164383561643835,0.0,48,12,3
32,0,1.0,0.0,37,5,3
34,0,1.0,0.0,77,1,3
40,0,1.0,0.0,66,2,2
50,0,1.0,0.0,65,1,1
41,0,1.0,0.0,29,7,2
39,0,1.0,0.0,55,8,2
52,1,1.0,14537.0,44,9,3
57,0,1.0,0.0,90,9,1
75,0,1.0,0.0,55,4,1
50,0,1.0,0.0,65,1,1
49,1,1.0,6066.0,65,12,1
76,0,1.0,0.0,64,1,3
49,0,1.0,0.0,33,1,2
59,0,1.0,0.0,49,2,2
37,2,1.0,32388.0,66,1,3
34,0,1.0,0.0,74,1,1
40,0,0.9780821917808219,0.0,82,1,1
42,0,1.0,0.0,47,3,2
65,0,1.0,0.0,59,12,0
61,0,1.0,0.0,62,1,0
34,0,1.0,0.0,27,4,1
23,2,0.7972602739726027,82719.0,33,6,3
67,0,0.7506849315068493,0.0,55,6,2
62,0,1.0,0.0,50,1,3
39,0,0.11232876712328767,0.0,84,2,2
57,1,1.0,2609.0,53,2,1
30,0,1.0,0.0,66,1,2
64,0,1.0,0.0,59,2,1
49,0,1.0,0.0,49,3,1
40,0,1.0,0.0,48,1,3
39,0,1.0,0.0,48,6,1
48,0,1.0,0.0,66,2,2
31,0,1.0,0.0,63,1,3
44,0,1.0,0.0,60,1,3
62,0,1.0,0.0,35,5,2
49,0,0.4849315068493151,0.0,55,1,3
68,0,0.7972602739726027,0.0,39,2,1
31,0,1.0,0.0,43,4,1
41,0,1.0,0.0,47,1,3
53,0,1.0,0.0,43,1,3
39,0,1.0,0.0,40,1,1
42,1,1.0,7306.0,40,12,2
32,0,0.4876712328767123,0.0,83,1,3
40,0,0.4958904109589041,0.0,37,11,2
36,0,0.5726027397260274,0.0,55,12,1
49,0,1.0,0.0,43,2,2
63,0,1.0,0.0,55,12,1
26,0,1.0,0.0,55,2,1
31,0,1.0,0.0,40,1,1
29,0,1.0,0.0,65,1,3
35,1,1.0,2873.0,35,5,2
40,0,1.0,0.0,55,1,1
31,0,1.0,0.0,55,6,3
27,0,1.0,0.0,70,11,2
48,0,1.0,0.0,33,2,2
60,0,0.6164383561643836,0.0,53,10,3
66,0,1.0,0.0,44,9,3
39,0,1.0,0.0,48,1,3
67,0,1.0,0.0,47,5,3
38,0,0.5095890410958904,0.0,78,9,3
54,0,1.0,0.0,44,7,1
61,0,1.0,0.0,81,3,3
36,1,1.0,44238.0,55,1,1
45,0,1.0,0.0,77,7,1
54,0,1.0,0.0,60,11,1
53,0,1.0,0.0,53,12,1
31,0,1.0,0.0,66,11,2
31,2,1.0,96933.0,66,3,3
27,0,1.0,0.0,85,2,3
29,0,1.0,0.0,40,11,3
33,0,1.0,0.0,37,8,1
46,0,0.09315068493150686,0.0,91,9,1
50,0,1.0,0.0,55,2,3
75,0,1.0,0.0,50,1,3
44,0,0.4383561643835616,0.0,64,1,3
43,0,1.0,0.0,33,2,3
45,2,1.0,6824.0,40,6,1
43,0,1.0,0.0,55,2,2
26,0,1.0,0.0,83,8,1
50,0,1.0,0.0,47,11,1
43,0,0.5232876712328767,0.0,100,5,3
39,0,0.9205479452054794,0.0,64,11,1
26,0,1.0,0.0,25,3,1
45,0,0.5342465753424658,0.0,63,2,3
71,0,0.273972602739726,0.0,43,3,2
48,0,0.27671232876712326,0.0,40,5,3
49,0,1.0,0.0,43,2,1
36,2,0.6191780821917808,76988.0,66,1,3
27,0,1.0,0.0,74,1,1
56,0,1.0,0.0,40,2,2
33,0,1.0,0.0,92,2,2
49,0,1.0,0.0,33,9,1
50,0,1.0,0.0,44,1,3
44,0,1.0,0.0,33,6,2
48,0,1.0,0.0,44,1,2
24,0,1.0,0.0,85,1,3
44,0,0.7287671232876712,0.0,69,1,1
30,0,1.0,0.0,40,1,2
27,0,0.8493150684931506,0.0,34,1,3
55,0,1.0,0.0,43,10,2
52,1,1.0,25360.0,55,2,1
57,0,1.0,0.0,66,2,2
58,0,0.2958904109589041,0.0,40,9,3
39,0,0.8767123287671232,0.0,47,2,1
44,0,1.0,0.0,53,10,1
69,0,1.0,0.0,33,11,1
50,0,1.0,0.0,55,12,2
58,0,1.0,0.0,68,10,1
36,0,0.6657534246575343,0.0,60,1,1
30,0,1.0,0.0,40,2,3
67,0,1.0,0.0,33,1,1
50,0,1.0,0.0,53,1,3
20,0,0.2465753424657534,0.0,40,1,2
67,1,1.0,2607.0,29,1,1
28,0,1.0,0.0,39,1,1
42,0,1.0,0.0,55,6,3
66,0,1.0,0.0,45,1,1
44,0,1.0,0.0,33,1,3
65,0,1.0,0.0,66,1,2
33,0,1.0,0.0,68,1,1
42,0,1.0,0.0,55,2,1
53,0,1.0,0.0,49,2,3
65,0,1.0,0.0,43,2,3
48,0,1.0,0.0,52,12,2
31,0,1.0,0.0,65,6,2
52,0,1.0,0.0,55,1,3
73,0,0.5095890410958904,0.0,66,1,2
39,0,1.0,0.0,55,2,2
33,0,0.32054794520547947,0.0,48,2,2
26,0,0.057534246575342465,0.0,29,8,1
37,0,1.0,0.0,47,1,1
26,1,1.0,2607.0,55,2,3
44,0,1.0,0.0,19,1,1
46,0,1.0,0.0,40,2,1
39,1,1.0,5850.0,43,1,1
51,0,1.0,0.0,66,8,3
48,0,1.0,0.0,51,1,1
42,0,1.0,0.0,37,15,2
37,0,1.0,0.0,39,10,3
67,0,1.0,0.0,40,1,3
41,0,1.0,0.0,97,3,2
55,1,1.0,12534.0,40,6,2
30,0,1.0,0.0,54,7,1
47,0,1.0,0.0,44,5,1
47,0,1.0,0.0,29,8,2
31,0,0.7945205479452054,0.0,74,16,3
48,0,1.0,0.0,123,5,3
48,0,1.0,0.0,60,1,3
74,0,1.0,0.0,33,14,2
35,0,1.0,0.0,40,1,1
69,0,1.0,0.0,71,2,1
30,0,0.08493150684931507,0.0,64,1,2
45,1,1.0,540.0,141,1,3
72,1,1.0,1913555.0,53,4,2
55,0,0.7671232876712328,0.0,105,1,3
41,0,1.0,0.0,54,10,1
32,0,0.7835616438356164,0.0,83,6,3
32,0,1.0,0.0,44,2,1
31,0,1.0,0.0,50,1,2
29,0,0.5808219178082191,0.0,55,1,3
67,0,1.0,0.0,55,11,3
26,0,1.0,0.0,74,1,3
60,0,1.0,0.0,85,8,2
73,0,1.0,0.0,53,3,1
32,0,1.0,0.0,40,1,1
28,0,1.0,0.0,110,8,1
34,0,0.5123287671232877,0.0,66,2,1
25,0,1.0,0.0,100,2,3
50,0,1.0,0.0,25,1,3
25,0,1.0,0.0,55,9,1
53,0,1.0,0.0,44,1,1
34,1,1.0,8552.0,55,2,1
26,0,1.0,0.0,98,4,2
59,0,1.0,0.0,55,1,1
70,0,1.0,0.0,98,1,2
40,0,1.0,0.0,40,2,1
42,0,1.0,0.0,85,2,3
38,0,1.0,0.0,40,1,3
48,0,0.6191780821917808,0.0,66,1,1
38,1,1.0,50000.0,33,1,1
54,0,1.0,0.0,55,1,1
56,0,1.0,0.0,40,4,3
48,0,0.4301369863013699,0.0,40,8,2
50,0,1.0,0.0,67,1,3
22,0,0.4136986301369863,0.0,55,2,1
63,0,1.0,0.0,64,2,2
26,0,0.4657534246575342,0.0,43,1,2
51,0,1.0,0.0,55,5,1
28,0,1.0,0.0,75,3,2
70,0,1.0,0.0,66,4,1
27,1,1.0,16747.0,43,1,3
33,0,0.4931506849315068,0.0,85,4,1
45,1,0.3095890410958904,18115.0,33,1,3
45,0,0.1643835616438356,0.0,47,1,1
37,0,0.10136986301369863,0.0,55,1,3
35,1,1.0,2607.0,75,1,3
42,0,1.0,0.0,40,1,3
63,2,1.0,44441.0,66,1,1
44,0,1.0,0.0,40,2,1
62,0,1.0,0.0,42,4,3
44,0,0.2356164383561644,0.0,33,15,1
52,0,1.0,0.0,40,2,1
56,0,1.0,0.0,54,20,3
25,1,1.0,2505.0,49,3,1
45,1,0.5917808219178082,5662.0,66,1,3
38,0,1.0,0.0,33,11,3
40,0,1.0,0.0,54,6,2
46,0,1.0,0.0,44,2,3
25,0,1.0,0.0,51,1,2
40,0,1.0,0.0,36,1,2
64,0,1.0,0.0,141,1,3
50,0,1.0,0.0,33,7,3
76,0,1.0,0.0,44,9,3
32,1,0.9287671232876712,2685.0,55,8,1
43,0,1.0,0.0,53,7,3
63,0,0.958904109589041,0.0,43,4,3
40,1,1.0,15646.0,51,2,3
36,0,1.0,0.0,66,1,3
25,0,1.0,0.0,43,12,2
38,0,1.0,0.0,37,7,1
43,0,1.0,0.0,55,12,2
53,0,1.0,0.0,34,1,3
25,0,1.0,0.0,123,2,1
58,0,1.0,0.0,33,9,3
45,0,1.0,0.0,35,1,1
71,0,1.0,0.0,50,1,2
77,0,1.0,0.0,52,1,1
55,0,1.0,0.0,83,4,3
38,1,1.0,8675.0,44,2,2
37,0,1.0,0.0,47,16,3
37,0,0.4136986301369863,0.0,55,4,1
46,0,1.0,0.0,44,3,3
34,0,1.0,0.0,42,1,1
58,0,1.0,0.0,34,2,3
30,0,1.0,0.0,60,3,2
49,0,1.0,0.0,84,5,2
31,0,1.0,0.0,40,10,1
24,0,0.915068493150685,0.0,60,12,3
67,0,1.0,0.0,33,2,1
58,0,1.0,0.0,47,4,1
36,0,0.3726027397260274,0.0,75,12,2
48,0,1.0,0.0,37,1,3
31,1,1.0,6502.0,55,10,2
58,0,1.0,0.0,85,1,1
33,0,1.0,0.0,44,8,3
22,0,0.5424657534246575,0.0,32,1,1
60,0,1.0,0.0,55,1,3
46,0,0.7479452054794521,0.0,45,6,2
76,0,1.0,0.0,51,1,1
53,0,1.0,0.0,110,1,1
69,0,1.0,0.0,62,1,3
70,0,1.0,0.0,47,5,3
48,0,1.0,0.0,68,10,3
66,0,0.2493150684931507,0.0,132,2,1
38,0,1.0,0.0,54,2,1
51,0,1.0,0.0,70,7,1
30,0,0.43561643835616437,0.0,60,1,3
34,0,0.10136986301369863,0.0,37,1,3
27,0,1.0,0.0,66,1,1
49,0,0.08493150684931507,0.0,36,1,3
64,0,1.0,0.0,85,8,2
30,0,1.0,0.0,55,3,1
69,0,1.0,0.0,66,2,1
65,0,1.0,0.0,27,2,1
26,0,1.0,0.0,55,1,3
35,0,0.4575342465753425,0.0,33,11,3
47,0,1.0,0.0,47,9,1
38,0,0.16164383561643836,0.0,55,1,3
43,0,1.0,0.0,48,1,2
64,0,1.0,0.0,55,1,3
48,0,1.0,0.0,44,1,1
38,0,1.0,0.0,110,1,1
53,0,0.3150684931506849,0.0,81,1,1
38,0,1.0,0.0,66,1,2
52,0,1.0,0.0,47,1,2
66,0,1.0,0.0,60,1,3
32,1,1.0,6936.0,66,13,2
35,0,0.5315068493150685,0.0,66,1,2
38,0,0.6191780821917808,0.0,64,12,1
58,0,0.26575342465753427,0.0,59,2,3
35,0,0.5506849315068493,0.0,51,2,2
58,0,1.0,0.0,50,1,1
37,0,1.0,0.0,47,12,1
32,0,0.10136986301369863,0.0,66,1,3
51,0,1.0,0.0,49,6,3
63,0,1.0,0.0,66,2,2
73,0,1.0,0.0,47,1,2
33,0,0.7479452054794521,0.0,141,9,2
27,0,1.0,0.0,61,9,2
43,0,1.0,0.0,44,6,2
36,0,1.0,0.0,66,2,2
40,0,1.0,0.0,40,1,1
65,0,1.0,0.0,40,7,1
37,0,1.0,0.0,33,1,2
45,0,1.0,0.0,43,12,3
38,0,0.4575342465753425,0.0,65,8,3
37,0,1.0,0.0,79,5,2
53,0,0.44931506849315067,0.0,40,2,2
63,1,1.0,32017.0,55,1,2
57,0,1.0,0.0,42,1,1
43,0,0.536986301369863,0.0,47,5,3
49,0,1.0,0.0,50,10,3
71,0,1.0,0.0,44,1,3
71,1,1.0,57540.0,66,2,1
33,0,1.0,0.0,96,1,1
35,0,1.0,0.0,55,2,1
28,0,1.0,0.0,74,3,3
29,1,0.8657534246575342,5324.0,39,1,1
32,0,0.6657534246575343,0.0,55,5,1
33,1,1.0,37959.0,54,5,3
74,0,1.0,0.0,44,1,2
30,1,1.0,57540.0,55,12,2
51,0,1.0,0.0,60,2,2
78,0,1.0,0.0,66,9,3
48,0,1.0,0.0,48,1,2
46,0,1.0,0.0,81,14,1
64,0,1.0,0.0,40,2,1
59,0,1.0,0.0,97,1,1
63,0,1.0,0.0,45,6,2
65,0,1.0,0.0,60,1,2
62,0,1.0,0.0,84,3,1
39,0,1.0,0.0,55,12,1
76,0,1.0,0.0,55,1,1
58,0,1.0,0.0,55,1,3
52,0,1.0,0.0,46,6,3
22,2,1.0,49589.0,48,2,1
54,0,1.0,0.0,100,12,1
50,0,0.3780821917808219,0.0,60,1,1
68,0,1.0,0.0,77,10,3
66,0,1.0,0.0,68,1,1
43,0,1.0,0.0,50,1,2
45,1,1.0,5408.0,115,1,1
29,0,1.0,0.0,97,14,1
69,0,1.0,0.0,32,1,2
73,0,1.0,0.0,40,9,2
59,0,1.0,0.0,50,14,2
50,0,1.0,0.0,66,2,3
64,0,1.0,0.0,63,1,2
36,0,0.46301369863013697,0.0,40,1,2
24,1,1.0,45000.0,52,3,3
46,0,1.0,0.0,51,1,2
37,1,1.0,57540.0,66,1,3
41,1,0.5506849315068493,57780.0,55,5,1
44,0,1.0,0.0,33,1,2
25,0,1.0,0.0,44,6,1
20,0,0.8657534246575342,0.0,57,5,2
39,0,1.0,0.0,66,1,3
30,0,0.04657534246575343,0.0,66,2,1
41,0,0.01643835616438356,0.0,51,1,1
27,0,0.8575342465753425,0.0,44,3,3
24,0,1.0,0.0,50,12,1
32,0,0.936986301369863,0.0,53,2,1
47,0,1.0,0.0,44,5,2
52,0,1.0,0.0,55,1,1
46,1,1.0,5736.0,33,4,3
21,0,1.0,0.0,40,1,2
63,0,1.0,0.0,40,3,1
38,0,1.0,0.0,18,1,3
25,1,1.0,6066.0,66,1,2
59,0,1.0,0.0,47,1,1
48,0,1.0,0.0,34,11,3
56,0,1.0,0.0,55,10,1
32,1,0.9561643835616438,60147.0,65,2,2
35,0,1.0,0.0,93,2,3
37,0,1.0,0.0,85,2,2
70,0,1.0,0.0,66,7,1
30,0,0.8383561643835616,0.0,74,2,3
35,0,1.0,0.0,53,1,2
65,0,1.0,0.0,41,5,1
24,0,1.0,0.0,60,1,1
27,0,1.0,0.0,33,11,3
69,0,1.0,0.0,66,2,2
26,0,1.0,0.0,66,4,3
68,0,1.0,0.0,55,6,1
45,0,0.6054794520547945,0.0,43,4,1
66,0,0.9260273972602739,0.0,60,2,1
45,0,1.0,0.0,44,1,3
31,0,0.4136986301369863,0.0,52,9,3
34,0,1.0,0.0,41,6,1
33,0,1.0,0.0,55,2,2
55,0,1.0,0.0,68,9,2
30,0,1.0,0.0,68,1,3
43,1,1.0,2662.0,55,10,2
60,0,1.0,0.0,40,6,1
42,0,1.0,0.0,55,1,3
34,0,0.589041095890411,0.0,39,1,3
50,0,1.0,0.0,33,8,3
44,0,1.0,0.0,66,1,2
34,0,0.4136986301369863,0.0,55,3,1
21,0,1.0,0.0,53,6,2
44,0,1.0,0.0,59,6,1
65,0,1.0,0.0,44,1,1
78,0,0.7835616438356164,0.0,40,1,1
48,1,1.0,55000.0,73,5,3
56,1,1.0,98765.0,66,3,2
50,0,1.0,0.0,47,1,3
30,0,1.0,0.0,66,1,3
74,0,0.27671232876712326,0.0,100,8,1
29,0,1.0,0.0,40,2,3
33,0,0.6027397260273972,0.0,47,5,3
48,0,0.673972602739726,0.0,44,2,1
53,0,1.0,0.0,60,1,1
52,0,1.0,0.0,67,2,3
29,1,1.0,32716.0,37,11,3
33,0,1.0,0.0,55,1,1
33,0,1.0,0.0,55,8,2
52,1,1.0,5662.0,55,4,1
34,0,1.0,0.0,37,1,2
37,0,1.0,0.0,59,1,1
48,0,0.25205479452054796,0.0,40,9,3
39,0,0.03561643835616438,0.0,43,5,3
44,1,1.0,5590.0,85,2,3
58,0,1.0,0.0,40,8,1
64,0,1.0,0.0,54,3,1
45,0,1.0,0.0,40,6,1
43,0,1.0,0.0,83,6,1
53,0,1.0,0.0,44,12,2
62,0,1.0,0.0,77,6,1
37,0,0.5150684931506849,0.0,42,1,1
56,0,1.0,0.0,66,9,2
42,0,1.0,0.0,32,5,3
40,0,1.0,0.0,82,1,1
71,0,1.0,0.0,54,1,3
35,0,1.0,0.0,54,1,3
69,0,1.0,0.0,55,5,1
26,0,1.0,0.0,37,7,1
75,1,1.0,57540.0,34,1,3
43,1,1.0,30000.0,66,15,2
52,0,1.0,0.0,92,2,1
67,0,1.0,0.0,55,1,1
25,0,1.0,0.0,94,5,3
67,0,1.0,0.0,53,8,1
26,1,0.7726027397260274,278875.0,54,1,1
39,0,0.7726027397260274,0.0,87,2,1
23,0,0.36164383561643837,0.0,77,9,2
57,0,1.0,0.0,90,1,1
31,0,0.06027397260273973,0.0,63,6,1
69,0,1.0,0.0,40,7,1
46,0,0.2493150684931507,0.0,66,2,3
73,0,1.0,0.0,47,3,2
73,1,1.0,121902.0,70,5,3
53,0,1.0,0.0,19,2,2
48,0,0.27671232876712326,0.0,55,1,2
28,0,1.0,0.0,50,5,1
57,0,1.0,0.0,43,1,2
51,0,1.0,0.0,40,5,2
32,0,0.5013698630136987,0.0,65,2,1
38,0,1.0,0.0,85,3,1
40,0,0.8328767123287671,0.0,55,9,1
24,0,0.4136986301369863,0.0,37,11,1
51,0,1.0,0.0,94,12,3
32,0,1.0,0.0,77,7,3
45,0,0.8657534246575342,0.0,114,1,2
57,0,1.0,0.0,85,6,1
48,0,1.0,0.0,40,1,3
57,0,1.0,0.0,43,14,2
56,0,1.0,0.0,66,1,1
50,0,1.0,0.0,55,6,3
60,0,1.0,0.0,54,1,3
29,0,1.0,0.0,33,8,3
71,0,1.0,0.0,39,2,1
68,0,1.0,0.0,43,2,1
46,0,1.0,0.0,33,9,2
74,1,1.0,50917.0,50,1,3
34,0,1.0,0.0,40,3,1
69,0,1.0,0.0,55,2,1
80,0,1.0,0.0,40,3,2
47,0,1.0,0.0,60,1,1
70,0,1.0,0.0,69,1,1
50,0,1.0,0.0,40,10,1
53,0,1.0,0.0,50,10,3
27,0,1.0,0.0,68,1,1
28,1,1.0,106752.0,53,1,2
54,0,1.0,0.0,29,6,2
46,0,1.0,0.0,47,2,3
44,0,1.0,0.0,59,1,3
32,0,1.0,0.0,65,1,1
34,1,1.0,5504.0,48,4,2
70,0,1.0,0.0,43,1,1
35,0,1.0,0.0,136,1,1
77,0,1.0,0.0,36,7,1
70,0,1.0,0.0,33,11,1
47,1,0.4136986301369863,57540.0,39,3,2
61,1,1.0,50707.0,27,5,1
54,0,1.0,0.0,51,12,2
59,0,0.1232876712328767,0.0,29,2,2
32,0,1.0,0.0,43,6,1
57,0,0.3917808219178082,0.0,30,6,1
49,1,1.0,36182.0,40,2,3
27,0,1.0,0.0,37,1,3
31,0,0.7671232876712328,0.0,32,6,2
46,0,1.0,0.0,36,1,1
53,1,1.0,133422.0,40,1,2
19,1,0.5561643835616439,115902.0,51,2,2
48,0,1.0,0.0,81,12,1
29,0,1.0,0.0,55,1,2
28,0,1.0,0.0,44,1,2
51,0,1.0,0.0,50,4,3
49,0,0.7506849315068493,0.0,43,8,2
71,0,1.0,0.0,37,8,1
39,2,1.0,107357.0,40,1,1
40,0,0.4849315068493151,0.0,37,5,1
50,0,0.9315068493150684,0.0,85,6,1
76,0,1.0,0.0,44,5,2
46,0,1.0,0.0,79,12,2
82,0,0.6657534246575343,0.0,66,1,2
70,0,0.1917808219178082,0.0,37,4,2
40,0,0.1506849315068493,0.0,57,2,3
57,0,1.0,0.0,51,7,2
39,0,1.0,0.0,40,5,2
57,0,1.0,0.0,45,4,3
70,1,1.0,56481.0,90,6,2
37,0,1.0,0.0,62,4,1
49,0,1.0,0.0,51,2,1
24,0,1.0,0.0,64,1,1
50,0,1.0,0.0,43,1,1
38,0,0.915068493150685,0.0,77,1,3
29,0,1.0,0.0,50,6,3
51,0,1.0,0.0,30,2,1
27,2,1.0,5984.0,40,1,1
41,0,1.0,0.0,54,1,3
79,0,1.0,0.0,44,13,3
52,1,1.0,45251.0,92,5,3
39,0,1.0,0.0,40,1,1
50,1,0.7753424657534247,55000.0,37,10,1
63,0,0.6657534246575343,0.0,43,1,3
57,0,1.0,0.0,55,1,2
27,1,1.0,330.0,37,1,3
82,0,1.0,0.0,55,1,3
54,0,1.0,0.0,53,1,1
40,0,1.0,0.0,65,11,1
28,0,0.473972602739726,0.0,55,1,1
65,0,1.0,0.0,49,12,1
33,0,1.0,0.0,36,1,1
43,0,0.6657534246575343,0.0,61,6,1
41,0,0.8383561643835616,0.0,49,1,1
52,0,1.0,0.0,76,1,2
73,0,1.0,0.0,74,2,2
73,0,1.0,0.0,47,1,3
52,0,1.0,0.0,65,8,3
41,0,1.0,0.0,66,12,3
56,0,1.0,0.0,55,2,1
41,0,1.0,0.0,33,1,1
26,0,1.0,0.0,47,4,1
27,0,0.4657534246575342,0.0,51,3,2
31,0,1.0,0.0,55,1,3
42,0,1.0,0.0,65,1,1
46,0,1.0,0.0,44,2,3
66,0,1.0,0.0,55,1,2
47,0,1.0,0.0,81,3,1
66,0,1.0,0.0,46,9,3
73,1,1.0,63674.0,47,11,3
30,0,1.0,0.0,75,1,3
51,0,1.0,0.0,48,2,1
32,0,1.0,0.0,49,2,1
51,0,1.0,0.0,39,6,0
24,0,1.0,0.0,40,12,2
32,0,0.3232876712328767,0.0,55,10,3
67,0,1.0,0.0,83,2,1
48,0,1.0,0.0,44,11,2
27,0,1.0,0.0,55,2,1
33,0,1.0,0.0,40,12,1
49,0,1.0,0.0,44,8,1
30,0,0.4712328767123288,0.0,33,15,2
38,0,1.0,0.0,60,1,3
42,0,1.0,0.0,85,1,1
36,0,0.4821917808219178,0.0,43,1,3
88,0,1.0,0.0,40,15,1
73,1,1.0,60147.0,50,5,1
24,0,1.0,0.0,77,11,2
61,0,1.0,0.0,55,12,2
32,0,0.6657534246575343,0.0,55,1,2
63,0,1.0,0.0,70,3,2
45,0,0.2465753424657534,0.0,40,5,3
42,0,1.0,0.0,40,2,3
68,0,1.0,0.0,69,2,1
47,0,1.0,0.0,85,1,3
54,0,1.0,0.0,71,1,2
55,0,1.0,0.0,48,1,3
68,0,1.0,0.0,40,2,1
66,1,0.00821917808219178,146971.0,65,10,1
48,0,0.5808219178082191,0.0,103,3,3
24,0,1.0,0.0,55,6,2
33,0,0.9068493150684932,0.0,40,2,3
36,0,1.0,0.0,66,3,3
41,0,1.0,0.0,44,1,1
47,0,0.43561643835616437,0.0,65,9,3
32,0,1.0,0.0,89,1,1
33,0,1.0,0.0,40,1,3
50,0,1.0,0.0,118,1,3
40,0,1.0,0.0,44,1,1
59,0,1.0,0.0,66,17,1
53,0,0.021917808219178082,0.0,40,1,2
53,0,1.0,0.0,48,1,1
23,0,0.33424657534246577,0.0,55,1,3
41,0,1.0,0.0,37,11,3
32,0,0.9260273972602739,0.0,37,5,1
58,0,0.20821917808219179,0.0,36,7,3
31,0,1.0,0.0,55,11,2
41,0,1.0,0.0,66,2,1
71,0,1.0,0.0,52,4,0
24,0,1.0,0.0,44,5,1
27,0,1.0,0.0,51,1,1
47,0,1.0,0.0,40,1,1
32,0,0.7397260273972602,0.0,55,1,1
76,0,1.0,0.0,85,1,1
29,0,1.0,0.0,110,1,1
35,0,1.0,0.0,43,1,3
45,0,1.0,0.0,44,1,1
54,0,1.0,0.0,34,2,3
28,0,1.0,0.0,60,10,1
38,0,1.0,0.0,55,1,2
50,0,0.4136986301369863,0.0,63,1,0
34,0,1.0,0.0,55,6,1
54,0,1.0,0.0,40,1,2
52,0,1.0,0.0,55,11,1
76,0,1.0,0.0,37,6,3
47,0,1.0,0.0,66,1,1
71,0,1.0,0.0,75,1,1
57,1,1.0,5850.0,66,12,3
68,0,1.0,0.0,70,1,0
40,0,1.0,0.0,55,1,3
70,0,1.0,0.0,68,1,1
35,0,0.01643835616438356,0.0,54,11,1
78,0,1.0,0.0,48,1,1
71,0,1.0,0.0,30,7,2
35,0,1.0,0.0,55,1,1
53,1,0.5095890410958904,53083.0,42,8,3
53,0,0.9972602739726028,0.0,74,1,1
52,1,1.0,41137.0,42,2,3
55,0,0.9260273972602739,0.0,32,1,1
76,0,1.0,0.0,55,1,2
69,0,1.0,0.0,39,9,1
51,0,0.09863013698630137,0.0,74,10,3
61,0,1.0,0.0,47,1,2
63,0,1.0,0.0,40,1,3
51,0,1.0,0.0,55,1,3
24,1,1.0,2900.0,70,6,3
37,0,0.6657534246575343,0.0,83,12,3
26,0,1.0,0.0,39,2,2
33,0,0.16164383561643836,0.0,37,2,1
41,0,1.0,0.0,44,2,2
31,0,0.2410958904109589,0.0,50,1,1
44,0,0.057534246575342465,0.0,33,1,3
30,0,1.0,0.0,40,10,3
78,0,1.0,0.0,90,12,2
52,0,1.0,0.0,35,7,1
41,0,0.0136986301369863,0.0,41,3,2
41,0,1.0,0.0,65,1,3
46,0,1.0,0.0,70,2,1
47,0,1.0,0.0,44,1,1
63,0,0.2602739726027397,0.0,50,6,3
41,0,0.2465753424657534,0.0,55,2,1
44,0,1.0,0.0,42,8,1
22,1,1.0,5178.0,40,8,3
36,0,0.8684931506849315,0.0,55,8,2
73,0,1.0,0.0,87,1,3
29,0,0.7342465753424657,0.0,46,6,2
61,0,1.0,0.0,33,1,2
30,0,1.0,0.0,48,1,1
70,0,1.0,0.0,51,5,2
41,0,1.0,0.0,43,2,2
60,0,1.0,0.0,55,8,1
39,1,1.0,45490.0,55,14,2
58,0,1.0,0.0,47,1,1
47,0,0.9205479452054794,0.0,33,11,2
59,1,1.0,2496.0,40,1,2
42,0,1.0,0.0,39,2,2
71,0,1.0,0.0,55,6,1
81,0,1.0,0.0,40,5,1
52,0,1.0,0.0,53,1,1
71,0,1.0,0.0,44,15,1
41,0,1.0,0.0,61,8,3
50,0,1.0,0.0,96,12,3
41,1,1.0,57540.0,47,6,1
49,0,1.0,0.0,110,1,2
78,0,1.0,0.0,44,3,3
35,0,1.0,0.0,40,1,1
59,0,1.0,0.0,44,7,3
36,0,1.0,0.0,33,1,2
51,0,1.0,0.0,63,1,1
65,0,1.0,0.0,46,6,2
38,2,1.0,8904.0,43,11,1
38,0,1.0,0.0,74,11,2
36,0,0.5561643835616439,0.0,66,10,1
78,0,1.0,0.0,60,4,1
30,0,1.0,0.0,54,1,2
42,0,1.0,0.0,85,1,2
49,0,0.27123287671232876,0.0,77,1,3
77,0,1.0,0.0,62,12,1
37,0,1.0,0.0,47,2,1
26,1,1.0,65000.0,66,2,2
40,0,1.0,0.0,44,6,1
27,0,0.8410958904109589,0.0,105,1,2
52,0,1.0,0.0,40,1,2
49,0,1.0,0.0,42,12,2
22,0,1.0,0.0,55,8,3
40,1,1.0,25000.0,35,9,2
66,0,1.0,0.0,33,2,3
39,0,1.0,0.0,105,2,1
43,0,1.0,0.0,50,2,2
34,0,1.0,0.0,50,5,3
28,0,1.0,0.0,54,13,2
35,0,0.3287671232876712,0.0,49,5,2
40,0,1.0,0.0,51,6,3
67,0,1.0,0.0,40,10,2
36,0,1.0,0.0,66,1,3
46,0,1.0,0.0,55,5,1
41,0,0.09863013698630137,0.0,60,2,3
53,0,1.0,0.0,43,4,2
26,0,1.0,0.0,40,1,1
27,0,1.0,0.0,65,5,2
47,0,1.0,0.0,66,1,1
46,0,1.0,0.0,40,11,1
24,0,0.684931506849315,0.0,85,8,2
76,1,1.0,58481.0,43,1,3
58,0,1.0,0.0,48,6,1
52,0,0.821917808219178,0.0,65,16,1
41,0,1.0,0.0,95,3,1
44,0,0.8328767123287671,0.0,43,2,3
24,0,1.0,0.0,37,1,1
44,0,1.0,0.0,50,3,2
68,0,1.0,0.0,40,1,3
42,0,1.0,0.0,40,7,2
47,0,1.0,0.0,55,3,3
52,0,0.273972602739726,0.0,55,6,2
49,0,0.3287671232876712,0.0,69,2,1
41,0,0.33424657534246577,0.0,47,1,3
31,0,1.0,0.0,39,12,3
27,0,1.0,0.0,71,12,3
66,1,1.0,74174.0,72,15,1
53,0,0.663013698630137,0.0,100,2,3
22,1,1.0,91129.0,33,4,1
28,0,1.0,0.0,57,1,2
67,0,0.9232876712328767,0.0,40,1,1
56,0,1.0,0.0,66,1,3
40,0,1.0,0.0,82,10,3
56,0,1.0,0.0,33,12,2
68,0,1.0,0.0,33,5,3
51,0,1.0,0.0,49,1,1
71,0,1.0,0.0,81,1,1
62,0,0.9178082191780822,0.0,63,7,1
64,0,0.7917808219178082,0.0,74,1,1
42,1,0.4876712328767123,55449.0,44,1,1
32,0,1.0,0.0,55,2,2
26,0,1.0,0.0,44,1,2
57,1,0.16164383561643836,4744.0,40,2,2
25,0,1.0,0.0,44,10,3
50,0,1.0,0.0,101,12,3
48,0,0.32054794520547947,0.0,63,7,1
69,0,1.0,0.0,77,12,2
29,0,1.0,0.0,48,1,2
55,0,1.0,0.0,55,4,1
46,1,1.0,50000.0,55,1,1
53,0,1.0,0.0,66,1,2
27,0,1.0,0.0,66,6,1
26,1,1.0,3842.0,29,6,2
39,0,1.0,0.0,55,1,2
57,0,0.9753424657534246,0.0,48,1,2
43,0,1.0,0.0,33,5,2
49,0,1.0,0.0,40,9,2
34,0,1.0,0.0,70,3,1
55,0,0.810958904109589,0.0,55,5,2
69,0,1.0,0.0,40,9,1
64,0,1.0,0.0,51,8,3
71,0,0.8712328767123287,0.0,55,2,1
47,0,0.35342465753424657,0.0,37,1,1
57,0,0.9123287671232877,0.0,37,2,1
50,0,1.0,0.0,51,1,2
25,0,1.0,0.0,33,1,1
48,0,1.0,0.0,50,12,2
26,0,0.6958904109589041,0.0,55,6,1
34,0,1.0,0.0,55,6,1
28,0,0.958904109589041,0.0,51,6,3
45,0,1.0,0.0,29,1,2
24,0,1.0,0.0,43,1,2
51,0,0.8383561643835616,0.0,83,1,1
30,0,1.0,0.0,44,2,3
52,0,1.0,0.0,40,2,2
26,0,1.0,0.0,68,2,1
37,0,0.9534246575342465,0.0,55,9,1
57,0,1.0,0.0,50,1,3
56,0,1.0,0.0,51,10,1
32,0,1.0,0.0,40,2,2
41,0,0.8410958904109589,0.0,51,11,2
35,0,1.0,0.0,30,2,1
50,0,1.0,0.0,54,6,1
35,0,0.010958904109589041,0.0,36,3,3
40,1,1.0,37502.0,39,14,1
35,0,0.1643835616438356,0.0,38,10,3
62,0,1.0,0.0,55,1,2
34,0,1.0,0.0,76,10,3
32,0,1.0,0.0,33,12,2
43,0,1.0,0.0,67,2,3
28,0,1.0,0.0,70,7,1
69,0,1.0,0.0,62,6,3
64,0,1.0,0.0,97,9,3
84,0,0.5945205479452055,0.0,87,8,1
40,1,1.0,2607.0,90,2,2
57,0,1.0,0.0,74,1,3
37,1,1.0,65787.0,40,15,1
24,0,1.0,0.0,55,1,1
39,0,1.0,0.0,40,8,1
25,1,0.9534246575342465,6066.0,77,14,1
48,0,1.0,0.0,48,10,3
59,0,1.0,0.0,55,1,3
31,0,0.6657534246575343,0.0,66,2,1
43,0,1.0,0.0,74,2,2
67,0,1.0,0.0,33,6,1
32,0,1.0,0.0,75,2,1
31,0,1.0,0.0,66,5,3
61,0,1.0,0.0,55,12,3
28,0,1.0,0.0,55,1,1
37,0,1.0,0.0,55,7,1
68,1,0.8493150684931506,35795.0,62,1,3
41,0,1.0,0.0,66,20,2
43,0,1.0,0.0,66,1,1
31,0,1.0,0.0,53,7,1
46,0,1.0,0.0,66,3,1
29,0,0.3150684931506849,0.0,43,2,1
39,0,1.0,0.0,50,7,2
73,0,1.0,0.0,66,1,2
39,0,1.0,0.0,40,2,1
32,1,0.3835616438356164,2996.0,58,3,1
65,0,1.0,0.0,49,1,2
28,0,1.0,0.0,46,8,1
41,0,0.4958904109589041,0.0,66,2,2
67,0,1.0,0.0,55,1,1
61,1,1.0,124509.0,36,1,1
72,0,1.0,0.0,50,2,2
38,0,1.0,0.0,66,1,3
65,0,1.0,0.0,53,1,1
55,0,1.0,0.0,55,1,1
24,0,1.0,0.0,54,10,3
40,0,1.0,0.0,40,11,3
36,0,0.5698630136986301,0.0,32,1,3
32,0,0.12054794520547946,0.0,65,1,1
28,1,1.0,40303.0,25,5,1
29,0,1.0,0.0,54,2,2
27,0,1.0,0.0,74,7,3
61,0,1.0,0.0,92,6,3
57,2,0.915068493150685,28356.0,47,4,1
32,0,0.3917808219178082,0.0,124,1,1
49,1,1.0,10498.0,55,6,3
37,0,1.0,0.0,65,2,1
51,1,1.0,21175.0,37,2,1
29,0,0.39452054794520547,0.0,66,5,2
60,0,1.0,0.0,100,7,3
37,0,1.0,0.0,53,1,3
59,0,1.0,0.0,75,11,1
52,0,1.0,0.0,44,7,2
29,0,1.0,0.0,65,2,1
57,0,1.0,0.0,33,10,1
59,0,1.0,0.0,64,3,2
21,0,1.0,0.0,40,9,2
47,0,1.0,0.0,34,10,2
31,0,1.0,0.0,55,2,2
34,0,1.0,0.0,40,2,3
69,0,0.26575342465753427,0.0,90,1,2
39,1,1.0,66550.0,44,1,1
75,0,1.0,0.0,43,2,2
45,0,1.0,0.0,40,1,3
71,0,1.0,0.0,55,3,2
70,0,1.0,0.0,42,1,2
74,0,1.0,0.0,44,1,1
45,0,0.049315068493150684,0.0,66,1,3
35,0,1.0,0.0,55,18,1
65,0,1.0,0.0,36,12,1
68,1,1.0,57540.0,55,2,1
54,0,1.0,0.0,40,1,2
43,1,1.0,64362.0,65,8,3
48,1,0.7452054794520548,6066.0,46,6,3
64,0,1.0,0.0,40,1,1
44,0,1.0,0.0,62,9,2
29,0,1.0,0.0,80,1,1
23,0,0.7479452054794521,0.0,33,1,1
74,0,1.0,0.0,51,1,3
43,1,1.0,63354.0,55,1,1
54,0,1.0,0.0,47,12,2
64,0,1.0,0.0,52,2,1
25,0,1.0,0.0,55,5,2
48,0,1.0,0.0,53,1,2
34,0,1.0,0.0,73,9,3
41,0,1.0,0.0,66,1,1
30,0,1.0,0.0,108,2,3
58,0,1.0,0.0,43,2,1
62,0,1.0,0.0,47,1,1
49,0,0.9260273972602739,0.0,99,1,2
44,0,1.0,0.0,40,9,2
52,0,1.0,0.0,40,1,2
33,0,1.0,0.0,43,9,2
48,0,1.0,0.0,64,1,1
60,0,0.7972602739726027,0.0,55,2,1
38,1,1.0,5262.0,43,1,1
47,0,1.0,0.0,42,1,1
29,0,1.0,0.0,60,1,1
27,0,1.0,0.0,32,6,1
44,0,0.663013698630137,0.0,43,1,3
77,0,1.0,0.0,40,7,2
71,0,1.0,0.0,64,1,2
38,0,1.0,0.0,96,2,2
35,0,1.0,0.0,55,2,3
27,0,0.20821917808219179,0.0,33,3,3
58,0,1.0,0.0,68,1,2
52,0,1.0,0.0,55,1,3
45,0,1.0,0.0,55,1,2
42,0,1.0,0.0,40,1,1
33,0,1.0,0.0,40,1,2
34,0,1.0,0.0,66,1,1
45,0,0.16164383561643836,0.0,63,1,1
32,0,1.0,0.0,29,2,1
51,0,1.0,0.0,55,6,1
33,0,1.0,0.0,55,18,1
63,0,1.0,0.0,40,12,1
34,1,1.0,5324.0,40,1,1
43,1,0.5616438356164384,2625.0,80,9,2
24,1,0.136986301369863,53797.0,33,5,2
50,0,1.0,0.0,83,1,3
62,0,1.0,0.0,47,5,2
28,0,0.6438356164383562,0.0,60,1,1
37,0,1.0,0.0,64,1,2
53,0,1.0,0.0,70,1,1
39,0,1.0,0.0,99,6,2
44,0,1.0,0.0,110,6,1
65,0,1.0,0.0,66,6,1
31,0,1.0,0.0,38,2,1
28,0,1.0,0.0,55,9,3
49,0,1.0,0.0,48,2,1
72,0,0.810958904109589,0.0,42,8,3
59,0,1.0,0.0,50,1,1
76,0,1.0,0.0,47,8,1
40,0,1.0,0.0,60,1,1
52,0,1.0,0.0,40,10,1
29,0,1.0,0.0,60,5,2
39,0,1.0,0.0,39,10,1
29,0,1.0,0.0,90,1,2
48,0,1.0,0.0,55,7,1
67,0,1.0,0.0,40,1,3
79,0,1.0,0.0,95,1,3
37,0,1.0,0.0,40,9,1
57,0,1.0,0.0,55,10,1
68,0,1.0,0.0,51,6,1
34,0,1.0,0.0,61,6,1
22,0,1.0,0.0,33,4,3
62,0,1.0,0.0,37,1,3
28,1,1.0,10058.0,42,1,2
70,0,1.0,0.0,48,11,1
48,0,0.9972602739726028,0.0,50,1,2
33,2,1.0,63824.0,65,6,2
40,0,1.0,0.0,40,2,3
44,0,1.0,0.0,55,6,3
50,0,1.0,0.0,80,2,1
55,0,0.18356164383561643,0.0,79,2,1
32,0,1.0,0.0,74,3,1
40,1,1.0,8899.0,40,8,1
73,0,1.0,0.0,36,8,1
32,0,0.4958904109589041,0.0,43,6,1
47,3,1.0,239300.0,65,1,2
50,1,1.0,7944.0,51,1,2
83,0,1.0,0.0,54,1,2
35,0,0.3726027397260274,0.0,63,2,1
48,0,1.0,0.0,50,1,3
60,0,1.0,0.0,51,9,1
61,0,1.0,0.0,37,1,1
35,0,1.0,0.0,54,10,2
30,0,1.0,0.0,39,11,1
69,0,1.0,0.0,40,1,1
39,0,1.0,0.0,55,1,2
61,0,1.0,0.0,51,6,3
68,0,1.0,0.0,60,2,1
20,1,1.0,42331.0,85,8,2
40,0,1.0,0.0,110,10,2
72,0,1.0,0.0,55,11,2
46,0,1.0,0.0,63,16,1
68,0,1.0,0.0,19,12,3
70,0,1.0,0.0,66,1,1
58,0,1.0,0.0,33,1,2
44,0,1.0,0.0,142,1,1
63,0,1.0,0.0,43,8,3
33,0,1.0,0.0,51,1,2
65,0,1.0,0.0,47,3,1
29,0,1.0,0.0,50,1,2
43,0,0.5780821917808219,0.0,69,1,3
35,1,1.0,57540.0,55,6,3
58,0,1.0,0.0,47,2,3
78,0,1.0,0.0,58,1,1
55,0,1.0,0.0,44,9,3
32,1,1.0,6284.0,110,1,3
70,0,1.0,0.0,43,10,2
50,0,1.0,0.0,37,12,3
57,0,1.0,0.0,51,5,2
31,0,1.0,0.0,98,1,2
58,0,1.0,0.0,40,1,1
40,0,0.3150684931506849,0.0,125,1,1
52,0,1.0,0.0,55,1,1
58,0,0.7397260273972602,0.0,124,7,2
54,0,1.0,0.0,70,1,2
74,0,1.0,0.0,39,8,3
57,0,1.0,0.0,34,1,1
47,0,0.7671232876712328,0.0,85,2,3
42,0,1.0,0.0,43,2,1
45,0,1.0,0.0,43,15,1
49,0,0.9205479452054794,0.0,87,1,1
68,0,1.0,0.0,55,2,2
31,0,1.0,0.0,69,2,1
46,0,1.0,0.0,83,8,2
64,0,1.0,0.0,66,2,2
31,0,1.0,0.0,95,11,2
34,0,1.0,0.0,63,3,3
69,0,1.0,0.0,55,6,2
35,0,1.0,0.0,83,2,2
36,0,1.0,0.0,69,12,2
23,0,1.0,0.0,33,5,3
43,0,0.9671232876712329,0.0,66,1,1
36,0,1.0,0.0,42,13,3
30,0,0.3013698630136986,0.0,37,1,1
20,0,1.0,0.0,53,12,1
72,0,1.0,0.0,44,1,1
43,0,1.0,0.0,44,1,2
39,0,1.0,0.0,43,16,1
31,1,1.0,8457.0,52,1,2
30,0,0.0273972602739726,0.0,41,1,2
30,0,1.0,0.0,40,12,2
43,0,0.7479452054794521,0.0,44,1,3
42,0,1.0,0.0,60,11,2
52,1,1.0,77517.0,59,2,2
60,0,1.0,0.0,51,7,2
29,1,1.0,1380703.0,47,1,2
21,0,0.5041095890410959,0.0,78,1,1
92,0,0.5013698630136987,0.0,70,1,2
30,0,0.7671232876712328,0.0,34,10,3
58,0,1.0,0.0,47,2,3
28,0,1.0,0.0,63,3,2
49,0,1.0,0.0,50,1,2
42,0,0.5424657534246575,0.0,40,1,3
37,0,1.0,0.0,68,6,2
65,0,1.0,0.0,60,1,1
32,1,1.0,9584.0,37,1,1
36,1,0.33972602739726027,66707.0,79,1,1
30,0,0.09041095890410959,0.0,55,2,2
52,0,1.0,0.0,81,1,3
32,0,0.5698630136986301,0.0,55,7,3
32,0,1.0,0.0,47,1,1
52,0,1.0,0.0,43,6,3
64,1,1.0,46414.0,64,1,1
71,0,1.0,0.0,52,3,2
81,0,0.3589041095890411,0.0,37,14,1
68,0,1.0,0.0,44,2,1
44,0,1.0,0.0,83,1,1
25,3,1.0,167745.0,41,6,2
47,0,1.0,0.0,63,9,2
23,0,1.0,0.0,68,6,2
43,1,1.0,57540.0,83,8,3
59,0,1.0,0.0,235,1,2
39,0,1.0,0.0,33,2,1
40,0,1.0,0.0,39,3,1
40,0,1.0,0.0,55,1,2
31,0,1.0,0.0,43,1,1
38,0,1.0,0.0,68,5,1
48,0,0.7835616438356164,0.0,33,2,3
37,0,0.2465753424657534,0.0,37,7,1
29,0,0.915068493150685,0.0,79,1,2
68,0,1.0,0.0,49,8,3
31,0,1.0,0.0,39,2,1
72,0,0.9972602739726028,0.0,34,1,3
49,0,1.0,0.0,63,8,3
34,0,1.0,0.0,49,5,2
47,0,1.0,0.0,40,2,1
38,0,0.5068493150684932,0.0,40,2,1
33,0,1.0,0.0,41,12,2
47,0,1.0,0.0,45,9,2
46,0,1.0,0.0,39,1,1
49,1,1.0,56041.0,34,1,3
34,0,1.0,0.0,44,14,2
39,0,1.0,0.0,100,12,2
25,0,1.0,0.0,40,10,1
26,0,1.0,0.0,87,2,2
42,0,1.0,0.0,26,1,2
73,0,1.0,0.0,47,4,1
51,0,1.0,0.0,68,6,2
85,0,1.0,0.0,77,10,3
48,0,1.0,0.0,51,6,2
38,0,1.0,0.0,33,1,2
34,0,0.5643835616438356,0.0,90,1,1
39,0,1.0,0.0,48,3,2
72,0,1.0,0.0,53,12,1
33,0,0.8493150684931506,0.0,54,12,2
69,0,1.0,0.0,49,1,3
42,1,1.0,2607.0,65,2,2
70,0,1.0,0.0,34,1,2
44,0,0.873972602739726,0.0,85,1,3
45,0,1.0,0.0,51,2,3
23,0,0.8547945205479452,0.0,85,11,2
32,0,1.0,0.0,55,1,2
47,0,1.0,0.0,65,3,1
32,0,1.0,0.0,66,1,2
57,2,1.0,60147.0,83,8,1
35,0,0.6465753424657534,0.0,65,1,1
47,0,1.0,0.0,66,1,1
21,0,0.6191780821917808,0.0,105,12,1
76,0,0.2876712328767123,0.0,33,2,1
33,0,0.5808219178082191,0.0,98,1,2
49,0,1.0,0.0,60,9,3
32,0,1.0,0.0,50,11,2
20,1,0.4410958904109589,20000.0,61,2,1
57,0,1.0,0.0,110,1,2
43,0,1.0,0.0,103,1,1
61,0,1.0,0.0,77,2,3
53,0,0.5260273972602739,0.0,55,4,1
40,0,1.0,0.0,63,14,1
35,0,1.0,0.0,65,19,2
52,0,1.0,0.0,55,2,2
50,0,1.0,0.0,43,6,2
28,0,1.0,0.0,33,1,2
77,0,1.0,0.0,87,13,3
27,0,1.0,0.0,33,2,3
55,0,1.0,0.0,40,5,3
33,0,1.0,0.0,51,1,2
75,1,1.0,5214.0,37,1,3
29,1,1.0,6038.0,49,1,2
63,0,1.0,0.0,34,1,1
81,0,0.9671232876712329,0.0,41,10,1
46,0,1.0,0.0,65,1,3
49,0,1.0,0.0,66,2,1
26,0,1.0,0.0,74,7,2
55,0,0.5863013698630137,0.0,54,11,1
40,0,1.0,0.0,49,4,1
43,1,1.0,105500.0,59,1,1
54,0,0.5178082191780822,0.0,44,1,1
64,0,1.0,0.0,47,6,1
52,0,0.16164383561643836,0.0,92,12,0
24,0,1.0,0.0,55,1,1
43,0,1.0,0.0,98,1,1
34,0,0.4273972602739726,0.0,48,2,1
33,0,0.07671232876712329,0.0,37,3,1
32,0,0.024657534246575342,0.0,55,1,2
68,1,1.0,57540.0,65,7,1
45,0,0.7726027397260274,0.0,53,6,3
64,0,1.0,0.0,50,1,3
66,0,1.0,0.0,44,1,1
28,0,0.3589041095890411,0.0,68,5,2
64,0,0.4301369863013699,0.0,65,10,2
57,0,1.0,0.0,66,1,3
69,0,1.0,0.0,40,4,2
24,1,1.0,2541.0,25,12,3
26,0,1.0,0.0,57,1,2
57,0,1.0,0.0,39,4,2
44,0,0.9013698630136986,0.0,55,12,2
58,0,1.0,0.0,36,7,2
47,0,1.0,0.0,47,2,3
35,0,0.1095890410958904,0.0,63,1,2
47,0,1.0,0.0,25,1,2
34,0,1.0,0.0,33,2,1
38,0,1.0,0.0,42,8,2
39,0,0.18904109589041096,0.0,60,1,1
27,0,1.0,0.0,55,11,1
73,0,1.0,0.0,43,2,1
20,0,0.2191780821917808,0.0,59,5,3
35,0,1.0,0.0,68,5,0
23,0,1.0,0.0,56,1,3
44,0,1.0,0.0,55,1,1
47,0,1.0,0.0,40,7,1
26,0,1.0,0.0,63,12,2
57,0,1.0,0.0,44,1,2
49,0,0.5808219178082191,0.0,37,2,2
78,0,1.0,0.0,90,12,3
51,0,1.0,0.0,54,8,2
41,0,0.5534246575342465,0.0,44,6,3
40,1,1.0,682903.0,54,2,2
26,0,1.0,0.0,33,2,3
30,0,0.4410958904109589,0.0,32,1,3
51,0,1.0,0.0,39,1,3
73,0,1.0,0.0,65,10,2
19,0,0.1780821917808219,0.0,49,5,1
61,0,1.0,0.0,63,1,2
48,0,0.4684931506849315,0.0,40,11,1
26,0,1.0,0.0,51,11,1
43,0,1.0,0.0,74,1,1
58,0,1.0,0.0,55,8,3
59,0,1.0,0.0,44,1,2
54,0,1.0,0.0,55,1,2
37,1,1.0,23676.0,50,6,3
34,0,0.6794520547945205,0.0,43,1,2
57,0,1.0,0.0,37,8,3
34,0,0.1232876712328767,0.0,48,1,3
58,0,1.0,0.0,86,3,2
54,0,1.0,0.0,40,12,1
54,0,1.0,0.0,43,3,1
52,0,1.0,0.0,40,6,1
49,0,1.0,0.0,37,1,3
41,1,1.0,121902.0,82,7,2
72,0,1.0,0.0,58,6,2
50,0,1.0,0.0,90,2,1
42,0,1.0,0.0,40,3,3
44,0,0.043835616438356165,0.0,89,10,1
45,0,1.0,0.0,40,1,2
62,0,0.915068493150685,0.0,37,2,1
54,0,1.0,0.0,48,1,3
51,0,1.0,0.0,37,1,3
24,0,1.0,0.0,39,1,1
50,0,0.4246575342465753,0.0,55,2,1
44,0,1.0,0.0,40,1,1
63,0,0.810958904109589,0.0,44,1,2
72,0,1.0,0.0,53,1,3
46,0,1.0,0.0,80,2,1
32,0,1.0,0.0,58,12,1
35,0,1.0,0.0,65,1,3
76,0,1.0,0.0,69,1,2
32,0,1.0,0.0,59,6,3
84,0,1.0,0.0,55,7,1
52,0,1.0,0.0,44,7,2
27,0,0.11506849315068493,0.0,66,5,2
63,0,1.0,0.0,33,1,3
40,0,1.0,0.0,77,6,3
39,1,1.0,2989.0,55,3,1
35,1,1.0,57540.0,50,1,2
41,0,1.0,0.0,42,2,2
66,1,1.0,2607.0,63,8,1
26,0,0.7698630136986301,0.0,40,12,1
34,0,0.08493150684931507,0.0,66,3,0
30,0,1.0,0.0,37,1,1
61,0,1.0,0.0,37,2,3
20,0,1.0,0.0,50,10,2
64,0,0.673972602739726,0.0,40,1,2
66,0,1.0,0.0,34,1,3
60,0,0.4849315068493151,0.0,63,6,2
21,0,1.0,0.0,44,6,1
48,0,1.0,0.0,36,2,1
29,1,1.0,6066.0,40,1,1
52,0,1.0,0.0,40,1,1
63,0,1.0,0.0,66,6,1
67,0,0.6657534246575343,0.0,51,2,2
53,0,1.0,0.0,74,1,3
36,0,1.0,0.0,33,6,3
51,0,0.7534246575342466,0.0,53,3,3
42,0,1.0,0.0,68,5,3
39,0,0.27123287671232876,0.0,55,11,1
33,0,1.0,0.0,44,2,2
39,0,0.25205479452054796,0.0,55,1,2
43,1,1.0,57540.0,44,1,3
36,0,0.9945205479452055,0.0,55,6,3
56,0,1.0,0.0,47,3,1
50,0,1.0,0.0,82,1,3
76,0,1.0,0.0,46,1,3
67,0,1.0,0.0,51,9,1
52,0,1.0,0.0,98,1,3
62,0,1.0,0.0,77,2,1
30,1,1.0,10941.0,33,6,2
31,0,1.0,0.0,40,1,1
70,0,1.0,0.0,66,17,1
38,0,0.8027397260273973,0.0,55,2,1
46,0,1.0,0.0,66,1,2
27,0,1.0,0.0,54,14,2
73,0,0.0027397260273972603,0.0,43,1,3
50,0,1.0,0.0,74,1,3
43,0,1.0,0.0,66,1,1
41,0,1.0,0.0,55,1,2
78,0,1.0,0.0,33,5,2
37,0,1.0,0.0,55,8,3
25,0,1.0,0.0,83,9,2
60,0,1.0,0.0,85,2,2
21,0,1.0,0.0,47,11,3
56,0,1.0,0.0,62,14,2
34,0,0.3835616438356164,0.0,51,16,3
62,0,1.0,0.0,40,11,1
42,0,1.0,0.0,30,1,2
56,0,1.0,0.0,96,3,1
52,0,1.0,0.0,60,11,1
57,0,1.0,0.0,141,11,3
53,0,1.0,0.0,66,2,3
39,0,1.0,0.0,68,7,3
45,1,1.0,57540.0,43,1,3
70,0,0.5205479452054794,0.0,85,5,1
62,0,1.0,0.0,43,5,3
70,0,1.0,0.0,44,2,1
32,0,0.536986301369863,0.0,47,4,1
63,1,0.8849315068493151,10351.0,40,6,1
70,0,1.0,0.0,88,1,3
49,0,1.0,0.0,53,2,1
31,0,0.0547945205479452,0.0,38,2,1
52,0,1.0,0.0,44,1,2
39,0,0.9013698630136986,0.0,83,1,2
42,0,1.0,0.0,55,2,1
67,0,1.0,0.0,43,5,3
54,0,1.0,0.0,40,10,1
44,0,0.336986301369863,0.0,43,12,2
29,0,1.0,0.0,66,1,3
77,0,1.0,0.0,66,1,2
24,0,1.0,0.0,130,1,3
60,0,1.0,0.0,55,4,2
37,0,1.0,0.0,57,4,2
32,0,1.0,0.0,64,1,1
50,0,0.4958904109589041,0.0,63,5,1
66,0,1.0,0.0,49,2,1
50,0,1.0,0.0,66,1,2
77,0,1.0,0.0,69,12,1
70,0,1.0,0.0,85,1,1
68,0,1.0,0.0,29,10,3
23,0,0.589041095890411,0.0,55,6,2
52,0,1.0,0.0,87,2,2
55,0,1.0,0.0,85,1,1
44,1,1.0,8334.0,55,2,1
41,0,1.0,0.0,47,12,1
45,0,1.0,0.0,59,2,1
63,1,0.7616438356164383,2607.0,55,1,1
40,0,1.0,0.0,76,6,1
34,0,0.17534246575342466,0.0,40,2,2
35,0,1.0,0.0,55,1,1
68,0,1.0,0.0,55,1,2
63,0,1.0,0.0,55,11,1
38,0,0.4054794520547945,0.0,41,10,1
22,0,1.0,0.0,55,2,2
66,0,1.0,0.0,40,2,1
52,0,1.0,0.0,44,11,1
65,0,0.41643835616438357,0.0,65,2,3
70,0,1.0,0.0,33,2,1
24,0,0.16164383561643836,0.0,55,1,1
25,0,0.1232876712328767,0.0,72,5,3
85,0,0.4958904109589041,0.0,44,1,1
25,0,0.9095890410958904,0.0,68,3,1
59,0,1.0,0.0,40,1,2
36,1,1.0,10417.0,40,10,3
48,0,1.0,0.0,40,3,3
53,0,0.7917808219178082,0.0,40,1,1
57,0,0.4438356164383562,0.0,66,6,2
41,0,1.0,0.0,40,1,2
54,0,1.0,0.0,85,1,2
53,0,1.0,0.0,85,1,2
65,0,0.8082191780821918,0.0,90,12,1
46,0,1.0,0.0,43,1,1
40,0,1.0,0.0,53,1,1
42,1,1.0,52917.0,47,1,1
47,0,0.20273972602739726,0.0,40,2,2
29,0,1.0,0.0,82,1,1
40,0,1.0,0.0,42,10,2
37,1,1.0,5324.0,54,12,1
39,0,1.0,0.0,40,2,1
31,1,1.0,3008.0,44,12,3
29,0,1.0,0.0,55,11,3
37,0,1.0,0.0,50,1,2
49,0,1.0,0.0,66,3,1
34,0,1.0,0.0,92,1,2
54,0,1.0,0.0,40,3,1
24,0,1.0,0.0,44,13,1
41,0,1.0,0.0,44,1,2
35,0,1.0,0.0,85,7,1
45,0,1.0,0.0,43,11,1
37,0,1.0,0.0,75,2,1
39,0,1.0,0.0,83,1,2
56,0,0.7506849315068493,0.0,52,5,1
25,0,0.08493150684931507,0.0,55,1,1
33,0,1.0,0.0,66,12,3
32,0,1.0,0.0,55,2,1
34,0,1.0,0.0,121,3,2
24,2,1.0,108000.0,42,2,1
57,0,0.6767123287671233,0.0,53,5,1
47,1,1.0,5276.0,75,1,1
22,0,1.0,0.0,40,3,1
29,0,1.0,0.0,44,5,3
23,0,1.0,0.0,44,1,1
31,0,0.16164383561643836,0.0,44,2,1
57,0,1.0,0.0,100,8,1
30,1,1.0,8108.0,55,1,1
62,0,1.0,0.0,33,13,1
52,0,1.0,0.0,55,1,1
40,0,1.0,0.0,63,7,3
57,0,0.4794520547945205,0.0,39,5,2
70,0,1.0,0.0,33,8,1
25,0,1.0,0.0,40,7,1
43,0,1.0,0.0,39,2,2
52,0,0.3972602739726027,0.0,48,6,1
44,0,1.0,0.0,85,11,1
57,0,1.0,0.0,55,6,2
34,0,0.2465753424657534,0.0,43,2,2
63,0,1.0,0.0,55,1,1
53,1,1.0,3072.0,50,2,1
45,0,1.0,0.0,44,2,2
64,0,1.0,0.0,44,8,2
39,1,1.0,38053.0,57,1,1
56,0,1.0,0.0,77,2,2
46,1,1.0,10819.0,72,1,2
40,0,1.0,0.0,43,2,1
25,0,0.5123287671232877,0.0,33,1,1
42,0,1.0,0.0,41,11,3
59,0,1.0,0.0,57,1,3
70,0,1.0,0.0,40,3,2
73,0,1.0,0.0,66,1,3
74,0,1.0,0.0,51,1,1
55,0,0.4410958904109589,0.0,63,3,3
34,0,1.0,0.0,66,1,1
57,0,1.0,0.0,50,6,1
52,0,1.0,0.0,74,2,2
39,0,0.5808219178082191,0.0,74,10,1
31,0,0.06301369863013699,0.0,51,6,1
34,0,1.0,0.0,40,1,1
53,0,1.0,0.0,47,1,1
67,0,1.0,0.0,44,1,1
62,0,1.0,0.0,33,6,2
23,0,1.0,0.0,54,5,1
42,0,1.0,0.0,34,6,2
70,0,0.6356164383561644,0.0,55,1,2
65,0,1.0,0.0,40,1,3
63,0,1.0,0.0,54,1,2
26,0,1.0,0.0,46,11,1
35,0,1.0,0.0,83,9,1
68,0,1.0,0.0,66,1,3
68,0,1.0,0.0,40,4,3
28,2,0.8027397260273973,14834.0,42,2,2
24,0,1.0,0.0,52,1,2
28,0,1.0,0.0,85,1,2
29,1,0.9698630136986301,63180.0,66,3,1
58,0,1.0,0.0,44,6,2
31,0,1.0,0.0,29,9,2
40,0,1.0,0.0,40,1,2
40,0,1.0,0.0,50,14,3
44,0,1.0,0.0,62,5,3
35,0,1.0,0.0,59,1,1
37,0,1.0,0.0,55,3,3
56,0,1.0,0.0,55,1,1
30,1,1.0,8138.0,40,2,3
43,0,1.0,0.0,73,7,3
26,1,0.5863013698630137,6067.0,55,12,1
48,0,0.7753424657534247,0.0,55,6,3
65,0,1.0,0.0,55,12,2
25,0,1.0,0.0,44,1,3
42,0,0.7616438356164383,0.0,50,12,3
38,0,1.0,0.0,44,4,1
38,0,1.0,0.0,66,11,3
46,0,1.0,0.0,74,5,1
40,0,1.0,0.0,65,8,3
42,0,1.0,0.0,60,10,3
45,0,1.0,0.0,66,1,3
60,0,1.0,0.0,33,1,1
30,0,1.0,0.0,76,1,2
29,0,0.9315068493150684,0.0,55,2,3
62,0,1.0,0.0,55,1,2
35,0,0.5808219178082191,0.0,37,1,1
43,0,1.0,0.0,48,1,3
69,0,0.19726027397260273,0.0,44,1,2
52,0,1.0,0.0,54,3,1
48,0,1.0,0.0,33,1,1
63,1,1.0,30672.0,66,11,2
42,0,0.863013698630137,0.0,43,1,2
62,0,1.0,0.0,42,7,1
49,0,1.0,0.0,93,2,1
59,0,1.0,0.0,65,1,3
27,1,0.821917808219178,176325.0,40,1,1
20,0,1.0,0.0,85,6,1
75,0,1.0,0.0,33,8,3
38,0,1.0,0.0,158,6,3
69,0,1.0,0.0,43,6,2
46,0,0.5041095890410959,0.0,40,2,3
49,0,0.024657534246575342,0.0,33,1,3
37,0,0.3178082191780822,0.0,44,10,1
51,0,1.0,0.0,39,1,1
45,0,1.0,0.0,55,1,2
44,0,0.2684931506849315,0.0,65,3,3
56,0,1.0,0.0,75,2,2
31,0,0.024657534246575342,0.0,60,11,1
59,0,1.0,0.0,30,6,2
36,0,1.0,0.0,48,2,1
46,0,1.0,0.0,39,12,2
60,0,1.0,0.0,66,15,1
52,0,0.01643835616438356,0.0,43,2,1
25,0,1.0,0.0,47,2,3
36,1,1.0,116586.0,79,1,1
72,0,1.0,0.0,66,1,3
34,0,1.0,0.0,66,6,2
48,0,1.0,0.0,55,1,1
31,0,1.0,0.0,66,1,3
54,0,1.0,0.0,68,3,2
49,0,0.6,0.0,55,1,1
65,0,1.0,0.0,78,1,1
22,0,1.0,0.0,50,7,1
56,0,1.0,0.0,55,1,1
26,0,1.0,0.0,101,2,3
40,0,1.0,0.0,21,11,3
63,0,1.0,0.0,93,1,1
32,0,1.0,0.0,60,6,2
59,0,1.0,0.0,42,5,1
46,0,1.0,0.0,92,11,1
42,0,1.0,0.0,55,4,1
48,0,1.0,0.0,37,12,3
24,0,0.1726027397260274,0.0,45,1,1
68,0,1.0,0.0,60,3,1
33,0,1.0,0.0,39,11,2
54,0,1.0,0.0,19,2,1
25,0,1.0,0.0,46,1,1
33,0,1.0,0.0,136,1,2
52,0,0.7342465753424657,0.0,55,1,3
42,0,1.0,0.0,25,12,2
76,0,1.0,0.0,59,1,1
34,0,1.0,0.0,33,1,2
37,0,0.7534246575342466,0.0,34,15,3
74,1,1.0,19269.0,47,1,1
52,0,1.0,0.0,37,1,1
52,0,1.0,0.0,44,1,2
30,0,0.10410958904109589,0.0,40,3,3
36,0,1.0,0.0,40,1,1
37,0,1.0,0.0,70,9,2
58,0,1.0,0.0,42,9,1
54,0,0.08493150684931507,0.0,44,1,2
54,1,1.0,170541.0,48,8,1
26,0,0.7041095890410959,0.0,66,9,1
68,0,1.0,0.0,61,1,3
51,0,1.0,0.0,59,1,3
33,0,1.0,0.0,49,1,1
42,0,1.0,0.0,44,2,2
49,0,1.0,0.0,93,4,1
55,0,0.14520547945205478,0.0,33,10,2
63,0,1.0,0.0,39,5,2
61,0,1.0,0.0,48,1,3
64,0,1.0,0.0,54,3,1
68,0,1.0,0.0,43,2,2
36,0,1.0,0.0,33,1,3
70,0,1.0,0.0,40,2,1
23,0,1.0,0.0,83,6,2
44,0,1.0,0.0,33,12,2
68,0,0.5150684931506849,0.0,35,1,2
28,0,1.0,0.0,44,1,1
25,0,1.0,0.0,47,10,1
70,0,1.0,0.0,55,1,3
34,0,1.0,0.0,66,1,1
68,0,1.0,0.0,98,1,2
76,0,0.6054794520547945,0.0,68,12,3
59,0,1.0,0.0,68,1,3
31,0,1.0,0.0,40,4,1
32,0,1.0,0.0,43,10,3
22,0,1.0,0.0,100,11,1
29,0,0.08493150684931507,0.0,36,3,2
83,0,1.0,0.0,57,4,2
58,0,1.0,0.0,44,1,2
69,0,1.0,0.0,66,1,1
57,1,1.0,341309.0,66,2,3
23,0,0.8876712328767123,0.0,65,1,2
62,1,1.0,57540.0,52,1,2
62,0,1.0,0.0,60,2,2
64,0,1.0,0.0,36,1,3
44,0,0.1095890410958904,0.0,47,1,3
44,0,1.0,0.0,65,7,1
35,1,1.0,28223.0,44,1,3
47,0,1.0,0.0,66,10,3
73,0,1.0,0.0,58,2,1
40,0,0.7972602739726027,0.0,42,2,1
51,0,0.23013698630136986,0.0,54,6,2
63,0,1.0,0.0,77,2,3
37,0,1.0,0.0,33,1,3
32,0,1.0,0.0,40,1,3
76,0,1.0,0.0,55,6,1
66,0,1.0,0.0,57,1,1
53,0,0.5917808219178082,0.0,55,5,1
28,0,1.0,0.0,40,11,1
43,0,1.0,0.0,47,8,1
47,0,1.0,0.0,53,1,3
30,0,1.0,0.0,43,8,1
66,0,1.0,0.0,33,1,2
21,0,0.2684931506849315,0.0,91,1,1
54,0,1.0,0.0,43,5,2
36,0,0.7479452054794521,0.0,51,2,1
29,0,0.19726027397260273,0.0,49,7,1
78,0,1.0,0.0,66,2,1
64,0,1.0,0.0,114,1,1
31,0,1.0,0.0,44,10,1
36,0,1.0,0.0,44,3,1
36,0,1.0,0.0,55,1,1
50,1,1.0,558540.0,51,6,1
66,0,1.0,0.0,40,1,1
49,0,0.0547945205479452,0.0,39,1,1
40,0,1.0,0.0,55,1,1
34,0,1.0,0.0,25,8,1
43,0,1.0,0.0,75,11,1
43,0,1.0,0.0,43,2,3
52,0,1.0,0.0,70,6,2
44,0,1.0,0.0,49,1,3
41,0,1.0,0.0,72,1,3
37,0,1.0,0.0,85,2,1
54,0,1.0,0.0,47,1,1
53,0,0.3232876712328767,0.0,61,1,1
70,0,1.0,0.0,91,2,1
59,1,1.0,57540.0,43,1,1
26,1,1.0,2607.0,63,14,3
48,0,1.0,0.0,34,1,2
49,0,1.0,0.0,45,14,1
58,0,1.0,0.0,55,9,2
56,0,1.0,0.0,66,8,3
51,0,1.0,0.0,55,4,2
34,0,1.0,0.0,50,1,2
62,1,1.0,62026.0,51,6,2
37,0,1.0,0.0,81,11,3
28,0,1.0,0.0,85,1,1
24,0,1.0,0.0,98,1,3
37,0,0.5726027397260274,0.0,40,1,1
34,0,1.0,0.0,42,1,1
23,1,1.0,5178.0,49,1,1
36,0,1.0,0.0,44,9,2
54,0,1.0,0.0,60,9,2
42,0,1.0,0.0,40,2,3
36,0,1.0,0.0,37,1,1
63,0,1.0,0.0,64,1,3
43,0,1.0,0.0,40,2,2
35,0,1.0,0.0,40,5,3
49,0,1.0,0.0,87,1,3
55,0,1.0,0.0,32,1,2
57,0,1.0,0.0,70,6,3
71,0,1.0,0.0,115,1,1
46,0,1.0,0.0,55,1,2
79,0,1.0,0.0,47,9,3
35,0,1.0,0.0,65,2,1
41,0,1.0,0.0,57,6,2
69,0,1.0,0.0,110,4,2
59,0,1.0,0.0,43,3,3
44,0,1.0,0.0,44,1,1
56,0,0.8876712328767123,0.0,59,12,1
27,0,1.0,0.0,63,16,3
79,0,1.0,0.0,34,12,2
46,0,1.0,0.0,35,12,2
40,1,0.2273972602739726,6086.0,66,1,1
57,0,0.4465753424657534,0.0,70,2,1
54,0,0.00821917808219178,0.0,25,12,2
42,1,1.0,5614.0,53,1,2
25,1,1.0,57540.0,36,10,1
28,0,0.536986301369863,0.0,44,2,1
62,0,0.07123287671232877,0.0,42,5,1
39,0,0.3287671232876712,0.0,43,10,2
74,0,1.0,0.0,57,5,3
50,0,1.0,0.0,52,1,2
45,0,1.0,0.0,55,2,3
36,0,0.6575342465753424,0.0,88,6,1
53,0,1.0,0.0,75,11,3
42,0,1.0,0.0,40,8,1
69,0,1.0,0.0,70,1,3
49,0,1.0,0.0,39,1,1
39,0,1.0,0.0,55,1,2
58,0,1.0,0.0,55,1,2
55,0,0.12054794520547946,0.0,51,1,3
47,0,1.0,0.0,91,12,1
43,0,1.0,0.0,50,1,2
51,0,1.0,0.0,85,7,2
38,0,1.0,0.0,21,11,3
44,0,1.0,0.0,40,5,1
60,0,0.021917808219178082,0.0,54,16,2
25,0,1.0,0.0,47,5,2
30,0,1.0,0.0,54,1,1
41,0,1.0,0.0,44,1,1
72,0,1.0,0.0,44,1,3
39,0,1.0,0.0,50,1,1
50,0,1.0,0.0,75,2,1
63,0,1.0,0.0,40,10,2
55,0,1.0,0.0,33,1,1
64,0,1.0,0.0,55,12,3
58,1,1.0,7990.0,55,1,3
71,0,0.5726027397260274,0.0,78,1,2
41,0,0.6904109589041096,0.0,84,2,1
37,0,1.0,0.0,65,1,1
28,0,1.0,0.0,51,1,1
66,0,1.0,0.0,40,9,1
52,0,1.0,0.0,34,12,0
25,0,1.0,0.0,40,1,2
55,0,1.0,0.0,47,1,1
66,0,0.27671232876712326,0.0,51,12,3
27,0,1.0,0.0,50,1,2
55,0,1.0,0.0,48,3,3
55,0,1.0,0.0,40,1,3
56,0,1.0,0.0,42,11,3
75,0,1.0,0.0,55,1,3
53,0,1.0,0.0,67,1,3
39,0,1.0,0.0,83,6,2
56,0,1.0,0.0,81,1,2
44,1,1.0,6066.0,47,2,2
70,0,1.0,0.0,40,1,2
60,0,0.5863013698630137,0.0,82,11,3
57,0,1.0,0.0,66,1,3
82,0,1.0,0.0,35,3,3
41,0,1.0,0.0,63,1,2
44,0,1.0,0.0,50,8,2
71,0,1.0,0.0,55,10,1
59,0,0.030136986301369864,0.0,40,3,2
28,0,1.0,0.0,65,9,1
35,0,1.0,0.0,50,3,2
43,0,1.0,0.0,59,1,2
54,0,1.0,0.0,80,1,2
54,1,0.9260273972602739,5566.0,74,6,3
58,0,1.0,0.0,50,2,1
24,0,1.0,0.0,68,17,1
32,0,0.3287671232876712,0.0,43,6,1
59,0,0.8082191780821918,0.0,48,2,3
36,0,1.0,0.0,55,1,1
51,0,0.6684931506849315,0.0,73,2,3
62,0,1.0,0.0,66,7,1
30,0,1.0,0.0,55,3,1
42,0,1.0,0.0,55,6,3
42,0,1.0,0.0,96,1,1
41,0,1.0,0.0,67,2,1
29,0,1.0,0.0,75,12,1
44,0,0.589041095890411,0.0,60,1,1
68,0,1.0,0.0,39,1,3
31,0,1.0,0.0,66,2,3
28,0,1.0,0.0,55,6,1
58,0,1.0,0.0,33,2,3
38,0,1.0,0.0,136,2,1
38,0,1.0,0.0,37,7,1
53,0,1.0,0.0,66,6,1
61,2,1.0,63650.0,79,2,3
69,0,1.0,0.0,80,3,2
35,0,0.14520547945205478,0.0,74,1,1
76,0,1.0,0.0,50,1,2
50,0,1.0,0.0,82,2,2
24,0,0.3506849315068493,0.0,40,8,1
50,0,1.0,0.0,33,6,3
56,0,1.0,0.0,29,4,1
37,0,1.0,0.0,51,1,2
33,0,1.0,0.0,34,1,2
54,2,1.0,97927.0,68,1,1
41,0,1.0,0.0,94,1,1
29,0,1.0,0.0,43,1,1
34,0,1.0,0.0,43,8,2
52,1,1.0,2755.0,52,1,2
66,0,1.0,0.0,85,2,1
29,0,1.0,0.0,55,1,3
46,0,1.0,0.0,85,1,2
66,2,1.0,78314.0,55,1,2
49,0,1.0,0.0,55,1,1
25,1,1.0,57540.0,40,1,2
63,0,1.0,0.0,141,3,3
43,0,1.0,0.0,47,9,1
43,0,1.0,0.0,44,12,2
34,2,1.0,102931.0,55,1,1
52,0,1.0,0.0,44,1,2
26,0,0.5726027397260274,0.0,60,12,1
49,0,0.13424657534246576,0.0,47,15,2
26,1,1.0,2029.0,70,2,0
64,0,1.0,0.0,37,11,2
55,1,0.19452054794520549,30385.0,37,1,3
30,0,1.0,0.0,55,1,2
58,0,1.0,0.0,40,1,1
24,0,1.0,0.0,66,1,2
76,0,1.0,0.0,43,3,2
39,0,1.0,0.0,47,12,1
33,1,1.0,31848.0,58,1,2
65,0,1.0,0.0,60,5,1
46,0,0.3095890410958904,0.0,50,1,1
67,0,0.25753424657534246,0.0,44,1,3
50,0,1.0,0.0,59,10,2
34,0,1.0,0.0,47,3,1
49,0,0.5780821917808219,0.0,66,10,1
42,0,1.0,0.0,43,1,1
42,0,1.0,0.0,69,1,1
47,0,1.0,0.0,47,2,2
54,0,1.0,0.0,22,2,3
32,0,1.0,0.0,40,12,2
56,0,0.547945205479452,0.0,50,2,1
35,0,0.8547945205479452,0.0,51,1,1
44,0,0.2958904109589041,0.0,65,1,2
50,0,1.0,0.0,60,1,2
68,0,1.0,0.0,66,1,2
61,0,1.0,0.0,51,1,1
63,0,1.0,0.0,55,5,3
52,0,0.9616438356164384,0.0,55,11,2
21,0,0.5178082191780822,0.0,37,6,1
32,0,0.04657534246575343,0.0,44,1,2
39,0,1.0,0.0,50,1,2
37,0,1.0,0.0,65,2,2
38,0,1.0,0.0,51,6,3
28,1,0.8602739726027397,50000.0,81,1,2
53,0,1.0,0.0,43,4,2
59,0,1.0,0.0,37,12,2
55,0,1.0,0.0,55,1,2
63,0,0.20273972602739726,0.0,60,5,1
44,0,1.0,0.0,64,1,1
45,0,1.0,0.0,69,1,3
74,0,1.0,0.0,55,12,2
59,1,0.810958904109589,3842.0,43,3,3
62,0,1.0,0.0,37,2,2
44,0,1.0,0.0,39,3,3
47,0,1.0,0.0,72,1,3
40,0,1.0,0.0,52,1,3
44,0,1.0,0.0,65,1,1
40,0,1.0,0.0,40,7,3
45,0,1.0,0.0,80,11,2
73,0,1.0,0.0,51,5,2
38,1,1.0,6066.0,55,2,3
53,0,1.0,0.0,42,1,2
64,0,1.0,0.0,81,1,1
43,0,1.0,0.0,65,4,2
40,0,1.0,0.0,40,2,3
36,0,0.9041095890410958,0.0,69,2,3
39,0,1.0,0.0,36,3,1
36,0,0.7178082191780822,0.0,85,1,2
76,0,1.0,0.0,47,2,2
33,0,1.0,0.0,70,6,1
69,0,1.0,0.0,80,1,2
57,0,1.0,0.0,70,15,2
57,0,1.0,0.0,47,4,1
72,1,1.0,183300.0,29,1,2
70,0,0.8904109589041096,0.0,47,12,1
44,0,1.0,0.0,43,5,2
78,0,1.0,0.0,39,1,1
72,0,0.6657534246575343,0.0,47,6,2
28,0,1.0,0.0,40,2,1
49,0,0.9315068493150684,0.0,66,2,1
45,2,1.0,9249.0,65,1,1
49,0,1.0,0.0,100,2,2
27,0,1.0,0.0,33,1,2
46,0,1.0,0.0,42,2,3
31,0,1.0,0.0,82,1,3
71,0,0.9315068493150684,0.0,54,6,1
54,0,1.0,0.0,40,1,2
27,1,0.6,25000.0,51,10,1
60,1,1.0,195000.0,97,1,3
40,0,1.0,0.0,40,1,1
28,0,1.0,0.0,43,1,2
35,1,1.0,5614.0,33,1,1
41,1,0.6931506849315069,60147.0,62,2,2
39,1,1.0,82943.0,40,7,2
61,1,1.0,65896.0,90,1,3
61,0,1.0,0.0,55,6,2
43,0,1.0,0.0,110,3,3
53,0,0.8082191780821918,0.0,70,10,1
48,0,1.0,0.0,75,2,1
55,0,0.33424657534246577,0.0,39,1,1
29,0,1.0,0.0,40,2,2
48,0,0.5506849315068493,0.0,77,9,2
81,0,1.0,0.0,21,2,1
26,0,1.0,0.0,40,9,1
50,0,0.2465753424657534,0.0,70,12,1
45,0,1.0,0.0,63,11,2
28,0,1.0,0.0,55,1,1
64,0,1.0,0.0,44,1,1
32,0,0.863013698630137,0.0,43,3,3
32,0,1.0,0.0,33,1,3
57,0,1.0,0.0,40,5,0
28,0,1.0,0.0,50,10,3
39,0,0.4767123287671233,0.0,40,1,2
36,0,0.4794520547945205,0.0,33,6,2
64,0,0.5945205479452055,0.0,33,12,2
63,0,1.0,0.0,43,1,2
28,0,1.0,0.0,73,3,1
33,0,0.6054794520547945,0.0,93,1,3
59,0,1.0,0.0,66,1,2
53,0,0.1863013698630137,0.0,66,1,2
69,0,1.0,0.0,42,8,1
35,0,1.0,0.0,46,1,3
28,0,1.0,0.0,132,5,2
28,0,1.0,0.0,60,10,1
37,0,0.3452054794520548,0.0,51,6,3
47,0,1.0,0.0,39,11,2
75,0,0.6931506849315069,0.0,51,7,2
61,0,1.0,0.0,65,1,3
31,1,1.0,2807.0,47,2,2
56,0,1.0,0.0,83,2,2
50,0,1.0,0.0,65,4,3
45,0,0.00821917808219178,0.0,59,1,1
44,0,1.0,0.0,40,10,3
32,0,1.0,0.0,40,12,2
32,0,0.010958904109589041,0.0,47,14,1
31,0,0.9287671232876712,0.0,33,1,1
30,0,1.0,0.0,68,2,3
36,0,1.0,0.0,40,9,1
28,0,1.0,0.0,55,3,1
39,0,1.0,0.0,43,12,1
62,0,1.0,0.0,55,1,1
59,0,1.0,0.0,34,2,3
32,0,1.0,0.0,34,2,1
34,0,1.0,0.0,60,1,1
37,0,1.0,0.0,40,4,1
63,0,1.0,0.0,55,6,1
44,0,0.4136986301369863,0.0,53,8,2
28,0,1.0,0.0,43,5,1
32,1,1.0,5264.0,33,1,1
55,0,0.7945205479452054,0.0,85,1,3
24,1,1.0,2426.0,83,7,1
56,0,1.0,0.0,29,2,1
58,0,1.0,0.0,83,9,3
34,0,1.0,0.0,59,1,1
52,0,1.0,0.0,98,12,2
44,0,1.0,0.0,40,1,1
54,1,0.7479452054794521,45775.0,50,1,3
54,0,1.0,0.0,74,6,0
51,0,1.0,0.0,55,2,2
46,0,1.0,0.0,49,2,2
34,0,0.3315068493150685,0.0,55,1,2
30,1,1.0,6534.0,48,2,3
32,0,0.10410958904109589,0.0,40,12,3
42,0,0.1506849315068493,0.0,66,16,2
36,0,1.0,0.0,93,1,2
70,0,1.0,0.0,40,1,3
32,0,0.8383561643835616,0.0,44,1,1
58,0,1.0,0.0,55,2,2
43,0,1.0,0.0,55,8,3
59,1,1.0,6074.0,136,1,1
29,0,0.07671232876712329,0.0,51,1,2
35,0,1.0,0.0,100,2,2
52,2,1.0,11132.0,83,1,3
55,0,1.0,0.0,55,9,1
32,0,1.0,0.0,60,1,1
40,1,1.0,2694.0,85,1,1
36,0,1.0,0.0,37,1,3
52,0,1.0,0.0,49,15,2
39,0,1.0,0.0,65,13,1
47,1,1.0,16927.0,66,1,1
27,1,1.0,2856.0,42,12,3
71,0,1.0,0.0,39,1,3
55,0,1.0,0.0,33,5,3
59,1,1.0,104350.0,67,1,3
50,0,1.0,0.0,55,1,1
30,0,1.0,0.0,54,1,1
56,0,1.0,0.0,66,1,2
40,0,1.0,0.0,51,5,1
33,1,1.0,4452.0,44,1,1
26,1,0.7506849315068493,3158.0,128,6,3
28,0,0.01643835616438356,0.0,44,8,1
36,0,0.2465753424657534,0.0,62,9,2
38,0,1.0,0.0,66,6,1
46,0,1.0,0.0,53,1,3
38,1,1.0,2644.0,44,2,1
58,1,1.0,71161.0,51,3,3
50,0,1.0,0.0,77,1,2
57,0,1.0,0.0,43,9,3
41,0,1.0,0.0,48,3,1
47,0,1.0,0.0,55,2,1
21,0,0.8876712328767123,0.0,75,8,1
46,1,1.0,57540.0,55,6,3
52,0,1.0,0.0,60,5,3
22,1,0.9397260273972603,121902.0,46,5,3
46,0,1.0,0.0,100,13,1
65,0,1.0,0.0,54,12,3
41,0,1.0,0.0,46,3,1
33,0,1.0,0.0,65,7,2
63,0,0.6493150684931507,0.0,33,2,2
58,1,0.9287671232876712,138855.0,39,1,1
33,0,0.8328767123287671,0.0,29,1,3
58,0,1.0,0.0,60,10,2
32,0,1.0,0.0,40,13,2
49,0,1.0,0.0,33,5,1
65,0,1.0,0.0,52,1,1
38,0,0.9287671232876712,0.0,130,5,0
62,0,0.673972602739726,0.0,43,1,2
52,0,1.0,0.0,65,1,1
35,0,1.0,0.0,33,1,1
45,0,0.7315068493150685,0.0,64,2,3
44,0,1.0,0.0,60,5,3
53,0,1.0,0.0,59,2,1
42,0,1.0,0.0,40,11,3
44,0,1.0,0.0,40,12,2
71,0,1.0,0.0,55,2,3
32,0,1.0,0.0,44,9,1
44,0,0.8465753424657534,0.0,62,1,3
42,0,1.0,0.0,43,10,2
37,1,1.0,2704.0,65,1,3
73,0,1.0,0.0,58,12,3
66,0,0.5452054794520548,0.0,47,1,1
33,0,1.0,0.0,54,2,3
65,0,1.0,0.0,37,2,2
44,0,1.0,0.0,25,1,3
46,0,0.1506849315068493,0.0,44,1,1
51,1,1.0,63578.0,40,2,2
50,0,1.0,0.0,43,6,3
46,0,1.0,0.0,50,11,1
24,0,0.1726027397260274,0.0,49,14,3
32,0,1.0,0.0,25,1,3
48,0,1.0,0.0,65,1,1
22,1,0.44931506849315067,23978.0,42,10,3
62,0,1.0,0.0,73,1,2
32,0,1.0,0.0,60,1,1
72,0,1.0,0.0,34,7,3
46,0,1.0,0.0,43,2,1
29,1,1.0,57540.0,44,8,1
37,0,0.019178082191780823,0.0,33,7,1
47,0,1.0,0.0,37,1,1
67,0,0.6657534246575343,0.0,49,3,3
40,1,1.0,60147.0,19,1,3
49,1,1.0,3426.0,44,1,1
38,0,1.0,0.0,47,2,2
25,0,1.0,0.0,55,5,1
27,1,1.0,1907500.0,44,1,2
30,0,1.0,0.0,33,15,1
25,0,0.7452054794520548,0.0,32,2,1
61,0,0.08493150684931507,0.0,104,6,1
50,0,1.0,0.0,51,3,1
41,0,1.0,0.0,66,2,3
48,1,1.0,57540.0,55,6,2
41,0,0.7123287671232876,0.0,44,14,2
39,0,1.0,0.0,54,4,1
29,0,1.0,0.0,40,2,1
53,0,1.0,0.0,39,1,1
81,0,1.0,0.0,82,8,1
22,0,1.0,0.0,84,6,1
29,1,0.5643835616438356,57540.0,43,2,1
42,0,1.0,0.0,85,9,2
36,1,0.4958904109589041,28124.0,40,1,2
48,0,1.0,0.0,44,2,1
57,0,1.0,0.0,44,7,2
31,0,0.9041095890410958,0.0,54,1,1
31,0,1.0,0.0,66,1,1
64,0,0.7452054794520548,0.0,39,9,1
85,0,1.0,0.0,70,11,2
74,0,0.9452054794520548,0.0,55,2,3
31,1,0.8273972602739726,5070.0,60,12,1
53,0,1.0,0.0,48,1,3
72,0,1.0,0.0,55,2,1
61,0,1.0,0.0,85,1,3
28,0,1.0,0.0,39,5,1
47,0,1.0,0.0,33,1,1
46,0,1.0,0.0,125,5,2
81,0,1.0,0.0,44,5,1
71,0,1.0,0.0,55,6,2
45,1,1.0,8307.0,44,1,2
35,0,0.0273972602739726,0.0,77,1,2
54,0,1.0,0.0,40,1,3
44,1,1.0,4265.0,39,6,1
54,0,1.0,0.0,47,1,3
50,0,1.0,0.0,67,11,2
63,0,1.0,0.0,78,6,3
26,0,0.7479452054794521,0.0,55,1,1
27,0,0.2493150684931507,0.0,39,10,3
21,0,1.0,0.0,77,2,3
37,1,1.0,5218.0,66,2,2
37,0,1.0,0.0,47,1,1
29,0,1.0,0.0,80,3,2
60,0,0.9123287671232877,0.0,56,1,2
66,0,1.0,0.0,33,11,1
78,0,1.0,0.0,66,1,3
35,2,1.0,63390.0,55,2,1
29,0,1.0,0.0,92,2,1
37,0,1.0,0.0,40,6,2
47,0,1.0,0.0,37,1,2
45,2,1.0,63494.0,44,6,3
49,0,1.0,0.0,54,1,1
41,0,1.0,0.0,79,2,1
26,0,1.0,0.0,85,2,2
73,0,1.0,0.0,66,11,1
33,0,1.0,0.0,47,9,1
27,0,0.32602739726027397,0.0,55,1,1
57,0,0.8328767123287671,0.0,33,1,3
36,0,1.0,0.0,42,3,3
26,0,0.08493150684931507,0.0,53,2,2
39,0,1.0,0.0,110,1,3
33,0,1.0,0.0,66,1,2
35,0,1.0,0.0,25,1,2
37,0,1.0,0.0,55,2,1
44,0,1.0,0.0,54,1,1
60,0,1.0,0.0,55,15,1
37,0,0.673972602739726,0.0,63,11,1
42,0,1.0,0.0,40,1,1
29,0,1.0,0.0,75,8,2
55,0,1.0,0.0,54,8,1
26,1,1.0,4713.0,40,2,3
37,0,1.0,0.0,33,1,3
38,0,1.0,0.0,52,1,1
49,0,1.0,0.0,48,1,2
54,0,0.5808219178082191,0.0,66,11,1
57,0,0.07123287671232877,0.0,96,6,2
41,0,0.7479452054794521,0.0,52,2,1
57,0,1.0,0.0,66,11,3
47,0,1.0,0.0,54,1,2
33,1,1.0,9123554.0,55,1,1
29,0,1.0,0.0,29,1,3
32,0,0.8493150684931506,0.0,55,1,1
77,0,0.1726027397260274,0.0,50,7,1
48,0,1.0,0.0,55,1,1
56,0,1.0,0.0,100,3,3
37,1,0.5753424657534246,3611.0,44,2,3
58,0,0.6575342465753424,0.0,37,11,3
69,0,0.5808219178082191,0.0,37,3,3
34,0,1.0,0.0,60,1,2
44,1,1.0,5178.0,85,1,1
39,0,1.0,0.0,66,8,1
43,0,1.0,0.0,50,1,3
36,0,1.0,0.0,33,3,1
39,0,1.0,0.0,55,3,3
31,0,1.0,0.0,108,1,1
56,0,1.0,0.0,55,2,1
40,0,1.0,0.0,50,6,1
61,0,1.0,0.0,63,10,3
39,0,1.0,0.0,47,2,2
47,0,0.6657534246575343,0.0,51,8,1
45,0,1.0,0.0,37,5,1
66,0,1.0,0.0,55,6,1
76,0,1.0,0.0,44,1,1
37,0,1.0,0.0,43,8,2
62,0,1.0,0.0,33,2,1
34,0,1.0,0.0,60,14,1
44,0,1.0,0.0,33,1,3
73,0,1.0,0.0,58,4,1
76,0,1.0,0.0,53,1,1
64,0,1.0,0.0,43,13,2
28,0,1.0,0.0,55,7,2
51,0,0.4904109589041096,0.0,94,2,3
55,2,1.0,94085.0,40,1,3
39,0,1.0,0.0,68,5,2
21,0,1.0,0.0,65,6,1
50,0,0.0027397260273972603,0.0,44,12,1
56,0,0.958904109589041,0.0,55,2,1
52,0,0.3041095890410959,0.0,53,5,1
61,0,1.0,0.0,55,10,1
56,0,1.0,0.0,55,1,1
54,0,1.0,0.0,51,12,3
36,0,1.0,0.0,50,14,1
39,0,1.0,0.0,100,2,2
61,0,1.0,0.0,55,3,1
34,0,1.0,0.0,66,1,2
25,0,1.0,0.0,54,2,3
60,0,0.9123287671232877,0.0,55,1,3
64,0,1.0,0.0,55,12,3
42,0,1.0,0.0,44,3,1
44,0,0.4410958904109589,0.0,81,2,2
31,0,1.0,0.0,66,6,1
36,0,1.0,0.0,72,3,2
36,0,0.27123287671232876,0.0,129,1,2
26,2,1.0,173442.0,38,10,2
29,1,1.0,27997.0,44,1,2
55,0,1.0,0.0,29,1,1
30,0,0.010958904109589041,0.0,92,6,1
51,0,1.0,0.0,44,1,3
28,1,1.0,6510.0,38,1,3
70,0,1.0,0.0,33,3,3
69,0,1.0,0.0,81,12,3
72,0,1.0,0.0,51,1,3
73,0,1.0,0.0,110,1,3
73,0,1.0,0.0,75,1,1
59,0,1.0,0.0,42,12,1
73,1,1.0,6038.0,60,2,1
45,0,1.0,0.0,47,11,3
70,0,1.0,0.0,64,5,1
32,0,1.0,0.0,33,12,2
63,0,1.0,0.0,55,6,2
49,0,1.0,0.0,66,5,1
67,0,1.0,0.0,43,1,1
45,0,1.0,0.0,89,6,1
50,0,1.0,0.0,50,6,1
67,0,1.0,0.0,55,6,2
54,0,1.0,0.0,42,2,3
52,0,1.0,0.0,40,2,2
71,0,1.0,0.0,85,10,3
31,0,1.0,0.0,40,6,2
76,0,1.0,0.0,75,10,1
36,0,1.0,0.0,40,2,3
24,0,1.0,0.0,40,1,0
51,0,1.0,0.0,66,5,2
71,0,1.0,0.0,66,1,1
66,0,1.0,0.0,60,2,3
41,0,0.16164383561643836,0.0,47,2,1
38,0,1.0,0.0,57,10,1
65,0,1.0,0.0,88,1,2
32,0,0.005479452054794521,0.0,50,1,1
43,0,1.0,0.0,72,14,2
70,0,1.0,0.0,68,1,2
55,0,0.26575342465753427,0.0,44,10,2
36,0,0.2547945205479452,0.0,40,1,1
33,0,1.0,0.0,40,10,1
65,0,0.4849315068493151,0.0,85,12,3
31,0,1.0,0.0,43,1,2
38,0,0.8383561643835616,0.0,50,2,1
32,0,1.0,0.0,66,15,1
71,1,1.0,8356.0,53,1,1
27,0,1.0,0.0,40,5,1
33,1,1.0,6314.0,55,6,1
51,0,1.0,0.0,85,1,1
26,0,1.0,0.0,55,1,1
45,0,1.0,0.0,68,5,1
43,0,1.0,0.0,60,6,1
36,0,1.0,0.0,83,6,1
50,0,1.0,0.0,55,7,1
39,0,1.0,0.0,66,3,1
77,0,1.0,0.0,66,1,3
47,0,0.4136986301369863,0.0,55,1,3
33,0,0.8712328767123287,0.0,77,2,1
32,0,1.0,0.0,71,7,2
49,0,1.0,0.0,85,1,1
29,0,1.0,0.0,70,6,1
31,0,1.0,0.0,63,11,2
66,0,1.0,0.0,40,1,3
71,0,1.0,0.0,47,5,1
43,0,1.0,0.0,75,1,3
45,0,1.0,0.0,41,2,2
20,0,1.0,0.0,40,6,1
45,0,1.0,0.0,36,1,1
56,0,1.0,0.0,36,6,2
37,0,0.6246575342465753,0.0,55,1,1
42,0,1.0,0.0,44,1,2
60,1,1.0,2989.0,90,1,2
41,0,0.16164383561643836,0.0,55,1,3
49,0,1.0,0.0,43,1,0
26,0,1.0,0.0,66,1,3
36,0,1.0,0.0,80,8,1
40,0,1.0,0.0,50,2,3
39,1,1.0,14021.0,58,12,2
26,0,1.0,0.0,110,1,1
26,0,1.0,0.0,70,3,1
63,0,1.0,0.0,82,5,3
43,0,1.0,0.0,37,1,1
70,0,1.0,0.0,70,7,3
51,0,1.0,0.0,47,12,1
36,0,1.0,0.0,45,10,1
24,0,1.0,0.0,41,1,1
66,0,1.0,0.0,55,13,2
36,0,1.0,0.0,68,15,3
37,0,1.0,0.0,40,3,3
37,0,1.0,0.0,66,3,1
51,0,0.4986301369863014,0.0,43,13,1
24,0,1.0,0.0,99,2,2
25,0,0.0027397260273972603,0.0,55,3,1
78,0,1.0,0.0,37,1,1
69,0,1.0,0.0,47,1,2
40,0,1.0,0.0,65,4,1
47,0,0.3150684931506849,0.0,39,1,1
59,0,1.0,0.0,42,1,3
57,0,1.0,0.0,40,1,3
47,0,1.0,0.0,51,3,3
40,1,1.0,9240.0,65,3,1
43,0,1.0,0.0,55,1,3
49,0,0.08493150684931507,0.0,40,13,2
67,0,1.0,0.0,33,1,2
25,0,0.38904109589041097,0.0,66,11,2
34,0,1.0,0.0,40,11,2
47,0,1.0,0.0,51,11,2
52,0,0.7095890410958904,0.0,37,1,2
45,0,1.0,0.0,55,1,3
29,0,0.1863013698630137,0.0,54,2,2
41,1,1.0,10391.0,55,1,1
63,0,1.0,0.0,40,1,3
53,0,1.0,0.0,66,3,1
31,0,1.0,0.0,70,2,1
51,0,1.0,0.0,37,6,3
21,0,1.0,0.0,33,4,1
38,0,0.5917808219178082,0.0,55,1,2
48,0,1.0,0.0,40,2,2
74,0,1.0,0.0,43,1,1
44,0,0.9397260273972603,0.0,64,5,1
50,0,1.0,0.0,47,2,3
41,0,0.1178082191780822,0.0,59,1,1
51,0,1.0,0.0,33,1,3
34,0,1.0,0.0,66,2,1
71,0,0.08493150684931507,0.0,47,1,1
47,0,1.0,0.0,47,1,1
34,0,0.6657534246575343,0.0,66,1,2
70,0,1.0,0.0,44,5,2
55,0,1.0,0.0,59,10,3
70,0,1.0,0.0,40,1,2
54,0,0.11506849315068493,0.0,51,12,2
40,0,1.0,0.0,73,1,1
49,0,0.26575342465753427,0.0,33,3,1
42,0,1.0,0.0,46,1,3
54,0,1.0,0.0,37,2,1
49,0,0.09863013698630137,0.0,47,1,1
61,0,1.0,0.0,90,7,1
48,0,1.0,0.0,66,5,2
32,0,1.0,0.0,66,1,3
75,0,1.0,0.0,44,6,1
56,0,1.0,0.0,40,7,2
29,0,0.8328767123287671,0.0,52,13,1
48,0,1.0,0.0,55,6,3
25,1,0.1232876712328767,48477.0,82,11,1
38,0,0.8082191780821918,0.0,57,5,3
41,0,1.0,0.0,66,1,1
30,2,0.3726027397260274,81361.0,51,1,3
29,1,0.5917808219178082,8360.0,90,10,1
73,0,1.0,0.0,60,2,3
40,0,1.0,0.0,40,3,1
69,1,1.0,2505.0,55,12,3
76,0,1.0,0.0,46,1,3
45,0,1.0,0.0,51,1,0
32,0,1.0,0.0,59,11,2
30,0,1.0,0.0,37,6,2
53,0,1.0,0.0,44,1,1
70,0,1.0,0.0,68,5,2
39,0,0.5561643835616439,0.0,49,12,1
36,0,1.0,0.0,47,1,3
58,0,1.0,0.0,55,1,2
40,0,1.0,0.0,44,1,1
69,0,1.0,0.0,52,1,1
47,0,1.0,0.0,53,2,3
78,0,0.3041095890410959,0.0,37,2,2
45,0,1.0,0.0,47,3,1
62,0,1.0,0.0,49,11,2
58,0,0.29315068493150687,0.0,40,1,3
36,0,1.0,0.0,66,1,2
52,0,1.0,0.0,44,1,2
58,0,1.0,0.0,55,2,2
34,0,1.0,0.0,51,2,2
35,0,1.0,0.0,55,11,1
67,0,1.0,0.0,80,4,2
28,1,1.0,30409.0,55,6,2
33,0,1.0,0.0,55,1,1
36,0,0.5232876712328767,0.0,62,1,3
31,0,1.0,0.0,43,1,2
25,0,0.589041095890411,0.0,49,2,1
36,0,1.0,0.0,29,13,2
61,0,1.0,0.0,62,7,1
24,0,1.0,0.0,65,11,3
53,0,0.0684931506849315,0.0,138,2,1
77,1,1.0,3000.0,66,1,1
29,0,1.0,0.0,43,1,3
57,0,1.0,0.0,47,11,2
33,0,1.0,0.0,33,2,3
48,1,1.0,37076.0,43,2,1
52,0,0.9232876712328767,0.0,33,2,1
43,0,0.852054794520548,0.0,78,6,1
64,1,1.0,127007.0,110,1,3
74,0,1.0,0.0,37,2,1
38,0,1.0,0.0,39,6,1
74,0,1.0,0.0,30,1,1
52,0,1.0,0.0,59,1,1
81,0,1.0,0.0,65,7,1
35,0,1.0,0.0,39,1,2
59,0,1.0,0.0,40,1,2
44,0,1.0,0.0,33,14,1
77,0,1.0,0.0,47,2,2
37,0,0.44931506849315067,0.0,66,1,1
70,0,1.0,0.0,40,1,3
57,0,1.0,0.0,95,1,1
30,0,0.18904109589041096,0.0,55,5,2
43,0,1.0,0.0,60,10,2
64,0,1.0,0.0,33,2,1
24,1,1.0,5185.0,108,2,1
26,0,0.6876712328767123,0.0,66,4,3
37,1,1.0,6994.0,43,5,1
56,0,1.0,0.0,63,2,2
62,0,1.0,0.0,55,1,1
26,1,1.0,65283.0,55,1,1
35,0,0.5808219178082191,0.0,82,1,1
35,0,1.0,0.0,43,9,3
26,0,0.9068493150684932,0.0,40,1,1
47,1,0.5863013698630137,4040.0,73,1,1
51,0,1.0,0.0,36,2,3
72,0,1.0,0.0,37,1,1
55,1,0.8438356164383561,2607.0,60,5,1
56,1,0.736986301369863,6066.0,32,2,1
65,0,1.0,0.0,93,1,2
36,0,1.0,0.0,32,2,2
35,0,1.0,0.0,63,1,2
66,0,1.0,0.0,32,1,2
49,0,0.536986301369863,0.0,75,6,3
28,0,0.6657534246575343,0.0,55,2,1
39,0,1.0,0.0,44,1,3
53,0,1.0,0.0,62,1,3
69,0,1.0,0.0,50,1,2
50,0,1.0,0.0,58,2,1
47,0,1.0,0.0,75,8,2
32,1,1.0,2650.0,73,1,3
67,0,1.0,0.0,77,10,3
55,0,1.0,0.0,68,2,1
53,0,1.0,0.0,44,2,3
47,0,1.0,0.0,39,1,1
80,0,1.0,0.0,53,1,2
33,0,1.0,0.0,53,10,1
45,0,1.0,0.0,51,8,1
54,0,1.0,0.0,70,19,2
62,0,0.5643835616438356,0.0,65,5,3
36,0,1.0,0.0,60,2,2
51,0,1.0,0.0,37,1,2
59,0,1.0,0.0,48,2,2
47,0,1.0,0.0,48,1,3
40,1,0.33424657534246577,200.0,33,2,3
32,0,0.273972602739726,0.0,40,7,1
46,0,1.0,0.0,85,2,2
40,0,1.0,0.0,45,1,3
50,0,1.0,0.0,66,1,1
64,0,1.0,0.0,44,3,1
73,0,1.0,0.0,36,8,3
50,0,1.0,0.0,55,9,1
71,0,1.0,0.0,39,1,3
48,0,1.0,0.0,44,1,2
70,0,1.0,0.0,40,1,2
43,1,0.8383561643835616,3405.0,33,1,3
39,1,0.4958904109589041,15000.0,46,5,2
69,0,1.0,0.0,136,1,3
24,0,0.4136986301369863,0.0,41,1,1
48,0,1.0,0.0,44,1,1
53,1,1.0,57540.0,40,11,3
58,0,0.4794520547945205,0.0,25,2,2
35,0,0.16712328767123288,0.0,66,1,3
77,0,1.0,0.0,68,1,3
32,0,1.0,0.0,51,4,1
51,0,0.16712328767123288,0.0,69,4,1
24,2,1.0,115080.0,44,5,1
45,0,1.0,0.0,65,1,1
36,0,1.0,0.0,60,9,1
64,0,1.0,0.0,44,2,3
49,0,1.0,0.0,66,12,3
21,0,1.0,0.0,38,11,2
31,0,1.0,0.0,72,7,1
25,0,1.0,0.0,48,1,2
35,0,0.7479452054794521,0.0,55,10,1
45,0,1.0,0.0,85,1,3
38,0,1.0,0.0,44,11,1
51,0,1.0,0.0,75,8,1
45,0,1.0,0.0,66,12,2
66,1,0.4794520547945205,893293.0,82,1,1
34,0,1.0,0.0,66,2,3
55,0,1.0,0.0,51,2,1
33,0,1.0,0.0,55,4,1
27,0,1.0,0.0,50,1,3
45,0,1.0,0.0,95,2,1
35,0,0.13424657534246576,0.0,65,1,2
49,0,1.0,0.0,51,1,3
40,0,1.0,0.0,44,4,1
53,0,1.0,0.0,44,1,3
77,0,1.0,0.0,65,2,3
40,0,1.0,0.0,55,11,3
38,0,0.4410958904109589,0.0,43,2,1
30,0,1.0,0.0,102,11,3
44,0,1.0,0.0,46,2,2
54,0,1.0,0.0,55,7,1
57,1,1.0,57630.0,83,12,1
82,0,0.04657534246575343,0.0,66,1,2
34,0,1.0,0.0,66,2,1
52,0,1.0,0.0,40,1,3
44,1,1.0,64800.0,43,1,2
47,0,1.0,0.0,69,1,1
31,0,0.5780821917808219,0.0,44,4,1
42,0,1.0,0.0,34,1,2
67,0,1.0,0.0,83,2,2
44,0,0.08493150684931507,0.0,33,4,1
48,0,1.0,0.0,65,1,2
43,0,1.0,0.0,44,7,1
30,0,1.0,0.0,90,4,1
57,0,1.0,0.0,55,1,3
55,0,1.0,0.0,90,12,1
25,1,1.0,5850.0,60,3,3
72,0,1.0,0.0,48,1,1
52,0,0.9726027397260274,0.0,53,12,3
75,0,1.0,0.0,41,13,3
51,0,0.13150684931506848,0.0,55,1,1
50,0,0.5452054794520548,0.0,66,1,1
46,0,1.0,0.0,44,9,3
28,0,0.1589041095890411,0.0,51,1,3
25,0,1.0,0.0,54,1,2
38,0,1.0,0.0,90,5,3
75,0,1.0,0.0,48,8,3
31,0,0.589041095890411,0.0,53,11,2
41,0,0.7698630136986301,0.0,55,7,3
33,0,1.0,0.0,43,2,2
67,0,1.0,0.0,40,10,3
53,0,1.0,0.0,55,1,1
31,0,0.024657534246575342,0.0,33,1,1
64,0,1.0,0.0,42,3,3
57,0,1.0,0.0,40,3,2
70,0,1.0,0.0,77,7,3
37,0,1.0,0.0,85,1,3
25,1,0.32602739726027397,6922.0,29,12,2
74,0,1.0,0.0,43,2,2
24,0,1.0,0.0,77,6,2
43,0,1.0,0.0,84,11,3
48,1,1.0,17085.0,60,10,1
43,0,1.0,0.0,36,9,2
38,0,1.0,0.0,58,11,1
52,0,1.0,0.0,60,4,1
59,0,1.0,0.0,33,1,3
38,1,1.0,51312.0,73,6,2
29,0,1.0,0.0,40,2,1
32,0,1.0,0.0,44,5,3
82,0,1.0,0.0,43,1,2
43,0,1.0,0.0,60,3,1
68,0,1.0,0.0,33,1,1
60,0,1.0,0.0,33,1,1
34,0,1.0,0.0,66,3,2
24,0,1.0,0.0,110,2,1
58,0,1.0,0.0,60,1,2
51,0,0.4849315068493151,0.0,71,6,1
44,0,1.0,0.0,59,10,2
54,0,1.0,0.0,74,12,2
77,0,1.0,0.0,51,1,2
50,0,1.0,0.0,21,2,2
53,0,1.0,0.0,44,1,1
50,0,1.0,0.0,77,3,3
48,0,0.15616438356164383,0.0,40,11,3
44,0,0.3287671232876712,0.0,33,17,1
35,0,0.21643835616438356,0.0,54,3,3
25,0,1.0,0.0,55,1,1
43,0,0.7479452054794521,0.0,40,1,1
72,0,0.36164383561643837,0.0,18,4,2
43,2,0.6821917808219178,17873.0,90,7,2
61,0,1.0,0.0,40,1,3
35,0,0.06027397260273973,0.0,66,12,1
74,0,0.4767123287671233,0.0,43,4,3
40,0,1.0,0.0,91,4,1
62,0,1.0,0.0,51,6,1
53,0,1.0,0.0,40,1,2
60,0,1.0,0.0,55,1,3
25,0,0.005479452054794521,0.0,60,1,1
38,0,1.0,0.0,60,3,2
28,0,0.01643835616438356,0.0,55,8,1
53,0,0.7671232876712328,0.0,43,1,1
41,0,1.0,0.0,44,2,1
22,0,1.0,0.0,42,4,3
72,1,1.0,6922.0,33,12,1
53,0,1.0,0.0,57,3,1
30,1,0.6164383561643836,3328.0,37,2,1
41,1,1.0,156401.0,55,7,1
26,0,1.0,0.0,54,4,2
50,0,1.0,0.0,73,12,3
41,0,0.28493150684931506,0.0,55,5,1
26,0,1.0,0.0,34,2,1
31,0,1.0,0.0,40,1,1
64,1,1.0,2602.0,58,2,2
24,0,0.8301369863013699,0.0,96,3,2
49,0,1.0,0.0,40,13,2
28,0,1.0,0.0,48,2,1
53,0,1.0,0.0,66,2,1
64,0,0.7561643835616438,0.0,33,2,1
74,1,0.8575342465753425,15030.0,40,1,2
41,0,1.0,0.0,52,2,3
57,0,0.26301369863013696,0.0,49,10,3
51,0,0.9260273972602739,0.0,60,1,1
20,0,1.0,0.0,99,1,1
55,0,1.0,0.0,85,2,3
27,0,1.0,0.0,51,6,2
42,0,1.0,0.0,70,3,3
39,0,0.4136986301369863,0.0,66,1,3
77,0,1.0,0.0,59,1,2
76,0,1.0,0.0,66,6,1
60,0,0.7287671232876712,0.0,38,2,1
48,0,1.0,0.0,43,1,1
63,0,1.0,0.0,61,2,1
67,1,0.9616438356164384,25159.0,53,6,3
53,0,1.0,0.0,43,12,3
50,0,1.0,0.0,60,14,1
36,0,0.7315068493150685,0.0,77,2,3
45,0,1.0,0.0,66,2,1
30,0,1.0,0.0,55,1,2
44,0,1.0,0.0,36,1,3
76,0,1.0,0.0,99,8,3
50,0,0.07397260273972603,0.0,91,1,1
70,0,0.7013698630136986,0.0,37,1,1
25,1,0.7479452054794521,2687.0,46,1,1
30,0,0.2,0.0,50,16,0
38,0,0.07123287671232877,0.0,70,3,1
71,0,1.0,0.0,51,2,3
49,0,1.0,0.0,65,1,2
60,0,1.0,0.0,40,1,2
27,0,1.0,0.0,60,1,1
39,1,0.9452054794520548,205000.0,40,1,1
47,0,1.0,0.0,62,1,0
33,0,0.0027397260273972603,0.0,33,2,1
49,0,1.0,0.0,81,10,2
54,0,1.0,0.0,44,7,1
69,0,1.0,0.0,40,12,3
26,0,1.0,0.0,29,14,1
84,0,1.0,0.0,47,1,2
51,0,1.0,0.0,48,10,1
42,0,1.0,0.0,40,3,1
31,0,0.6657534246575343,0.0,65,2,1
48,0,1.0,0.0,57,1,1
37,1,1.0,6594.0,68,1,1
57,0,0.2,0.0,29,6,2
41,0,1.0,0.0,62,1,1
72,2,1.0,12584.0,77,4,2
25,0,1.0,0.0,66,12,3
75,0,1.0,0.0,53,11,2
51,0,0.3287671232876712,0.0,90,6,1
37,0,0.3726027397260274,0.0,25,4,2
37,0,1.0,0.0,48,1,3
63,0,1.0,0.0,51,1,2
23,0,0.26301369863013696,0.0,36,1,1
51,0,1.0,0.0,54,11,3
46,0,1.0,0.0,55,7,3
69,0,1.0,0.0,33,1,1
34,1,1.0,2765.0,40,1,1
68,0,1.0,0.0,55,1,1
56,0,0.7424657534246575,0.0,55,12,3
49,0,0.36164383561643837,0.0,51,1,3
33,0,0.5808219178082191,0.0,40,6,3
36,0,1.0,0.0,90,1,2
55,0,1.0,0.0,44,11,1
68,0,1.0,0.0,51,1,2
52,0,1.0,0.0,41,8,1
35,1,1.0,26131.0,92,11,2
52,0,0.1780821917808219,0.0,51,1,1
63,0,1.0,0.0,40,2,2
25,0,1.0,0.0,60,1,2
74,0,1.0,0.0,66,6,1
47,0,0.4602739726027397,0.0,141,2,1
33,0,1.0,0.0,66,1,1
27,0,1.0,0.0,43,1,2
31,0,1.0,0.0,32,10,2
34,0,0.16164383561643836,0.0,85,2,1
37,1,1.0,57540.0,50,2,2
67,2,1.0,5772.0,66,11,2
37,0,1.0,0.0,66,1,2
36,0,1.0,0.0,47,1,1
82,0,1.0,0.0,44,1,2
57,0,0.3917808219178082,0.0,210,1,1
69,1,1.0,64362.0,60,2,1
34,1,0.2273972602739726,128894.0,43,7,3
36,0,0.3315068493150685,0.0,85,4,3
51,1,0.6191780821917808,82303.0,90,1,3
83,0,1.0,0.0,40,1,2
72,0,1.0,0.0,46,4,1
61,0,0.7232876712328767,0.0,90,2,3
38,0,0.663013698630137,0.0,66,1,1
51,0,1.0,0.0,52,1,2
47,0,1.0,0.0,53,2,2
62,0,0.2876712328767123,0.0,64,1,1
69,0,1.0,0.0,51,2,3
47,0,1.0,0.0,29,2,1
61,0,1.0,0.0,55,3,1
62,0,1.0,0.0,63,11,1
36,0,1.0,0.0,40,2,3
58,0,1.0,0.0,55,2,1
32,0,0.14246575342465753,0.0,85,1,2
37,0,1.0,0.0,55,1,3
44,0,0.8328767123287671,0.0,65,13,1
37,0,1.0,0.0,43,3,2
66,0,1.0,0.0,69,7,2
33,0,1.0,0.0,47,8,3
49,0,1.0,0.0,55,2,1
45,0,1.0,0.0,66,10,1
38,0,0.34794520547945207,0.0,37,1,0
25,0,1.0,0.0,43,2,2
67,1,0.3698630136986301,3168.0,85,1,2
56,0,1.0,0.0,43,7,3
26,0,1.0,0.0,34,2,2
33,0,0.3698630136986301,0.0,83,6,1
32,0,1.0,0.0,27,1,2
65,0,1.0,0.0,55,5,3
32,0,1.0,0.0,33,10,3
36,0,0.6520547945205479,0.0,66,12,2
79,1,1.0,61414.0,40,5,1
54,1,1.0,128124.0,34,1,1
50,0,1.0,0.0,60,9,2
51,0,1.0,0.0,67,2,3
31,0,1.0,0.0,49,6,1
59,0,1.0,0.0,112,1,1
25,0,0.6082191780821918,0.0,55,9,1
28,0,1.0,0.0,82,1,2
42,0,1.0,0.0,100,6,2
47,1,1.0,5324.0,51,5,3
71,0,1.0,0.0,40,4,1
31,0,0.273972602739726,0.0,41,11,2
55,0,1.0,0.0,37,1,1
60,0,1.0,0.0,74,1,2
62,0,1.0,0.0,65,10,2
24,0,0.17534246575342466,0.0,68,1,2
43,0,0.8410958904109589,0.0,85,1,2
67,0,1.0,0.0,44,1,3
29,0,1.0,0.0,66,2,3
72,1,1.0,3721.0,50,1,1
40,0,1.0,0.0,44,11,3
35,1,0.3452054794520548,547291.0,43,2,3
29,0,1.0,0.0,40,1,1
32,0,0.9698630136986301,0.0,39,12,3
67,0,1.0,0.0,66,2,2
50,0,1.0,0.0,51,12,3
60,0,1.0,0.0,65,2,1
24,1,1.0,3606.0,44,1,2
35,0,1.0,0.0,110,1,1
40,0,1.0,0.0,55,12,2
74,1,1.0,49668.0,39,5,1
49,0,1.0,0.0,47,1,1
56,0,1.0,0.0,65,1,1
73,0,1.0,0.0,65,2,3
36,0,1.0,0.0,65,1,2
36,0,1.0,0.0,50,11,3
23,0,1.0,0.0,40,12,1
50,0,1.0,0.0,65,2,1
28,0,1.0,0.0,55,12,2
32,2,0.8027397260273973,20153842.0,66,11,1
26,0,0.9945205479452055,0.0,115,6,3
33,0,0.3041095890410959,0.0,51,6,1
55,0,1.0,0.0,38,1,2
31,1,1.0,6498.0,75,1,1
71,0,1.0,0.0,66,2,1
39,0,1.0,0.0,40,2,2
23,1,0.16164383561643836,780.0,44,2,1
31,1,0.9041095890410958,56481.0,55,1,1
72,0,1.0,0.0,48,1,1
30,0,1.0,0.0,66,1,3
27,0,1.0,0.0,57,1,1
54,0,1.0,0.0,65,7,2
43,0,1.0,0.0,85,8,2
51,0,0.6986301369863014,0.0,47,2,1
69,1,1.0,66550.0,70,4,3
23,0,0.4465753424657534,0.0,66,9,1
57,0,1.0,0.0,44,2,3
68,0,1.0,0.0,60,6,3
56,1,1.0,5850.0,39,1,3
32,0,1.0,0.0,39,6,1
53,0,1.0,0.0,47,1,2
25,1,1.0,3108.0,47,16,1
34,0,1.0,0.0,38,1,1
71,0,1.0,0.0,58,1,1
62,0,1.0,0.0,43,14,1
50,0,1.0,0.0,80,11,1
36,0,0.6438356164383562,0.0,97,12,2
48,0,1.0,0.0,84,3,2
63,0,0.07671232876712329,0.0,65,3,3
47,0,1.0,0.0,60,6,1
25,0,1.0,0.0,66,1,1
40,0,1.0,0.0,110,8,2
50,0,1.0,0.0,68,1,1
34,0,1.0,0.0,39,1,2
51,0,0.010958904109589041,0.0,51,2,3
31,0,1.0,0.0,85,16,3
84,0,0.2684931506849315,0.0,77,1,3
73,0,1.0,0.0,55,10,1
40,0,1.0,0.0,100,3,3
58,0,0.473972602739726,0.0,68,2,3
38,0,1.0,0.0,40,1,2
37,1,1.0,5850.0,44,11,3
42,0,0.3287671232876712,0.0,37,1,3
44,0,1.0,0.0,85,1,1
44,0,1.0,0.0,66,1,1
30,0,0.1863013698630137,0.0,55,1,2
43,1,0.9287671232876712,6292.0,40,1,1
31,0,0.9671232876712329,0.0,54,3,0
32,0,1.0,0.0,51,4,2
48,1,1.0,10890.0,51,2,3
61,0,1.0,0.0,65,3,1
51,0,1.0,0.0,73,1,1
63,0,1.0,0.0,90,5,2
47,0,1.0,0.0,50,1,1
29,0,1.0,0.0,54,11,1
44,0,1.0,0.0,40,3,3
45,0,1.0,0.0,38,1,3
31,0,1.0,0.0,48,12,1
37,0,1.0,0.0,110,7,2
59,0,0.673972602739726,0.0,43,2,2
53,1,1.0,5324.0,33,4,1
30,0,0.03287671232876712,0.0,49,2,1
35,0,1.0,0.0,55,1,3
47,0,1.0,0.0,80,2,1
25,1,1.0,57540.0,40,1,2
34,0,1.0,0.0,53,1,1
48,0,0.5041095890410959,0.0,60,6,3
25,0,1.0,0.0,44,3,2
40,0,1.0,0.0,39,6,3
47,0,0.16164383561643836,0.0,44,12,2
67,0,0.8082191780821918,0.0,39,3,3
39,0,1.0,0.0,54,23,1
63,0,1.0,0.0,37,5,3
41,0,1.0,0.0,48,1,1
52,0,1.0,0.0,63,2,3
44,0,1.0,0.0,55,3,3
53,0,1.0,0.0,75,1,3
38,0,1.0,0.0,70,5,1
42,0,1.0,0.0,51,1,2
47,0,1.0,0.0,55,11,1
54,0,1.0,0.0,55,12,1
59,0,1.0,0.0,37,7,3
39,0,1.0,0.0,29,8,2
48,0,1.0,0.0,65,3,1
50,0,1.0,0.0,53,1,2
35,0,1.0,0.0,62,1,3
38,0,0.2602739726027397,0.0,50,2,2
28,2,1.0,60147.0,42,1,2
65,0,1.0,0.0,85,2,2
51,0,1.0,0.0,29,15,3
58,0,1.0,0.0,85,1,1
57,0,0.0821917808219178,0.0,55,1,2
49,0,1.0,0.0,44,1,1
28,0,1.0,0.0,85,4,1
59,1,1.0,200.0,46,2,3
40,0,0.9753424657534246,0.0,85,5,3
27,0,1.0,0.0,64,1,1
49,0,0.5041095890410959,0.0,54,6,2
29,0,1.0,0.0,83,1,1
39,0,0.6931506849315069,0.0,162,2,2
51,0,0.9260273972602739,0.0,54,1,1
40,0,0.7150684931506849,0.0,60,5,3
44,0,0.23013698630136986,0.0,55,1,1
29,2,0.7835616438356164,77777.0,66,11,1
39,0,1.0,0.0,40,1,2
34,0,0.2958904109589041,0.0,42,3,1
40,1,0.4931506849315068,5850.0,40,2,2
35,0,0.9013698630136986,0.0,66,2,1
33,0,1.0,0.0,41,11,2
34,0,1.0,0.0,36,1,1
76,0,1.0,0.0,74,7,3
40,0,0.19452054794520549,0.0,48,2,2
53,0,1.0,0.0,40,11,2
40,0,1.0,0.0,69,1,2
64,0,1.0,0.0,93,12,3
60,0,1.0,0.0,136,1,3
38,0,1.0,0.0,47,3,2
36,0,1.0,0.0,44,2,3
39,0,1.0,0.0,60,2,1
37,0,0.5232876712328767,0.0,46,14,1
56,0,0.136986301369863,0.0,66,10,1
87,0,1.0,0.0,53,1,1
51,0,1.0,0.0,57,10,3
45,0,1.0,0.0,44,2,1
37,0,1.0,0.0,40,1,1
34,0,1.0,0.0,47,1,1
36,0,1.0,0.0,44,1,1
26,0,1.0,0.0,75,2,2
76,0,0.7506849315068493,0.0,40,6,2
30,0,1.0,0.0,51,6,2
45,0,1.0,0.0,55,6,2
42,0,1.0,0.0,33,1,1
33,0,1.0,0.0,108,12,2
66,0,1.0,0.0,70,2,2
69,0,1.0,0.0,47,1,1
37,0,1.0,0.0,66,2,1
39,1,1.0,7108.0,44,1,2
22,0,0.8082191780821918,0.0,66,2,2
59,0,1.0,0.0,55,2,2
52,1,1.0,2607.0,85,1,1
29,0,1.0,0.0,54,8,3
37,0,1.0,0.0,81,6,2
59,0,1.0,0.0,40,1,3
36,0,1.0,0.0,55,4,1
55,0,1.0,0.0,44,3,1
77,0,1.0,0.0,103,1,1
54,0,1.0,0.0,40,1,2
51,1,1.0,43117.0,51,5,2
73,0,1.0,0.0,43,7,3
45,0,1.0,0.0,33,1,3
59,0,1.0,0.0,55,11,1
68,0,1.0,0.0,66,1,1
41,0,1.0,0.0,54,2,1
33,0,1.0,0.0,60,1,2
51,0,1.0,0.0,66,1,2
29,0,1.0,0.0,41,2,3
41,0,1.0,0.0,47,1,3
29,0,1.0,0.0,26,1,1
26,0,1.0,0.0,98,1,1
54,0,1.0,0.0,43,1,3
39,0,1.0,0.0,46,1,1
29,0,1.0,0.0,70,3,3
28,0,1.0,0.0,55,3,1
58,0,1.0,0.0,85,6,1
28,0,1.0,0.0,32,1,3
35,0,0.915068493150685,0.0,40,6,2
53,0,0.7945205479452054,0.0,85,6,2
23,0,1.0,0.0,76,2,2
82,0,0.29315068493150687,0.0,66,2,1
47,0,1.0,0.0,81,2,3
45,0,1.0,0.0,33,1,2
42,0,0.16712328767123288,0.0,55,1,1
77,0,1.0,0.0,37,1,1
51,1,1.0,57780.0,85,11,1
35,0,0.15342465753424658,0.0,44,3,3
32,0,1.0,0.0,45,6,1
47,0,1.0,0.0,43,1,3
71,0,1.0,0.0,40,1,2
27,0,0.9287671232876712,0.0,40,9,3
54,0,1.0,0.0,42,1,1
25,1,0.3972602739726027,93514.0,33,3,2
26,1,1.0,38442.0,40,2,1
29,0,1.0,0.0,55,1,2
39,0,0.7506849315068493,0.0,66,1,2
65,0,1.0,0.0,52,12,2
41,0,1.0,0.0,57,1,2
77,0,1.0,0.0,60,1,1
44,0,1.0,0.0,40,10,2
39,0,1.0,0.0,93,1,3
69,0,0.16712328767123288,0.0,100,8,2
67,0,0.31232876712328766,0.0,37,1,1
75,0,1.0,0.0,87,12,1
32,0,0.6493150684931507,0.0,65,10,1
23,0,1.0,0.0,60,7,3
26,0,1.0,0.0,87,14,3
38,0,1.0,0.0,55,2,1
45,0,1.0,0.0,55,1,1
46,0,1.0,0.0,110,19,3
28,0,0.9178082191780822,0.0,137,4,3
62,0,0.04657534246575343,0.0,87,2,3
46,0,1.0,0.0,33,2,1
51,0,1.0,0.0,50,1,2
29,1,1.0,96546.0,44,1,3
54,0,1.0,0.0,47,1,1
62,0,1.0,0.0,59,1,1
68,0,1.0,0.0,65,1,1
26,0,1.0,0.0,34,1,1
33,0,0.9342465753424658,0.0,66,1,3
28,0,1.0,0.0,32,7,1
61,0,0.4958904109589041,0.0,40,2,3
52,0,1.0,0.0,54,4,3
54,0,1.0,0.0,65,6,2
69,0,1.0,0.0,32,2,2
64,0,1.0,0.0,40,11,3
49,0,1.0,0.0,51,1,2
39,0,1.0,0.0,55,12,2
75,1,1.0,5990.0,63,1,2
39,0,1.0,0.0,65,4,2
47,0,1.0,0.0,40,4,1
23,0,1.0,0.0,65,8,2
30,1,1.0,2505.0,44,12,2
33,0,1.0,0.0,40,1,1
29,0,1.0,0.0,32,6,2
26,0,0.6684931506849315,0.0,100,10,1
37,1,1.0,96141.0,40,5,1
25,0,1.0,0.0,84,1,1
69,0,1.0,0.0,52,1,3
39,0,1.0,0.0,36,15,3
58,1,1.0,75832.0,33,11,1
28,0,1.0,0.0,47,9,1
31,0,0.4958904109589041,0.0,57,7,1
37,0,1.0,0.0,33,1,1
52,0,1.0,0.0,51,6,1
32,2,0.5753424657534246,2974.0,74,8,2
71,0,0.3150684931506849,0.0,44,1,3
73,0,0.1589041095890411,0.0,62,1,3
47,0,1.0,0.0,40,6,1
51,0,0.4136986301369863,0.0,54,1,1
47,0,1.0,0.0,40,2,1
42,0,0.3287671232876712,0.0,66,1,2
49,0,1.0,0.0,61,1,2
69,0,1.0,0.0,40,4,3
78,0,0.16164383561643836,0.0,55,2,2
29,1,1.0,188053.0,53,2,1
27,0,1.0,0.0,40,1,2
34,1,1.0,2694.0,66,1,1
50,0,1.0,0.0,63,1,2
47,0,1.0,0.0,69,2,2
30,0,1.0,0.0,33,1,1
44,0,1.0,0.0,55,2,2
25,1,1.0,4452.0,90,5,3
33,0,0.5013698630136987,0.0,60,5,3
41,0,0.06027397260273973,0.0,69,1,2
37,0,1.0,0.0,53,1,3
70,0,0.39452054794520547,0.0,55,1,3
56,0,1.0,0.0,66,1,3
47,1,0.5397260273972603,57540.0,43,4,1
39,0,1.0,0.0,50,1,2
48,0,0.1643835616438356,0.0,90,4,2
32,0,1.0,0.0,69,2,1
54,0,0.17534246575342466,0.0,77,1,2
55,0,1.0,0.0,39,1,1
50,0,1.0,0.0,55,1,2
61,0,0.3150684931506849,0.0,63,1,1
49,0,1.0,0.0,40,3,2
32,0,1.0,0.0,55,1,1
23,0,1.0,0.0,40,1,3
35,0,0.21643835616438356,0.0,33,1,3
62,0,1.0,0.0,33,1,3
65,0,1.0,0.0,43,2,2
54,0,1.0,0.0,85,6,3
30,0,0.6684931506849315,0.0,40,3,3
62,0,1.0,0.0,85,8,3
45,0,1.0,0.0,60,1,2
38,0,0.4136986301369863,0.0,55,2,1
56,0,0.0958904109589041,0.0,80,1,2
27,0,1.0,0.0,83,2,2
50,0,1.0,0.0,70,2,2
47,0,1.0,0.0,66,12,1
45,1,1.0,2607.0,43,2,1
39,0,1.0,0.0,55,8,1
33,0,1.0,0.0,55,1,1
35,0,1.0,0.0,55,2,3
66,0,1.0,0.0,50,1,2
29,0,1.0,0.0,43,2,1
36,0,1.0,0.0,53,1,3
65,0,0.13424657534246576,0.0,39,1,3
43,0,0.6136986301369863,0.0,69,1,3
33,0,1.0,0.0,33,10,2
52,0,1.0,0.0,38,2,2
30,0,1.0,0.0,37,11,3
54,0,0.7479452054794521,0.0,66,11,2
34,0,1.0,0.0,43,2,1
66,0,0.024657534246575342,0.0,34,1,1
58,0,0.11506849315068493,0.0,33,1,2
59,0,1.0,0.0,33,1,1
58,0,1.0,0.0,90,1,1
37,1,1.0,4598.0,66,7,2
60,0,1.0,0.0,48,1,1
32,0,0.10684931506849316,0.0,53,2,2
88,0,1.0,0.0,67,1,3
55,0,1.0,0.0,33,1,2
71,0,1.0,0.0,97,1,1
59,0,1.0,0.0,40,2,2
42,0,1.0,0.0,90,10,1
33,1,1.0,57540.0,44,3,1
51,1,1.0,204428.0,55,2,2
27,0,0.06575342465753424,0.0,40,3,2
46,1,1.0,2634.0,68,12,3
74,0,1.0,0.0,66,12,1
39,0,1.0,0.0,29,2,2
53,0,1.0,0.0,51,8,3
70,0,0.4794520547945205,0.0,54,7,1
52,0,1.0,0.0,40,2,1
74,0,1.0,0.0,33,1,3
62,0,1.0,0.0,66,5,2
72,0,1.0,0.0,33,5,1
44,1,1.0,3951.0,80,5,3
48,0,0.33972602739726027,0.0,70,5,2
33,0,1.0,0.0,55,9,2
77,0,1.0,0.0,40,6,3
58,0,0.8027397260273973,0.0,46,6,2
46,0,1.0,0.0,47,12,1
76,0,0.038356164383561646,0.0,60,7,1
35,0,1.0,0.0,47,5,2
68,0,1.0,0.0,91,1,3
35,1,0.6410958904109589,38120.0,90,1,2
43,0,1.0,0.0,44,1,2
50,0,1.0,0.0,69,6,1
33,0,0.8767123287671232,0.0,26,7,1
50,0,1.0,0.0,85,1,1
36,0,0.26301369863013696,0.0,65,3,1
52,0,1.0,0.0,44,4,1
43,1,1.0,65875.0,31,11,1
52,0,1.0,0.0,66,2,2
52,0,0.6301369863013698,0.0,74,6,1
47,0,1.0,0.0,83,1,2
72,0,1.0,0.0,53,2,3
44,1,1.0,3000.0,55,6,1
32,0,1.0,0.0,40,11,3
54,0,1.0,0.0,29,1,3
25,0,1.0,0.0,70,1,1
36,0,1.0,0.0,66,1,2
43,0,1.0,0.0,40,1,0
45,0,1.0,0.0,47,6,1
47,0,1.0,0.0,29,1,1
65,0,1.0,0.0,43,12,2
24,0,1.0,0.0,37,1,1
50,0,0.4684931506849315,0.0,60,1,1
53,0,1.0,0.0,21,2,1
68,0,1.0,0.0,55,6,1
50,0,1.0,0.0,55,2,1
29,0,1.0,0.0,40,5,1
28,0,1.0,0.0,55,1,2
34,0,0.821917808219178,0.0,55,18,3
38,0,0.25205479452054796,0.0,43,7,1
66,0,1.0,0.0,44,2,1
50,0,1.0,0.0,47,1,2
77,0,1.0,0.0,55,1,3
49,0,1.0,0.0,65,1,2
68,0,1.0,0.0,75,1,1
74,0,1.0,0.0,55,1,1
57,0,1.0,0.0,61,10,1
62,0,1.0,0.0,34,6,3
35,0,1.0,0.0,59,8,3
41,0,0.038356164383561646,0.0,85,3,3
33,0,1.0,0.0,56,5,1
24,0,0.9123287671232877,0.0,48,1,2
68,1,1.0,403616.0,34,1,2
34,0,1.0,0.0,46,1,1
32,0,1.0,0.0,66,2,1
60,0,1.0,0.0,44,5,3
40,0,1.0,0.0,47,13,2
68,0,1.0,0.0,33,1,1
53,0,1.0,0.0,33,1,3
35,1,1.0,2706.0,91,1,3
36,0,0.1178082191780822,0.0,55,6,2
46,0,1.0,0.0,90,8,1
48,0,1.0,0.0,66,2,1
68,0,1.0,0.0,47,2,3
34,0,1.0,0.0,35,2,1
60,0,1.0,0.0,46,1,1
59,0,0.33424657534246577,0.0,55,1,2
46,0,0.9561643835616438,0.0,51,12,3
66,0,1.0,0.0,53,2,1
42,0,1.0,0.0,55,1,3
39,0,1.0,0.0,43,7,2
58,0,1.0,0.0,44,11,1
51,0,0.8849315068493151,0.0,54,1,3
68,0,1.0,0.0,39,6,1
25,0,1.0,0.0,40,10,1
38,0,1.0,0.0,96,1,1
42,0,1.0,0.0,40,11,3
31,1,1.0,30244.0,47,3,2
37,0,0.9561643835616438,0.0,43,8,3
64,0,1.0,0.0,61,7,1
51,0,1.0,0.0,55,1,3
46,0,0.7506849315068493,0.0,55,6,1
37,0,1.0,0.0,66,8,1
36,2,1.0,12802.0,43,5,1
57,0,1.0,0.0,40,2,1
44,1,1.0,64791.0,66,3,3
73,0,1.0,0.0,134,12,3
57,0,0.052054794520547946,0.0,65,1,3
66,0,0.2493150684931507,0.0,50,10,2
47,1,1.0,56481.0,60,5,1
47,0,1.0,0.0,55,2,3
43,0,1.0,0.0,68,11,2
28,0,1.0,0.0,51,10,1
47,0,1.0,0.0,66,1,3
55,0,1.0,0.0,40,12,3
73,0,1.0,0.0,62,2,1
57,0,1.0,0.0,79,4,2
37,0,1.0,0.0,58,9,3
65,0,0.915068493150685,0.0,55,1,3
28,0,1.0,0.0,37,5,2
44,0,1.0,0.0,52,7,1
34,0,1.0,0.0,66,1,1
31,0,0.9671232876712329,0.0,48,12,3
57,0,1.0,0.0,43,11,1
28,1,1.0,2856.0,44,2,1
37,0,1.0,0.0,40,13,3
37,0,1.0,0.0,47,4,2
53,0,1.0,0.0,66,5,1
50,0,1.0,0.0,60,9,2
86,0,1.0,0.0,44,3,2
64,0,1.0,0.0,55,1,2
28,0,1.0,0.0,33,12,1
64,0,1.0,0.0,47,6,3
47,0,1.0,0.0,66,1,3
42,0,1.0,0.0,66,1,2
24,0,1.0,0.0,44,1,1
28,0,1.0,0.0,60,11,2
59,0,0.2958904109589041,0.0,55,1,3
49,0,1.0,0.0,55,1,1
54,1,1.0,5850.0,66,5,3
30,1,1.0,36300.0,39,1,2
33,0,1.0,0.0,65,2,1
31,0,1.0,0.0,85,3,3
24,0,1.0,0.0,70,1,1
38,0,1.0,0.0,40,5,1
28,0,1.0,0.0,57,1,2
66,0,1.0,0.0,37,1,1
66,0,1.0,0.0,92,3,3
49,0,1.0,0.0,40,5,3
48,0,1.0,0.0,53,2,1
38,0,0.21095890410958903,0.0,46,6,1
58,0,1.0,0.0,37,1,2
54,0,1.0,0.0,30,2,1
36,0,1.0,0.0,32,3,2
50,0,1.0,0.0,64,2,3
24,0,0.7397260273972602,0.0,48,8,3
72,0,1.0,0.0,40,5,3
39,0,1.0,0.0,64,1,3
33,0,0.24383561643835616,0.0,55,1,2
26,0,0.8876712328767123,0.0,80,12,1
73,0,1.0,0.0,51,1,1
52,0,1.0,0.0,58,2,2
44,0,1.0,0.0,69,2,3
59,0,1.0,0.0,54,2,1
44,0,1.0,0.0,77,2,1
46,0,1.0,0.0,63,1,2
59,0,1.0,0.0,32,1,3
23,0,0.9287671232876712,0.0,51,11,2
43,1,0.7890410958904109,126011.0,66,1,3
43,0,1.0,0.0,66,2,1
29,0,1.0,0.0,67,5,3
43,0,1.0,0.0,66,1,1
37,0,1.0,0.0,85,1,3
76,0,0.7479452054794521,0.0,53,1,2
31,1,1.0,5324.0,83,2,1
32,0,1.0,0.0,63,7,3
27,0,0.10410958904109589,0.0,40,2,1
37,0,1.0,0.0,80,2,1
38,0,0.6657534246575343,0.0,47,12,3
42,0,0.2465753424657534,0.0,51,1,2
68,1,1.0,63226.0,38,6,1
36,0,1.0,0.0,44,2,2
35,0,1.0,0.0,54,4,1
41,0,0.2054794520547945,0.0,40,1,3
51,0,1.0,0.0,55,1,1
48,0,0.9068493150684932,0.0,44,8,1
51,0,0.4904109589041096,0.0,33,21,1
23,0,0.7698630136986301,0.0,71,2,1
56,0,1.0,0.0,40,6,1
60,0,0.5835616438356165,0.0,66,6,1
41,0,0.052054794520547946,0.0,40,11,1
44,0,0.4958904109589041,0.0,66,1,1
54,1,1.0,2765.0,49,1,1
67,0,0.9123287671232877,0.0,85,6,3
56,0,0.4958904109589041,0.0,52,2,1
33,0,1.0,0.0,44,2,3
25,0,1.0,0.0,50,6,1
28,1,1.0,5240.0,47,1,1
39,0,1.0,0.0,50,1,3
41,0,1.0,0.0,44,1,1
38,0,1.0,0.0,74,6,1
48,0,1.0,0.0,51,2,3
47,0,1.0,0.0,65,1,1
65,0,1.0,0.0,36,13,1
29,0,0.08493150684931507,0.0,82,4,1
41,1,1.0,5324.0,64,6,3
64,0,1.0,0.0,90,1,1
29,0,0.3150684931506849,0.0,55,12,3
27,0,1.0,0.0,43,2,1
53,0,1.0,0.0,33,2,2
64,1,1.0,2607.0,40,4,2
65,0,0.21095890410958903,0.0,66,1,3
36,1,1.0,3197.0,66,2,3
64,0,0.7561643835616438,0.0,54,6,1
51,0,1.0,0.0,51,16,1
71,1,1.0,24500.0,40,10,1
48,0,1.0,0.0,39,1,3
54,0,1.0,0.0,57,7,1
47,0,0.3315068493150685,0.0,44,2,1
33,0,1.0,0.0,55,1,2
23,0,1.0,0.0,44,2,3
47,0,1.0,0.0,64,1,3
34,2,1.0,12862.0,47,1,1
56,0,1.0,0.0,47,1,2
35,0,1.0,0.0,40,5,2
24,1,1.0,6066.0,54,6,2
40,0,1.0,0.0,74,4,3
43,0,1.0,0.0,50,5,1
50,0,1.0,0.0,33,8,1
32,1,1.0,47677.0,170,8,1
34,0,1.0,0.0,66,12,1
41,0,0.2821917808219178,0.0,44,1,1
49,0,1.0,0.0,33,1,2
67,0,1.0,0.0,65,2,3
36,0,1.0,0.0,40,8,1
51,1,1.0,63072.0,39,6,1
42,0,1.0,0.0,100,8,3
42,0,1.0,0.0,40,1,3
38,0,1.0,0.0,125,5,3
62,0,1.0,0.0,53,5,1
39,0,1.0,0.0,40,1,2
61,0,1.0,0.0,66,1,1
64,0,1.0,0.0,81,2,2
40,0,1.0,0.0,65,9,1
33,1,1.0,2989.0,57,1,3
39,0,1.0,0.0,40,2,2
42,0,1.0,0.0,51,1,2
59,0,1.0,0.0,66,3,2
55,0,0.7041095890410959,0.0,43,2,3
25,0,1.0,0.0,66,1,3
38,0,0.7479452054794521,0.0,49,1,1
53,0,1.0,0.0,54,6,2
54,0,1.0,0.0,42,2,2
50,0,1.0,0.0,37,1,2
59,0,1.0,0.0,65,1,1
34,0,1.0,0.0,50,8,1
41,0,1.0,0.0,44,2,1
38,0,1.0,0.0,52,1,3
27,0,1.0,0.0,55,11,3
50,1,1.0,5850.0,44,12,1
52,0,1.0,0.0,55,1,2
47,0,1.0,0.0,65,12,1
23,0,1.0,0.0,44,1,1
27,0,1.0,0.0,59,4,3
30,0,1.0,0.0,65,8,3
49,2,1.0,6038.0,57,1,0
27,0,1.0,0.0,33,6,3
66,0,1.0,0.0,51,10,3
35,0,1.0,0.0,57,6,3
43,0,1.0,0.0,51,2,2
65,0,1.0,0.0,33,1,3
40,0,1.0,0.0,55,1,1
66,0,1.0,0.0,47,2,3
25,0,1.0,0.0,54,2,1
63,0,1.0,0.0,55,5,1
28,0,1.0,0.0,55,2,2
36,0,1.0,0.0,50,1,1
29,0,1.0,0.0,122,9,1
32,0,1.0,0.0,53,2,2
27,0,0.18356164383561643,0.0,43,4,2
54,1,1.0,57540.0,33,2,3
41,0,1.0,0.0,66,1,1
59,0,0.5506849315068493,0.0,66,5,2
37,0,1.0,0.0,65,1,1
23,0,1.0,0.0,33,5,2
60,0,1.0,0.0,43,1,1
44,0,0.4410958904109589,0.0,57,12,3
73,0,1.0,0.0,98,1,3
49,0,1.0,0.0,77,4,2
72,0,1.0,0.0,32,2,2
51,0,1.0,0.0,43,1,1
53,0,1.0,0.0,65,7,2
83,0,1.0,0.0,66,6,3
28,0,0.7972602739726027,0.0,66,9,1
37,0,1.0,0.0,55,1,3
35,0,0.9945205479452055,0.0,46,2,2
58,0,1.0,0.0,75,6,1
54,1,1.0,20577.0,48,1,2
27,0,1.0,0.0,65,1,3
29,0,0.8602739726027397,0.0,40,1,2
36,0,0.08493150684931507,0.0,55,15,3
46,0,0.852054794520548,0.0,85,9,3
65,0,1.0,0.0,51,2,1
48,0,1.0,0.0,44,1,2
30,0,0.06027397260273973,0.0,48,8,1
33,1,1.0,67946.0,65,1,1
56,0,1.0,0.0,33,2,1
76,0,1.0,0.0,40,1,2
51,0,1.0,0.0,66,2,1
52,1,1.0,277936.0,47,3,2
41,1,1.0,5324.0,40,1,1
67,0,1.0,0.0,55,1,2
40,0,0.473972602739726,0.0,66,9,1
24,1,0.410958904109589,66580.0,80,1,2
37,0,1.0,0.0,47,1,2
45,1,1.0,51540.0,50,9,1
58,0,1.0,0.0,60,2,1
46,0,1.0,0.0,40,10,1
52,0,1.0,0.0,104,2,2
48,0,1.0,0.0,63,11,3
37,0,0.26575342465753427,0.0,40,7,2
50,0,1.0,0.0,55,10,3
31,0,0.8821917808219178,0.0,55,8,1
42,0,1.0,0.0,33,3,2
32,1,1.0,61189.0,43,5,3
69,0,1.0,0.0,65,1,1
48,0,0.4246575342465753,0.0,41,1,2
51,0,1.0,0.0,55,12,1
48,0,1.0,0.0,33,1,1
49,0,0.08493150684931507,0.0,69,1,1
36,0,1.0,0.0,66,1,3
77,0,1.0,0.0,85,2,3
58,0,1.0,0.0,60,1,3
47,0,1.0,0.0,50,12,1
34,0,1.0,0.0,30,12,2
59,0,1.0,0.0,64,5,3
22,0,0.6657534246575343,0.0,43,2,1
49,0,0.4136986301369863,0.0,44,6,2
80,0,1.0,0.0,51,11,1
51,0,1.0,0.0,74,6,3
63,0,1.0,0.0,75,3,3
46,0,1.0,0.0,93,1,1
56,0,0.5397260273972603,0.0,63,1,1
67,0,1.0,0.0,51,3,3
42,0,1.0,0.0,62,1,1
57,0,1.0,0.0,66,2,0
71,0,1.0,0.0,65,1,1
41,0,1.0,0.0,97,6,3
26,0,1.0,0.0,98,5,1
22,0,1.0,0.0,60,2,2
45,0,0.7342465753424657,0.0,41,12,3
48,0,1.0,0.0,62,6,2
31,1,0.5780821917808219,7260.0,75,1,1
43,0,1.0,0.0,52,9,1
40,0,1.0,0.0,110,1,3
62,0,1.0,0.0,40,11,1
38,0,1.0,0.0,48,1,1
20,3,1.0,190722.0,85,1,2
74,0,1.0,0.0,55,1,2
83,0,1.0,0.0,53,1,2
39,0,1.0,0.0,40,6,1
68,0,1.0,0.0,36,6,1
27,1,1.0,4452.0,44,2,2
48,0,1.0,0.0,66,5,2
72,0,1.0,0.0,55,3,0
29,0,0.00821917808219178,0.0,54,6,1
45,0,0.6657534246575343,0.0,60,4,3
46,0,1.0,0.0,44,8,1
47,0,1.0,0.0,142,8,1
33,0,1.0,0.0,66,1,1
33,0,1.0,0.0,100,1,2
31,0,1.0,0.0,81,2,2
36,2,1.0,115080.0,66,2,1
83,1,1.0,57540.0,47,4,2
46,0,1.0,0.0,39,6,1
47,0,0.852054794520548,0.0,60,6,2
48,0,1.0,0.0,40,7,1
41,0,0.4821917808219178,0.0,40,1,3
33,0,1.0,0.0,55,1,3
73,0,1.0,0.0,60,2,1
47,0,1.0,0.0,85,2,2
61,0,1.0,0.0,49,8,2
67,0,1.0,0.0,58,1,2
67,0,1.0,0.0,94,2,1
24,1,1.0,5850.0,60,11,3
35,0,0.29315068493150687,0.0,43,1,3
52,0,1.0,0.0,43,2,3
40,0,0.915068493150685,0.0,66,1,1
64,0,0.005479452054794521,0.0,66,6,1
24,0,0.7041095890410959,0.0,68,1,2
62,1,1.0,66789.0,44,12,2
66,0,1.0,0.0,39,5,2
47,1,1.0,2607.0,42,9,3
48,0,1.0,0.0,39,1,1
62,0,1.0,0.0,66,4,3
35,1,1.0,7200.0,76,9,1
53,0,1.0,0.0,53,7,1
75,0,0.0821917808219178,0.0,105,1,2
24,0,1.0,0.0,99,2,1
43,0,1.0,0.0,56,1,1
45,0,0.947945205479452,0.0,33,10,2
26,0,1.0,0.0,44,11,2
79,0,1.0,0.0,42,5,1
45,0,1.0,0.0,65,1,3
53,0,1.0,0.0,51,5,2
59,0,1.0,0.0,80,3,2
40,0,1.0,0.0,55,1,2
54,0,1.0,0.0,32,1,1
50,0,1.0,0.0,40,7,2
49,0,0.7479452054794521,0.0,32,1,3
70,0,1.0,0.0,85,1,2
58,0,1.0,0.0,51,2,2
54,1,1.0,122359.0,83,3,3
68,0,1.0,0.0,82,6,1
37,0,1.0,0.0,50,2,3
58,0,1.0,0.0,44,3,0
53,0,0.4958904109589041,0.0,47,7,3
72,0,1.0,0.0,47,2,2
23,0,1.0,0.0,55,1,2
52,0,1.0,0.0,33,5,2
39,0,0.5972602739726027,0.0,40,2,1
53,0,1.0,0.0,39,1,1
35,0,1.0,0.0,55,2,1
47,0,1.0,0.0,66,1,1
31,0,1.0,0.0,47,1,2
46,0,0.5041095890410959,0.0,55,2,3
69,0,1.0,0.0,69,5,2
25,1,1.0,3436.0,55,9,3
47,0,1.0,0.0,40,2,3
35,0,0.6328767123287671,0.0,47,5,2
67,0,1.0,0.0,44,2,3
26,0,1.0,0.0,53,5,1
61,0,1.0,0.0,47,1,2
64,0,1.0,0.0,61,2,3
50,0,1.0,0.0,66,3,3
47,0,1.0,0.0,66,1,1
71,0,1.0,0.0,55,7,1
30,1,1.0,66213.0,103,11,2
53,0,0.810958904109589,0.0,55,5,3
71,0,1.0,0.0,66,1,3
32,0,0.0547945205479452,0.0,55,2,3
32,1,0.8082191780821918,5850.0,38,1,3
33,0,0.9863013698630136,0.0,100,2,1
33,1,1.0,36910.0,40,11,2
26,0,1.0,0.0,83,15,1
65,0,1.0,0.0,55,2,3
28,1,1.0,57540.0,44,9,2
25,0,1.0,0.0,43,2,1
55,0,1.0,0.0,42,2,2
47,0,1.0,0.0,40,1,1
42,0,0.5972602739726027,0.0,51,2,1
41,0,1.0,0.0,85,6,1
55,0,1.0,0.0,78,2,1
37,0,1.0,0.0,53,8,1
73,0,1.0,0.0,60,2,0
50,0,1.0,0.0,55,1,2
34,0,0.1726027397260274,0.0,40,7,1
59,0,1.0,0.0,55,3,1
67,0,1.0,0.0,40,2,1
41,0,1.0,0.0,39,8,2
36,0,1.0,0.0,51,15,1
40,0,1.0,0.0,40,10,2
69,0,1.0,0.0,55,14,2
41,1,0.5835616438356165,65000.0,83,1,1
52,1,1.0,57540.0,40,1,1
81,0,1.0,0.0,40,3,3
44,0,1.0,0.0,40,2,1
76,0,1.0,0.0,56,2,2
46,0,1.0,0.0,47,1,2
28,0,1.0,0.0,48,3,1
44,0,0.18904109589041096,0.0,50,2,3
26,0,1.0,0.0,47,5,2
41,0,1.0,0.0,65,9,2
45,0,1.0,0.0,63,3,2
46,0,1.0,0.0,40,6,1
44,0,0.7479452054794521,0.0,77,1,3
41,0,0.915068493150685,0.0,68,6,1
29,0,1.0,0.0,73,1,2
26,0,1.0,0.0,44,1,1
39,0,1.0,0.0,47,1,1
44,0,1.0,0.0,40,1,3
29,1,1.0,57540.0,61,2,1
63,0,1.0,0.0,55,10,2
43,0,1.0,0.0,66,1,1
35,1,1.0,6050.0,66,1,1
29,1,1.0,10060.0,48,8,1
36,0,1.0,0.0,76,10,2
27,0,1.0,0.0,48,1,1
50,0,0.40273972602739727,0.0,36,1,3
53,0,0.33424657534246577,0.0,55,2,2
37,0,0.7643835616438356,0.0,55,6,2
42,0,1.0,0.0,33,6,1
73,0,1.0,0.0,51,13,1
26,0,1.0,0.0,47,3,2
22,0,1.0,0.0,34,1,3
53,1,1.0,7526.0,51,14,2
34,0,1.0,0.0,52,1,3
46,0,1.0,0.0,53,5,3
76,0,1.0,0.0,33,5,2
47,0,1.0,0.0,60,5,3
71,0,1.0,0.0,55,1,3
64,0,1.0,0.0,85,1,3
37,0,0.4328767123287671,0.0,50,14,2
39,0,1.0,0.0,29,1,1
50,0,1.0,0.0,55,10,3
66,0,0.3178082191780822,0.0,58,11,2
64,0,1.0,0.0,40,1,1
28,0,1.0,0.0,55,9,1
53,0,1.0,0.0,55,1,2
77,0,1.0,0.0,110,1,1
28,0,1.0,0.0,55,1,2
46,0,1.0,0.0,43,1,2
43,1,1.0,57540.0,29,4,1
26,0,1.0,0.0,57,5,3
33,0,1.0,0.0,55,1,2
40,0,1.0,0.0,51,3,3
66,0,1.0,0.0,54,2,1
30,0,1.0,0.0,52,5,2
24,0,1.0,0.0,66,1,2
34,0,1.0,0.0,62,6,2
41,0,1.0,0.0,69,10,2
27,0,0.26575342465753427,0.0,48,3,3
66,0,1.0,0.0,66,12,1
57,0,1.0,0.0,40,1,1
54,0,1.0,0.0,40,7,3
48,0,0.663013698630137,0.0,65,1,2
63,0,1.0,0.0,49,10,1
46,0,1.0,0.0,54,2,3
73,0,1.0,0.0,85,1,1
33,0,0.9452054794520548,0.0,34,1,2
48,0,1.0,0.0,37,5,1
40,0,1.0,0.0,51,10,1
63,0,1.0,0.0,52,5,1
72,0,1.0,0.0,40,1,1
58,0,1.0,0.0,50,1,3
34,0,1.0,0.0,43,11,1
56,0,1.0,0.0,40,12,3
21,0,1.0,0.0,56,11,2
34,1,0.4465753424657534,4172.0,33,8,2
32,0,1.0,0.0,40,1,3
43,0,1.0,0.0,55,11,3
47,0,0.9698630136986301,0.0,93,11,1
31,0,1.0,0.0,33,4,2
32,0,1.0,0.0,66,10,1
39,0,1.0,0.0,90,6,2
40,0,1.0,0.0,40,12,2
47,1,1.0,2685.0,68,1,3
55,0,1.0,0.0,44,2,1
43,1,1.0,28751.0,32,1,2
33,0,0.13150684931506848,0.0,40,1,2
37,0,1.0,0.0,43,1,1
33,0,1.0,0.0,51,3,3
57,0,0.8767123287671232,0.0,85,1,1
59,0,1.0,0.0,49,12,1
40,0,1.0,0.0,65,1,1
63,1,1.0,61785.0,46,1,3
67,0,1.0,0.0,43,1,2
43,0,1.0,0.0,65,7,1
59,0,1.0,0.0,81,3,2
25,0,0.07397260273972603,0.0,43,3,2
47,0,0.8328767123287671,0.0,55,1,2
35,0,1.0,0.0,55,3,2
45,0,1.0,0.0,68,7,2
47,0,0.6657534246575343,0.0,33,1,1
46,0,1.0,0.0,43,13,3
31,0,1.0,0.0,66,1,2
40,1,1.0,3425.0,65,1,1
70,0,0.3287671232876712,0.0,70,1,3
45,0,1.0,0.0,55,8,1
26,0,0.09315068493150686,0.0,44,1,3
45,0,1.0,0.0,60,4,2
71,0,1.0,0.0,37,1,3
50,0,1.0,0.0,48,2,1
68,0,1.0,0.0,37,8,3
24,0,1.0,0.0,40,3,2
42,0,1.0,0.0,44,3,1
37,0,1.0,0.0,43,1,2
36,0,1.0,0.0,43,2,3
36,0,1.0,0.0,55,1,1
74,0,0.21643835616438356,0.0,34,6,1
27,1,1.0,7059.0,99,2,3
44,0,1.0,0.0,35,7,1
56,1,1.0,45000.0,40,9,2
27,0,1.0,0.0,49,1,2
49,0,1.0,0.0,33,2,2
21,1,1.0,25000.0,43,2,1
43,0,1.0,0.0,39,5,1
33,0,0.08767123287671233,0.0,80,1,3
30,0,1.0,0.0,65,1,3
74,0,1.0,0.0,50,1,1
48,0,1.0,0.0,55,1,2
27,0,1.0,0.0,50,1,2
44,0,1.0,0.0,40,10,2
39,0,1.0,0.0,75,2,1
46,0,1.0,0.0,39,1,3
46,0,1.0,0.0,50,1,3
72,0,1.0,0.0,90,1,2
31,0,0.00821917808219178,0.0,36,6,3
61,0,1.0,0.0,71,1,1
71,1,1.0,8470.0,41,1,1
25,0,1.0,0.0,140,1,3
61,0,1.0,0.0,33,1,3
55,0,1.0,0.0,40,11,2
42,0,1.0,0.0,61,1,3
32,0,1.0,0.0,36,1,2
41,0,1.0,0.0,70,6,1
49,0,1.0,0.0,65,2,2
29,0,1.0,0.0,40,1,1
63,0,1.0,0.0,44,1,3
25,0,0.6712328767123288,0.0,37,1,1
63,0,1.0,0.0,55,1,3
68,0,1.0,0.0,66,1,3
39,0,1.0,0.0,43,11,1
49,0,1.0,0.0,40,1,2
23,0,1.0,0.0,55,7,3
29,0,0.4958904109589041,0.0,47,3,1
73,0,1.0,0.0,65,15,1
46,1,0.9643835616438357,2710.0,40,10,3
66,0,0.019178082191780823,0.0,74,11,3
67,0,1.0,0.0,33,2,3
46,0,0.08493150684931507,0.0,43,3,3
50,0,1.0,0.0,66,1,3
62,0,0.25205479452054796,0.0,66,12,3
60,0,1.0,0.0,55,1,2
34,1,0.4958904109589041,10102.0,48,14,1
63,0,1.0,0.0,40,2,1
61,0,1.0,0.0,81,1,1
45,0,1.0,0.0,68,2,3
29,0,0.7205479452054795,0.0,100,4,3
61,0,0.21095890410958903,0.0,40,3,1
45,0,1.0,0.0,47,10,3
34,0,1.0,0.0,40,6,1
68,0,0.9452054794520548,0.0,54,8,2
63,0,1.0,0.0,55,9,1
62,0,1.0,0.0,37,11,1
41,0,1.0,0.0,41,1,3
60,0,0.005479452054794521,0.0,39,2,3
69,0,1.0,0.0,59,2,2
50,0,1.0,0.0,33,6,3
49,0,1.0,0.0,47,10,1
56,0,1.0,0.0,37,1,1
21,1,1.0,39526.0,71,1,1
67,0,1.0,0.0,53,3,3
58,0,1.0,0.0,47,1,2
68,0,1.0,0.0,51,1,1
63,0,1.0,0.0,91,2,3
32,0,1.0,0.0,73,11,2
39,0,1.0,0.0,55,1,2
23,0,1.0,0.0,40,2,3
84,0,1.0,0.0,53,2,1
50,0,1.0,0.0,77,1,1
68,0,1.0,0.0,48,3,3
53,0,1.0,0.0,44,1,2
72,0,0.3506849315068493,0.0,66,3,1
29,0,0.3287671232876712,0.0,100,10,3
56,0,1.0,0.0,51,1,1
37,0,1.0,0.0,85,12,2
40,0,1.0,0.0,54,12,3
58,0,0.5726027397260274,0.0,51,1,1
27,0,1.0,0.0,40,5,3
72,0,1.0,0.0,90,1,1
40,0,1.0,0.0,48,11,1
60,0,1.0,0.0,55,6,3
30,0,1.0,0.0,40,12,0
55,0,1.0,0.0,45,1,3
73,0,1.0,0.0,83,3,1
48,1,1.0,155000.0,55,1,1
48,0,0.5753424657534246,0.0,77,6,1
65,0,1.0,0.0,44,1,1
33,0,1.0,0.0,43,1,0
26,2,1.0,19579.0,44,8,2
30,0,1.0,0.0,95,1,2
34,0,1.0,0.0,25,6,3
71,0,1.0,0.0,37,1,1
68,1,1.0,8350.0,55,10,2
71,1,1.0,57540.0,51,19,1
70,0,0.7178082191780822,0.0,35,1,2
41,0,1.0,0.0,43,5,1
27,0,1.0,0.0,90,3,3
57,0,1.0,0.0,90,1,1
26,0,1.0,0.0,42,1,1
29,0,1.0,0.0,57,2,1
45,0,1.0,0.0,87,8,2
51,0,1.0,0.0,37,7,2
37,0,1.0,0.0,85,3,3
27,0,1.0,0.0,95,3,1
20,0,1.0,0.0,40,6,2
51,0,1.0,0.0,85,3,3
88,0,1.0,0.0,44,6,2
66,0,1.0,0.0,55,3,3
71,0,1.0,0.0,40,1,3
46,0,1.0,0.0,42,1,3
48,0,1.0,0.0,60,3,2
46,0,1.0,0.0,66,14,1
70,0,1.0,0.0,65,12,3
36,0,1.0,0.0,51,4,1
38,1,1.0,3424.0,31,1,3
45,1,1.0,2766.0,42,2,1
71,0,1.0,0.0,55,2,3
40,0,1.0,0.0,55,1,1
47,0,1.0,0.0,95,3,2
76,0,1.0,0.0,44,1,1
58,0,1.0,0.0,65,1,1
20,0,0.3452054794520548,0.0,33,2,2
69,0,1.0,0.0,55,8,1
43,0,1.0,0.0,49,1,1
47,0,1.0,0.0,51,2,1
44,0,1.0,0.0,52,1,2
56,0,1.0,0.0,43,1,2
37,0,1.0,0.0,53,8,2
50,0,1.0,0.0,56,2,2
33,0,1.0,0.0,55,1,2
26,1,1.0,19768.0,59,1,1
39,0,1.0,0.0,44,8,1
67,0,1.0,0.0,40,1,3
55,0,1.0,0.0,64,1,2
27,0,0.09863013698630137,0.0,65,12,2
27,0,1.0,0.0,50,1,3
29,0,0.1506849315068493,0.0,62,6,1
49,0,1.0,0.0,38,5,1
31,0,1.0,0.0,46,5,1
60,0,0.7534246575342466,0.0,47,6,2
66,0,1.0,0.0,55,8,3
38,0,1.0,0.0,40,2,2
43,0,0.23013698630136986,0.0,88,1,1
48,0,1.0,0.0,40,1,1
73,0,1.0,0.0,80,11,3
75,0,1.0,0.0,47,5,2
57,0,1.0,0.0,40,2,3
51,0,1.0,0.0,40,2,2
52,0,1.0,0.0,74,1,3
58,0,0.46301369863013697,0.0,44,4,1
46,2,1.0,36953.0,69,12,1
73,0,1.0,0.0,76,12,3
45,0,1.0,0.0,24,2,1
53,0,1.0,0.0,40,10,2
61,1,1.0,59090.0,55,2,2
60,1,1.0,5850.0,40,8,3
45,0,1.0,0.0,36,2,1
50,0,1.0,0.0,125,2,3
66,0,1.0,0.0,55,1,3
34,0,0.8356164383561644,0.0,66,1,1
55,1,1.0,2607.0,83,1,1
51,0,1.0,0.0,42,2,3
61,0,1.0,0.0,101,4,1
49,0,1.0,0.0,66,6,2
40,0,0.3178082191780822,0.0,77,1,1
44,0,1.0,0.0,66,1,2
38,0,1.0,0.0,40,1,2
23,0,1.0,0.0,47,9,2
59,0,0.915068493150685,0.0,55,12,3
24,0,1.0,0.0,60,9,1
53,0,1.0,0.0,40,1,1
62,0,1.0,0.0,81,1,2
34,0,0.7561643835616438,0.0,51,11,3
33,0,1.0,0.0,40,2,3
58,0,1.0,0.0,77,3,3
47,0,1.0,0.0,40,16,1
24,1,0.9506849315068493,155000.0,47,1,1
35,0,1.0,0.0,33,6,2
63,0,1.0,0.0,40,7,1
40,0,1.0,0.0,52,1,3
52,0,1.0,0.0,42,8,3
53,0,1.0,0.0,40,11,1
31,0,1.0,0.0,22,9,1
66,0,1.0,0.0,66,2,3
70,0,1.0,0.0,66,3,3
53,0,1.0,0.0,54,1,1
43,0,1.0,0.0,54,1,2
35,0,0.863013698630137,0.0,44,1,2
27,1,1.0,4452.0,55,2,1
49,0,1.0,0.0,66,3,1
26,2,1.0,102131.0,55,1,1
62,0,1.0,0.0,44,1,1
41,1,1.0,76762.0,44,1,1
62,0,1.0,0.0,53,6,2
34,1,1.0,64362.0,47,2,1
43,0,1.0,0.0,43,2,1
29,0,0.4958904109589041,0.0,34,10,1
37,0,1.0,0.0,33,1,3
44,0,1.0,0.0,55,1,3
52,1,1.0,45760.0,41,7,2
40,0,1.0,0.0,54,2,1
42,0,1.0,0.0,33,1,2
35,0,1.0,0.0,40,4,1
66,0,1.0,0.0,96,5,3
52,0,0.9041095890410958,0.0,55,1,1
38,0,1.0,0.0,55,1,1
28,1,1.0,57540.0,81,1,3
29,0,0.4958904109589041,0.0,29,2,1
41,0,1.0,0.0,48,1,1
66,0,1.0,0.0,110,2,1
43,0,0.8301369863013699,0.0,33,11,3
28,0,1.0,0.0,25,12,1
43,0,1.0,0.0,55,1,2
40,0,1.0,0.0,66,13,1
32,0,1.0,0.0,65,2,1
48,0,1.0,0.0,51,8,2
61,0,1.0,0.0,55,7,2
24,1,1.0,79685.0,41,1,1
67,0,0.5753424657534246,0.0,70,1,1
34,0,1.0,0.0,43,2,1
54,0,1.0,0.0,66,2,3
43,0,0.33424657534246577,0.0,55,1,3
33,0,1.0,0.0,66,2,1
50,0,1.0,0.0,85,1,2
68,0,1.0,0.0,50,3,2
71,0,1.0,0.0,40,6,2
46,0,1.0,0.0,40,9,1
77,0,1.0,0.0,34,8,2
71,0,1.0,0.0,55,2,1
25,0,1.0,0.0,49,3,1
24,0,1.0,0.0,70,3,2
34,0,1.0,0.0,41,5,2
38,0,1.0,0.0,85,6,2
74,0,1.0,0.0,81,8,3
82,0,1.0,0.0,51,9,1
66,0,0.7342465753424657,0.0,70,8,1
27,0,0.6493150684931507,0.0,55,1,3
79,0,1.0,0.0,47,2,1
36,1,1.0,16341.0,33,1,2
59,0,1.0,0.0,40,15,1
47,0,1.0,0.0,25,1,2
24,0,1.0,0.0,66,1,2
77,0,1.0,0.0,51,1,1
64,0,1.0,0.0,55,1,1
29,0,0.6904109589041096,0.0,66,3,3
62,0,1.0,0.0,39,11,1
64,0,1.0,0.0,55,1,1
58,0,1.0,0.0,33,1,1
38,0,1.0,0.0,33,12,3
33,2,1.0,46433.0,29,12,3
27,1,1.0,10000.0,55,8,1
64,0,1.0,0.0,62,1,3
53,0,1.0,0.0,43,2,1
36,0,1.0,0.0,33,10,2
28,0,0.21643835616438356,0.0,33,6,2
43,0,1.0,0.0,44,11,2
45,0,1.0,0.0,33,14,1
48,1,1.0,2900.0,57,1,1
26,0,1.0,0.0,44,1,2
46,0,1.0,0.0,55,3,1
39,0,0.2821917808219178,0.0,40,12,2
53,0,0.9178082191780822,0.0,55,3,2
59,0,0.5150684931506849,0.0,51,1,3
81,0,1.0,0.0,54,3,3
60,0,1.0,0.0,33,1,1
59,0,1.0,0.0,40,1,3
42,0,1.0,0.0,48,3,3
53,1,1.0,62521.0,55,1,1
28,0,1.0,0.0,44,2,3
74,0,1.0,0.0,33,1,2
67,0,0.5863013698630137,0.0,44,1,1
26,0,1.0,0.0,55,11,3
39,0,0.7479452054794521,0.0,87,9,2
51,0,0.4958904109589041,0.0,60,2,1
35,0,1.0,0.0,59,2,3
40,0,1.0,0.0,54,3,3
55,0,0.6931506849315069,0.0,44,2,2
23,0,1.0,0.0,90,1,3
30,0,1.0,0.0,44,8,3
34,0,0.7506849315068493,0.0,66,2,1
59,0,1.0,0.0,44,1,2
23,1,1.0,30609.0,44,1,1
61,0,1.0,0.0,51,1,1
62,0,1.0,0.0,54,1,1
33,0,1.0,0.0,47,2,0
51,0,1.0,0.0,53,3,1
62,0,1.0,0.0,58,1,2
55,0,1.0,0.0,55,9,2
32,0,0.41643835616438357,0.0,51,6,1
43,1,1.0,60147.0,51,1,1
28,1,1.0,2607.0,55,1,1
49,0,1.0,0.0,47,1,1
77,0,1.0,0.0,66,1,1
72,0,1.0,0.0,33,1,2
39,0,1.0,0.0,56,1,1
39,0,1.0,0.0,36,11,2
40,0,1.0,0.0,47,1,2
35,0,1.0,0.0,40,2,1
50,0,1.0,0.0,55,2,1
21,0,1.0,0.0,44,1,3
58,1,1.0,238124.0,33,1,2
27,0,1.0,0.0,77,2,3
45,0,0.08493150684931507,0.0,59,1,3
33,0,0.6986301369863014,0.0,42,1,1
40,0,0.8082191780821918,0.0,66,1,1
38,0,1.0,0.0,130,5,1
30,0,0.25205479452054796,0.0,40,9,2
30,0,1.0,0.0,41,9,2
37,0,1.0,0.0,67,9,2
27,0,1.0,0.0,59,1,3
41,0,0.9917808219178083,0.0,85,1,2
33,0,1.0,0.0,47,5,2
39,0,1.0,0.0,29,9,1
47,0,1.0,0.0,85,2,3
36,0,1.0,0.0,53,10,1
35,0,0.11232876712328767,0.0,60,1,0
36,0,1.0,0.0,40,2,1
67,0,1.0,0.0,51,1,2
35,0,1.0,0.0,48,10,1
41,0,1.0,0.0,40,7,2
72,0,1.0,0.0,68,1,2
72,0,1.0,0.0,85,1,2
39,0,1.0,0.0,40,2,2
39,0,1.0,0.0,85,1,1
63,0,1.0,0.0,46,2,1
57,0,1.0,0.0,103,10,3
25,0,1.0,0.0,33,11,1
39,0,0.1726027397260274,0.0,33,1,3
24,0,1.0,0.0,66,2,1
68,1,1.0,2650.0,101,1,1
33,0,1.0,0.0,66,9,1
72,0,1.0,0.0,54,7,1
38,0,1.0,0.0,51,6,1
68,0,1.0,0.0,55,1,2
39,0,0.9698630136986301,0.0,36,1,1
59,0,0.6136986301369863,0.0,40,12,3
35,0,1.0,0.0,63,11,2
35,0,1.0,0.0,65,6,3
61,2,1.0,85363.0,90,5,3
50,0,1.0,0.0,47,11,1
74,1,1.0,56481.0,44,2,1
51,0,1.0,0.0,33,3,2
57,0,1.0,0.0,53,1,3
39,0,1.0,0.0,66,2,1
62,1,1.0,217408.0,105,6,1
48,1,1.0,65961.0,60,2,3
61,0,1.0,0.0,105,2,3
37,0,1.0,0.0,65,9,3
47,0,1.0,0.0,39,1,2
58,0,1.0,0.0,66,2,1
48,0,1.0,0.0,80,1,2
40,0,1.0,0.0,85,9,1
51,0,1.0,0.0,90,1,1
41,0,0.6602739726027397,0.0,51,9,1
36,0,1.0,0.0,63,2,2
40,0,1.0,0.0,40,2,0
28,0,0.13424657534246576,0.0,55,11,3
49,0,1.0,0.0,37,7,3
27,0,1.0,0.0,55,2,1
43,0,0.7561643835616438,0.0,55,1,1
38,0,1.0,0.0,57,6,3
31,1,1.0,26620.0,54,1,1
26,1,1.0,5736.0,55,1,3
42,0,1.0,0.0,40,2,3
38,0,0.2136986301369863,0.0,68,11,2
40,0,1.0,0.0,60,1,1
29,0,1.0,0.0,47,2,2
29,0,0.5780821917808219,0.0,40,5,2
50,0,1.0,0.0,65,7,3
60,0,1.0,0.0,33,11,1
39,0,1.0,0.0,55,2,3
41,0,0.7479452054794521,0.0,83,12,3
70,0,1.0,0.0,33,6,1
25,2,1.0,114021.0,47,6,2
59,1,1.0,57540.0,50,11,3
48,0,1.0,0.0,30,12,2
33,0,1.0,0.0,43,1,1
61,0,0.4136986301369863,0.0,65,2,1
56,0,1.0,0.0,40,2,0
29,0,1.0,0.0,39,1,2
66,0,0.18904109589041096,0.0,47,2,2
27,0,0.9643835616438357,0.0,50,2,3
42,0,1.0,0.0,60,1,3
66,0,1.0,0.0,103,8,1
31,0,1.0,0.0,51,1,1
53,0,0.7315068493150685,0.0,53,1,1
68,0,0.5232876712328767,0.0,55,8,0
28,0,1.0,0.0,44,1,1
40,0,1.0,0.0,32,1,1
29,2,1.0,84213.0,44,1,2
67,1,1.0,6292.0,55,2,3
52,0,0.11506849315068493,0.0,66,1,1
69,0,1.0,0.0,91,1,2
25,1,1.0,2263.0,66,1,1
41,0,1.0,0.0,41,10,1
38,0,0.8712328767123287,0.0,55,2,1
67,0,0.4136986301369863,0.0,51,1,3
46,0,0.873972602739726,0.0,66,1,1
64,0,1.0,0.0,47,3,2
74,0,1.0,0.0,55,1,2
69,0,1.0,0.0,47,9,0
53,0,0.36712328767123287,0.0,34,2,2
43,0,1.0,0.0,43,1,1
72,0,1.0,0.0,75,3,3
50,0,0.7917808219178082,0.0,37,6,3
76,0,1.0,0.0,46,1,1
25,0,0.3506849315068493,0.0,66,2,2
31,0,0.4657534246575342,0.0,60,8,1
55,0,0.08767123287671233,0.0,52,1,3
61,0,1.0,0.0,33,1,3
55,0,1.0,0.0,85,1,1
69,0,0.726027397260274,0.0,54,1,1
56,0,1.0,0.0,52,1,1
63,0,1.0,0.0,34,6,3
33,0,1.0,0.0,53,4,1
60,0,1.0,0.0,51,3,3
33,1,1.0,3186.0,69,11,3
31,1,1.0,10528.0,33,1,2
63,0,1.0,0.0,54,1,1
33,0,1.0,0.0,40,4,1
33,0,1.0,0.0,64,1,2
31,0,1.0,0.0,51,2,3
68,0,1.0,0.0,42,1,2
35,1,1.0,2607.0,61,9,3
38,0,0.13150684931506848,0.0,77,4,1
49,0,1.0,0.0,75,1,3
73,0,0.7342465753424657,0.0,40,11,3
68,0,1.0,0.0,48,9,2
70,0,1.0,0.0,66,5,1
42,0,1.0,0.0,97,6,1
72,0,1.0,0.0,50,11,2
41,0,1.0,0.0,55,6,1
50,0,1.0,0.0,54,1,3
28,0,0.08493150684931507,0.0,40,1,0
48,0,0.005479452054794521,0.0,74,2,2
83,0,0.2602739726027397,0.0,66,6,1
28,0,1.0,0.0,73,10,1
33,0,1.0,0.0,50,3,2
72,0,1.0,0.0,68,1,1
51,0,1.0,0.0,40,5,1
52,0,1.0,0.0,59,8,3
72,0,1.0,0.0,53,2,2
29,0,1.0,0.0,55,2,2
76,0,1.0,0.0,50,6,1
67,0,0.10136986301369863,0.0,77,7,1
48,0,1.0,0.0,51,8,3
41,0,1.0,0.0,101,2,2
67,0,1.0,0.0,54,1,1
54,0,1.0,0.0,40,1,1
28,0,0.6027397260273972,0.0,55,6,1
74,0,1.0,0.0,62,11,1
31,0,1.0,0.0,54,1,2
52,1,0.8136986301369863,41100.0,40,6,1
34,1,1.0,57540.0,32,4,3
42,0,1.0,0.0,55,1,2
58,0,1.0,0.0,42,1,2
65,0,0.8328767123287671,0.0,25,1,2
24,0,1.0,0.0,44,1,2
60,0,0.8136986301369863,0.0,60,11,1
64,0,1.0,0.0,40,5,3
67,0,1.0,0.0,34,1,2
64,0,0.915068493150685,0.0,66,2,1
63,0,1.0,0.0,54,1,2
73,0,1.0,0.0,40,9,2
23,0,1.0,0.0,40,6,1
57,0,1.0,0.0,60,6,1
33,0,1.0,0.0,55,2,2
31,0,1.0,0.0,65,3,3
50,0,1.0,0.0,40,7,2
33,0,1.0,0.0,40,6,3
70,1,1.0,57540.0,49,21,1
26,0,1.0,0.0,37,1,2
37,1,1.0,2148.0,65,1,3
38,0,1.0,0.0,93,4,3
19,0,1.0,0.0,40,4,3
44,0,0.8,0.0,55,2,3
33,0,1.0,0.0,85,2,3
28,1,0.4136986301369863,40508.0,105,1,1
39,0,1.0,0.0,52,6,2
68,1,1.0,1323800.0,83,1,3
29,1,1.0,12100.0,64,1,3
40,0,1.0,0.0,37,5,1
29,0,1.0,0.0,53,1,3
48,0,1.0,0.0,93,1,3
46,0,1.0,0.0,98,2,3
83,0,1.0,0.0,65,6,1
33,0,1.0,0.0,66,1,1
32,0,1.0,0.0,68,14,3
40,0,1.0,0.0,44,2,1
49,0,0.4821917808219178,0.0,33,2,2
25,0,1.0,0.0,66,1,1
57,0,1.0,0.0,48,2,3
51,0,1.0,0.0,67,6,3
47,0,1.0,0.0,60,1,3
31,0,1.0,0.0,40,8,3
29,0,1.0,0.0,43,1,2
55,0,1.0,0.0,21,12,3
36,0,1.0,0.0,96,12,1
33,0,0.9178082191780822,0.0,33,1,3
45,1,1.0,64362.0,66,3,1
73,0,1.0,0.0,43,1,1
48,0,1.0,0.0,39,13,2
67,1,1.0,2607.0,60,5,1
60,0,0.15616438356164383,0.0,100,1,3
53,0,1.0,0.0,55,1,2
41,0,1.0,0.0,33,1,1
44,0,0.7726027397260274,0.0,48,6,1
75,0,1.0,0.0,42,2,1
39,0,0.7945205479452054,0.0,47,1,1
35,0,1.0,0.0,42,15,1
56,0,1.0,0.0,25,5,2
51,0,0.7287671232876712,0.0,39,6,2
44,0,1.0,0.0,53,1,2
28,0,1.0,0.0,57,2,1
53,0,0.7041095890410959,0.0,30,12,3
71,0,0.7287671232876712,0.0,44,1,3
28,1,1.0,5446.0,59,1,2
31,0,1.0,0.0,43,1,1
50,0,1.0,0.0,40,1,1
56,0,1.0,0.0,66,1,1
45,0,1.0,0.0,40,1,2
50,0,1.0,0.0,45,1,1
49,0,0.21095890410958903,0.0,55,15,3
34,0,0.2547945205479452,0.0,60,1,2
30,0,1.0,0.0,74,1,3
76,0,1.0,0.0,39,10,3
41,0,1.0,0.0,34,6,0
42,0,1.0,0.0,34,1,1
53,0,1.0,0.0,59,10,1
38,0,1.0,0.0,68,3,3
59,0,1.0,0.0,66,1,1
43,0,1.0,0.0,80,6,2
31,0,1.0,0.0,95,2,1
61,0,1.0,0.0,66,3,3
29,0,1.0,0.0,63,3,1
57,1,1.0,55000.0,48,10,1
57,0,1.0,0.0,53,1,1
52,0,0.6876712328767123,0.0,75,1,1
42,0,1.0,0.0,39,2,0
46,0,1.0,0.0,55,5,1
35,0,0.5863013698630137,0.0,51,6,1
61,0,1.0,0.0,85,1,2
34,0,1.0,0.0,65,1,2
26,0,1.0,0.0,85,1,3
51,0,1.0,0.0,67,3,1
48,0,0.2465753424657534,0.0,38,10,1
72,0,1.0,0.0,40,1,3
32,0,0.23835616438356164,0.0,49,1,1
51,0,1.0,0.0,57,7,3
55,0,1.0,0.0,19,1,1
60,0,0.7479452054794521,0.0,42,1,2
52,0,1.0,0.0,85,1,3
64,0,1.0,0.0,100,11,3
43,0,1.0,0.0,66,2,3
34,0,1.0,0.0,43,8,1
32,1,1.0,4962.0,66,2,1
62,0,1.0,0.0,63,2,3
23,0,1.0,0.0,43,3,3
43,1,1.0,6922.0,60,4,3
69,0,1.0,0.0,51,1,2
65,0,1.0,0.0,54,12,2
71,0,0.37534246575342467,0.0,40,1,3
47,0,1.0,0.0,44,2,2
46,0,0.1780821917808219,0.0,44,6,3
79,0,1.0,0.0,44,10,3
51,0,1.0,0.0,55,6,2
26,1,0.9013698630136986,145000.0,64,1,2
37,0,1.0,0.0,55,4,3
50,0,0.3424657534246575,0.0,40,1,1
66,1,1.0,5688.0,44,5,2
48,2,0.7698630136986301,110000.0,35,11,1
25,0,0.4958904109589041,0.0,36,2,1
38,0,1.0,0.0,47,5,2
54,0,1.0,0.0,82,11,3
29,0,0.9342465753424658,0.0,83,9,2
32,0,1.0,0.0,110,1,3
24,0,1.0,0.0,85,3,2
64,0,1.0,0.0,57,1,1
60,0,1.0,0.0,68,6,1
50,0,1.0,0.0,40,1,2
45,0,1.0,0.0,43,1,2
58,0,1.0,0.0,55,6,3
56,0,0.4958904109589041,0.0,33,6,1
60,0,1.0,0.0,50,1,2
43,0,1.0,0.0,85,3,3
55,0,1.0,0.0,55,6,1
35,0,1.0,0.0,66,1,3
41,0,1.0,0.0,40,1,3
54,0,0.6684931506849315,0.0,55,5,3
42,0,0.9232876712328767,0.0,42,2,3
49,0,1.0,0.0,66,2,2
54,0,1.0,0.0,54,1,3
62,0,1.0,0.0,40,6,1
66,0,1.0,0.0,55,15,1
28,0,1.0,0.0,47,5,2
42,0,1.0,0.0,62,2,3
47,0,1.0,0.0,60,2,1
38,0,0.4657534246575342,0.0,40,5,1
27,0,1.0,0.0,74,1,3
88,0,0.0958904109589041,0.0,50,9,1
65,0,1.0,0.0,88,3,3
49,0,1.0,0.0,85,6,1
23,0,1.0,0.0,61,3,1
47,0,1.0,0.0,40,1,1
36,0,1.0,0.0,40,3,1
59,0,1.0,0.0,66,5,1
70,0,0.1917808219178082,0.0,107,11,1
49,0,1.0,0.0,37,4,3
42,0,1.0,0.0,55,14,2
74,0,1.0,0.0,44,6,1
85,0,1.0,0.0,37,1,1
66,0,1.0,0.0,49,12,2
66,0,1.0,0.0,34,2,1
50,0,1.0,0.0,75,6,3
56,0,1.0,0.0,55,1,3
61,0,1.0,0.0,55,6,1
37,0,1.0,0.0,53,8,2
53,1,1.0,12112.0,84,1,1
58,0,1.0,0.0,32,2,3
66,0,1.0,0.0,47,2,1
39,0,1.0,0.0,50,4,1
29,0,1.0,0.0,70,12,2
53,0,0.08493150684931507,0.0,61,3,1
47,0,1.0,0.0,66,1,2
35,0,0.2465753424657534,0.0,87,2,3
62,0,1.0,0.0,55,10,2
25,0,1.0,0.0,47,2,1
25,0,0.6301369863013698,0.0,33,12,1
75,0,1.0,0.0,26,10,1
48,0,1.0,0.0,55,1,0
43,1,0.5917808219178082,63535.0,51,4,1
37,0,1.0,0.0,66,20,3
34,0,1.0,0.0,34,15,3
52,0,1.0,0.0,44,1,1
47,0,1.0,0.0,40,6,3
44,0,0.7041095890410959,0.0,40,1,3
40,0,1.0,0.0,98,14,1
30,0,1.0,0.0,62,12,1
36,0,0.38904109589041097,0.0,32,1,1
47,0,1.0,0.0,44,10,3
23,0,1.0,0.0,60,1,2
74,0,0.09863013698630137,0.0,49,15,3
40,2,0.5178082191780822,1352644.0,63,12,1
37,0,1.0,0.0,55,4,2
35,0,0.9972602739726028,0.0,47,2,1
50,0,1.0,0.0,55,2,2
38,0,1.0,0.0,85,4,3
52,0,1.0,0.0,90,2,2
40,0,1.0,0.0,115,4,2
63,0,1.0,0.0,44,1,3
61,0,1.0,0.0,33,10,3
30,0,0.22465753424657534,0.0,40,3,2
38,0,1.0,0.0,48,11,1
68,0,1.0,0.0,90,9,2
30,0,1.0,0.0,33,4,3
35,1,1.0,57540.0,44,1,2
33,0,1.0,0.0,75,8,1
76,0,1.0,0.0,38,1,1
27,0,0.6821917808219178,0.0,47,1,1
66,0,1.0,0.0,47,9,1
72,0,0.8273972602739726,0.0,37,1,0
51,0,0.536986301369863,0.0,55,1,1
49,0,1.0,0.0,48,8,1
87,0,1.0,0.0,55,7,1
33,0,1.0,0.0,50,10,3
37,0,1.0,0.0,40,9,1
49,0,1.0,0.0,65,1,1
52,0,0.7534246575342466,0.0,40,1,1
37,0,1.0,0.0,47,2,2
41,0,0.3589041095890411,0.0,66,8,1
24,0,0.2465753424657534,0.0,54,1,1
75,0,0.3287671232876712,0.0,58,7,3
39,0,1.0,0.0,64,11,3
42,0,1.0,0.0,33,2,1
33,0,1.0,0.0,43,5,3
26,0,0.5917808219178082,0.0,85,2,2
64,0,1.0,0.0,39,11,3
61,0,1.0,0.0,40,2,1
27,0,1.0,0.0,83,3,3
69,0,1.0,0.0,44,16,1
44,0,1.0,0.0,43,1,1
46,0,1.0,0.0,63,1,1
54,0,1.0,0.0,44,3,2
61,0,1.0,0.0,40,1,3
37,0,1.0,0.0,47,12,1
49,1,1.0,57540.0,55,11,2
58,0,1.0,0.0,68,11,1
68,0,1.0,0.0,110,6,1
45,0,0.08493150684931507,0.0,98,1,1
48,0,0.4438356164383562,0.0,36,1,2
25,0,1.0,0.0,66,6,1
52,0,1.0,0.0,34,10,1
33,1,1.0,5850.0,85,11,1
75,0,1.0,0.0,44,8,3
60,0,1.0,0.0,75,2,3
30,0,1.0,0.0,47,3,3
39,0,0.7534246575342466,0.0,39,4,3
47,0,1.0,0.0,55,12,2
64,0,1.0,0.0,55,1,2
32,0,0.11232876712328767,0.0,55,2,3
32,0,1.0,0.0,66,2,2
52,1,0.15616438356164383,65000.0,47,5,1
39,0,1.0,0.0,43,1,1
46,0,0.2821917808219178,0.0,63,12,2
64,1,1.0,121902.0,74,3,2
70,0,1.0,0.0,61,8,3
42,1,1.0,70590.0,40,2,2
28,0,0.8082191780821918,0.0,51,6,2
36,0,1.0,0.0,44,11,2
85,0,1.0,0.0,53,7,2
45,0,1.0,0.0,53,7,2
69,1,1.0,57540.0,85,1,1
48,0,1.0,0.0,42,1,3
30,0,1.0,0.0,62,10,1
58,0,1.0,0.0,40,12,2
41,0,1.0,0.0,44,12,1
47,0,1.0,0.0,66,5,1
40,0,0.6383561643835617,0.0,57,1,1
27,0,1.0,0.0,40,7,2
36,1,1.0,2706.0,84,10,2
39,0,0.3150684931506849,0.0,59,5,2
57,0,1.0,0.0,58,2,1
52,0,1.0,0.0,55,9,3
47,0,1.0,0.0,66,2,2
36,0,1.0,0.0,54,2,3
41,0,1.0,0.0,65,1,1
49,0,0.1780821917808219,0.0,44,5,2
42,0,0.8328767123287671,0.0,74,1,3
69,0,1.0,0.0,40,3,1
27,0,1.0,0.0,53,1,2
65,0,1.0,0.0,54,1,1
40,0,0.16164383561643836,0.0,82,2,1
45,0,1.0,0.0,37,3,1
47,0,1.0,0.0,51,11,3
59,0,1.0,0.0,55,11,1
41,0,0.5041095890410959,0.0,52,1,3
39,0,0.08493150684931507,0.0,43,6,3
47,0,1.0,0.0,83,3,3
69,0,1.0,0.0,71,3,3
39,0,0.3452054794520548,0.0,55,2,2
27,1,0.24383561643835616,9060.0,38,1,2
41,0,1.0,0.0,43,3,2
42,0,1.0,0.0,43,1,3
67,0,1.0,0.0,44,2,2
38,0,1.0,0.0,76,1,3
39,0,1.0,0.0,65,1,2
56,0,1.0,0.0,38,1,1
61,0,0.736986301369863,0.0,85,6,3
73,0,1.0,0.0,60,7,1
40,1,1.0,6922.0,43,10,3
50,0,1.0,0.0,66,1,2
46,0,1.0,0.0,42,9,2
34,0,1.0,0.0,69,5,3
73,0,1.0,0.0,34,6,3
50,0,1.0,0.0,53,1,3
38,0,1.0,0.0,40,2,1
63,0,0.9178082191780822,0.0,43,1,1
56,0,1.0,0.0,43,6,1
46,0,1.0,0.0,66,1,1
42,0,1.0,0.0,44,2,3
27,0,1.0,0.0,84,13,3
44,0,0.0821917808219178,0.0,51,1,3
47,1,1.0,4890.0,83,8,2
48,1,0.915068493150685,5850.0,55,4,1
42,0,1.0,0.0,47,2,1
67,0,1.0,0.0,66,1,3
67,0,0.1726027397260274,0.0,85,13,1
36,0,1.0,0.0,64,1,2
54,0,1.0,0.0,42,1,2
54,0,1.0,0.0,80,2,1
49,1,1.0,6922.0,51,7,1
68,0,0.19452054794520549,0.0,40,1,1
40,0,1.0,0.0,95,2,2
62,0,1.0,0.0,33,10,3
50,0,1.0,0.0,77,5,2
54,0,0.6328767123287671,0.0,66,1,1
68,0,1.0,0.0,33,1,2
27,0,0.5753424657534246,0.0,66,1,3
51,0,1.0,0.0,44,6,2
58,0,1.0,0.0,66,2,3
28,0,1.0,0.0,98,6,2
43,0,0.21643835616438356,0.0,47,1,2
45,0,0.8602739726027397,0.0,48,2,1
75,0,0.7479452054794521,0.0,50,1,1
49,0,0.5123287671232877,0.0,50,2,1
43,0,1.0,0.0,43,1,3
29,0,1.0,0.0,47,1,1
82,0,1.0,0.0,50,1,2
77,0,1.0,0.0,66,6,2
30,0,1.0,0.0,53,1,2
45,0,1.0,0.0,33,2,2
24,0,1.0,0.0,54,3,2
64,0,0.16986301369863013,0.0,75,4,3
65,0,1.0,0.0,52,1,1
24,0,0.03561643835616438,0.0,51,5,2
58,0,0.08493150684931507,0.0,85,1,2
61,1,1.0,31858.0,25,1,2
34,0,1.0,0.0,40,1,2
76,0,1.0,0.0,51,6,1
69,0,1.0,0.0,60,2,1
24,0,0.12876712328767123,0.0,55,2,3
47,2,0.9287671232876712,24908.0,50,2,1
37,0,1.0,0.0,21,1,2
53,0,1.0,0.0,57,1,2
40,0,1.0,0.0,44,2,3
49,0,1.0,0.0,60,3,3
33,0,1.0,0.0,85,1,2
80,0,1.0,0.0,48,1,1
35,0,1.0,0.0,66,1,1
39,0,1.0,0.0,55,1,3
63,0,1.0,0.0,97,13,1
58,0,1.0,0.0,66,10,2
50,0,1.0,0.0,66,1,1
50,0,1.0,0.0,85,3,3
69,0,1.0,0.0,65,2,3
44,0,1.0,0.0,93,6,1
29,0,1.0,0.0,66,6,3
52,0,0.6602739726027397,0.0,74,4,1
27,0,0.08493150684931507,0.0,54,10,3
64,0,1.0,0.0,44,1,2
32,0,0.6136986301369863,0.0,30,3,1
75,0,1.0,0.0,60,1,3
54,0,1.0,0.0,58,1,2
53,0,1.0,0.0,65,1,2
51,0,1.0,0.0,37,1,3
70,0,1.0,0.0,54,1,1
69,0,1.0,0.0,33,2,1
36,0,1.0,0.0,64,1,3
46,0,1.0,0.0,48,2,1
47,1,1.0,57540.0,47,5,3
58,0,1.0,0.0,53,12,1
34,0,1.0,0.0,49,7,1
33,0,1.0,0.0,85,7,3
77,0,1.0,0.0,110,1,3
34,0,0.0547945205479452,0.0,55,16,3
29,0,1.0,0.0,53,1,2
54,0,1.0,0.0,40,2,1
52,0,1.0,0.0,66,1,1
49,0,0.4438356164383562,0.0,66,9,3
31,0,1.0,0.0,40,1,1
45,0,1.0,0.0,37,8,3
82,0,1.0,0.0,55,7,1
75,0,1.0,0.0,44,1,1
25,0,1.0,0.0,55,1,3
70,0,1.0,0.0,55,2,1
42,0,0.4054794520547945,0.0,48,10,3
53,0,1.0,0.0,37,1,1
35,0,1.0,0.0,36,1,1
23,1,1.0,3842.0,40,3,2
28,0,0.09041095890410959,0.0,64,1,2
28,0,1.0,0.0,78,8,1
56,1,0.9041095890410958,64362.0,85,1,1
32,0,1.0,0.0,55,8,3
39,0,1.0,0.0,55,1,2
53,0,0.7561643835616438,0.0,36,1,2
44,0,1.0,0.0,66,6,1
42,0,0.5068493150684932,0.0,66,2,3
49,0,1.0,0.0,40,3,1
65,0,1.0,0.0,43,1,1
59,0,1.0,0.0,34,1,1
72,0,1.0,0.0,48,2,3
40,0,0.6767123287671233,0.0,66,6,1
75,1,0.9671232876712329,57540.0,65,1,2
52,0,1.0,0.0,55,11,3
25,0,1.0,0.0,60,6,3
52,0,1.0,0.0,40,1,2
23,0,1.0,0.0,70,1,1
55,0,1.0,0.0,74,1,2
20,4,1.0,297098.0,34,7,3
57,0,1.0,0.0,33,11,3
60,0,1.0,0.0,44,5,2
30,0,1.0,0.0,35,3,1
82,0,1.0,0.0,40,1,3
32,0,1.0,0.0,89,1,3
61,0,1.0,0.0,50,1,1
34,0,1.0,0.0,44,1,2
62,0,0.810958904109589,0.0,66,6,1
64,0,1.0,0.0,52,2,2
50,0,1.0,0.0,55,1,3
26,1,1.0,156417.0,66,1,1
45,0,1.0,0.0,55,6,3
32,0,0.3150684931506849,0.0,52,2,2
67,0,0.25205479452054796,0.0,48,2,2
36,1,0.958904109589041,14864.0,83,1,1
43,0,1.0,0.0,37,13,3
68,0,1.0,0.0,60,1,2
41,0,0.8328767123287671,0.0,48,10,2
44,0,0.16164383561643836,0.0,25,1,3
31,0,1.0,0.0,44,1,2
47,0,0.7479452054794521,0.0,66,12,1
37,0,1.0,0.0,33,11,3
39,0,1.0,0.0,33,1,1
38,0,1.0,0.0,33,8,2
52,0,1.0,0.0,29,7,1
23,0,1.0,0.0,61,9,2
27,1,1.0,2426.0,47,6,3
72,0,1.0,0.0,66,9,2
79,0,1.0,0.0,33,3,3
50,0,1.0,0.0,44,10,3
43,0,0.8684931506849315,0.0,40,6,3
28,0,0.7808219178082192,0.0,40,1,1
59,0,1.0,0.0,44,11,2
34,0,1.0,0.0,90,3,2
27,1,0.5561643835616439,54050.0,92,1,2
66,0,1.0,0.0,49,2,1
47,0,1.0,0.0,66,1,3
29,0,1.0,0.0,75,1,1
26,1,0.6657534246575343,98380.0,33,12,2
36,0,1.0,0.0,70,4,1
31,0,1.0,0.0,32,1,3
68,0,1.0,0.0,55,2,3
64,0,1.0,0.0,47,2,3
29,0,1.0,0.0,38,9,1
45,0,1.0,0.0,43,1,1
47,0,0.8,0.0,55,12,1
24,0,1.0,0.0,44,2,3
29,0,0.336986301369863,0.0,44,1,1
73,0,1.0,0.0,66,9,2
38,0,1.0,0.0,46,1,1
46,0,1.0,0.0,59,1,1
59,0,1.0,0.0,70,8,2
28,0,1.0,0.0,65,5,1
41,0,1.0,0.0,55,2,3
34,2,1.0,14866.0,88,1,2
44,0,1.0,0.0,51,1,2
28,0,1.0,0.0,44,1,2
38,1,1.0,4912.0,44,1,1
65,0,1.0,0.0,55,6,2
38,0,1.0,0.0,110,2,3
34,0,1.0,0.0,63,3,1
65,1,0.6356164383561644,3414.0,59,1,3
52,0,1.0,0.0,50,2,3
34,0,0.3315068493150685,0.0,40,14,3
39,0,1.0,0.0,60,3,2
62,0,1.0,0.0,47,1,1
63,0,1.0,0.0,44,2,1
47,0,1.0,0.0,54,8,1
38,0,0.5178082191780822,0.0,75,10,2
38,0,0.7616438356164383,0.0,55,3,2
49,0,1.0,0.0,55,3,1
41,0,1.0,0.0,44,11,2
26,0,0.06301369863013699,0.0,64,1,1
68,1,1.0,19000.0,90,6,1
48,1,1.0,57540.0,36,9,3
65,0,1.0,0.0,55,1,1
53,0,0.936986301369863,0.0,70,14,3
25,2,1.0,33351.0,50,2,1
68,0,1.0,0.0,48,10,1
40,0,1.0,0.0,55,1,3
36,0,0.6657534246575343,0.0,55,1,1
57,0,1.0,0.0,41,4,1
40,0,1.0,0.0,33,1,2
49,0,0.915068493150685,0.0,44,2,1
49,0,0.8136986301369863,0.0,33,8,2
54,0,1.0,0.0,103,1,2
30,0,1.0,0.0,29,1,1
53,0,0.0027397260273972603,0.0,50,18,1
53,0,1.0,0.0,55,2,2
30,0,1.0,0.0,40,1,2
55,0,1.0,0.0,43,6,3
46,0,1.0,0.0,44,1,2
63,0,1.0,0.0,66,2,2
41,0,1.0,0.0,103,1,1
39,0,0.1178082191780822,0.0,44,1,1
43,0,1.0,0.0,33,6,1
67,0,0.9178082191780822,0.0,53,15,1
50,0,1.0,0.0,55,1,3
71,0,0.958904109589041,0.0,66,1,1
48,0,0.8493150684931506,0.0,55,1,3
46,0,1.0,0.0,45,1,2
32,0,1.0,0.0,33,1,3
41,1,1.0,7526.0,82,9,3
40,0,1.0,0.0,65,1,1
54,0,1.0,0.0,70,3,3
63,0,1.0,0.0,43,5,2
24,0,1.0,0.0,29,1,1
40,0,1.0,0.0,81,5,1
69,0,1.0,0.0,40,1,1
69,0,1.0,0.0,42,1,1
50,0,1.0,0.0,54,1,2
46,0,1.0,0.0,63,2,1
45,0,1.0,0.0,83,3,2
30,0,1.0,0.0,66,1,1
66,0,1.0,0.0,64,7,3
39,1,1.0,173.0,42,1,3
28,0,1.0,0.0,90,2,3
31,0,0.4575342465753425,0.0,66,1,1
50,0,1.0,0.0,44,1,1
22,0,0.8712328767123287,0.0,64,1,2
32,0,1.0,0.0,44,1,3
59,1,1.0,149800.0,54,2,1
45,0,1.0,0.0,34,1,3
60,0,1.0,0.0,44,1,1
34,0,0.8986301369863013,0.0,40,13,1
54,0,1.0,0.0,40,6,3
25,0,1.0,0.0,29,2,0
52,0,1.0,0.0,100,1,1
37,1,1.0,55000.0,44,1,3
66,0,1.0,0.0,55,1,2
62,0,0.9616438356164384,0.0,42,2,1
31,0,0.16164383561643836,0.0,79,11,1
41,0,1.0,0.0,38,1,1
31,0,1.0,0.0,55,12,1
42,0,1.0,0.0,52,1,3
65,0,1.0,0.0,85,1,2
49,0,1.0,0.0,55,9,2
45,0,1.0,0.0,86,7,3
36,0,1.0,0.0,85,8,2
32,0,0.08493150684931507,0.0,170,1,1
33,0,1.0,0.0,62,4,2
54,0,1.0,0.0,33,9,2
26,0,1.0,0.0,55,2,2
53,0,1.0,0.0,90,5,2
42,0,0.410958904109589,0.0,100,1,2
19,1,0.8657534246575342,8295.0,64,2,2
77,0,1.0,0.0,75,3,1
69,0,1.0,0.0,40,3,1
65,0,1.0,0.0,51,1,2
63,0,1.0,0.0,43,1,1
44,0,1.0,0.0,100,6,1
74,0,1.0,0.0,40,10,3
33,1,1.0,31089.0,44,2,3
59,0,0.958904109589041,0.0,40,11,3
52,1,1.0,57540.0,48,2,3
43,0,1.0,0.0,110,14,2
77,0,1.0,0.0,66,1,1
42,0,1.0,0.0,44,6,3
35,0,1.0,0.0,70,9,3
25,0,1.0,0.0,65,2,3
64,0,1.0,0.0,69,2,3
49,0,1.0,0.0,40,2,1
39,0,0.6931506849315069,0.0,74,1,2
29,0,1.0,0.0,98,1,2
65,0,1.0,0.0,67,1,2
29,1,1.0,57540.0,47,2,1
49,0,1.0,0.0,55,12,1
47,0,1.0,0.0,43,7,3
67,0,1.0,0.0,39,6,1
54,0,1.0,0.0,59,1,3
60,0,1.0,0.0,55,1,1
66,0,1.0,0.0,54,1,1
75,0,1.0,0.0,51,1,1
54,0,0.5698630136986301,0.0,33,14,1
33,0,0.4273972602739726,0.0,50,2,2
38,0,1.0,0.0,39,2,1
56,1,1.0,5850.0,29,1,1
38,0,1.0,0.0,50,6,2
59,0,0.3424657534246575,0.0,83,6,1
36,0,1.0,0.0,55,1,2
40,1,0.20821917808219179,27081.0,33,4,0
63,0,1.0,0.0,40,1,1
26,0,1.0,0.0,40,3,2
34,1,1.0,50000.0,99,12,3
49,0,1.0,0.0,106,1,3
43,0,1.0,0.0,35,2,1
50,0,1.0,0.0,90,1,2
51,0,0.16164383561643836,0.0,50,12,2
59,0,0.6712328767123288,0.0,37,1,1
59,0,1.0,0.0,55,2,1
49,0,1.0,0.0,43,11,1
30,0,0.9917808219178083,0.0,83,8,1
82,0,0.8493150684931506,0.0,40,6,3
61,0,0.08493150684931507,0.0,40,3,1
50,0,0.5808219178082191,0.0,63,3,3
23,0,1.0,0.0,55,9,1
66,0,1.0,0.0,36,2,2
43,0,1.0,0.0,85,10,3
30,0,0.915068493150685,0.0,21,3,1
77,0,1.0,0.0,74,1,3
70,0,1.0,0.0,34,6,3
31,0,1.0,0.0,51,1,2
66,0,1.0,0.0,44,3,1
28,1,1.0,5954.0,66,1,3
39,0,0.4712328767123288,0.0,50,3,1
66,0,0.9561643835616438,0.0,58,8,1
48,0,1.0,0.0,53,1,2
51,0,1.0,0.0,43,3,1
31,1,1.0,2607.0,87,2,1
50,0,1.0,0.0,60,3,2
55,0,1.0,0.0,64,14,2
21,0,1.0,0.0,55,1,3
28,0,0.4958904109589041,0.0,37,2,3
72,0,1.0,0.0,68,3,3
42,0,1.0,0.0,54,12,2
31,0,1.0,0.0,40,1,2
30,0,1.0,0.0,76,1,2
42,0,1.0,0.0,40,1,3
54,0,1.0,0.0,40,5,3
77,0,1.0,0.0,82,1,2
56,0,1.0,0.0,65,1,1
25,0,1.0,0.0,37,1,1
38,0,1.0,0.0,50,11,1
31,0,0.684931506849315,0.0,66,1,1
58,0,1.0,0.0,75,1,1
33,0,1.0,0.0,47,12,3
49,0,1.0,0.0,43,1,3
45,0,1.0,0.0,66,6,1
42,0,1.0,0.0,55,1,2
46,0,1.0,0.0,40,1,3
72,0,1.0,0.0,47,1,2
76,2,1.0,40113.0,37,6,1
28,0,0.9041095890410958,0.0,40,2,3
45,0,1.0,0.0,62,7,1
49,0,1.0,0.0,74,6,1
52,0,0.6657534246575343,0.0,52,8,2
53,0,1.0,0.0,54,3,1
51,0,0.08493150684931507,0.0,39,1,3
66,0,1.0,0.0,58,1,1
64,0,1.0,0.0,55,5,1
57,0,1.0,0.0,47,2,1
42,0,1.0,0.0,39,6,3
46,0,1.0,0.0,44,1,1
60,0,1.0,0.0,57,5,2
33,0,1.0,0.0,60,1,1
66,0,1.0,0.0,37,1,1
39,0,1.0,0.0,55,1,1
38,0,1.0,0.0,136,1,2
30,0,1.0,0.0,44,12,2
60,0,0.8246575342465754,0.0,58,1,3
74,0,1.0,0.0,40,9,3
57,0,1.0,0.0,44,15,2
35,0,1.0,0.0,40,1,2
46,0,0.5808219178082191,0.0,40,6,3
46,0,1.0,0.0,66,6,2
30,1,1.0,6534.0,47,1,2
44,0,1.0,0.0,98,2,2
47,0,1.0,0.0,51,1,1
47,0,1.0,0.0,43,13,2
53,0,0.5150684931506849,0.0,66,10,1
46,0,1.0,0.0,55,2,2
70,0,1.0,0.0,77,1,3
41,0,0.2410958904109589,0.0,39,1,2
58,0,1.0,0.0,66,1,3
39,0,1.0,0.0,106,2,2
54,0,1.0,0.0,49,11,1
41,0,1.0,0.0,78,4,2
44,0,1.0,0.0,85,6,3
76,0,1.0,0.0,32,4,1
32,0,0.6054794520547945,0.0,40,10,1
74,0,1.0,0.0,50,1,1
41,0,1.0,0.0,55,1,1
36,1,1.0,28419.0,48,5,2
37,0,0.4136986301369863,0.0,83,1,2
71,0,1.0,0.0,52,5,2
53,0,1.0,0.0,66,1,1
42,0,1.0,0.0,80,3,1
55,0,1.0,0.0,78,2,2
40,0,0.7506849315068493,0.0,53,11,1
62,0,1.0,0.0,55,1,2
29,0,1.0,0.0,43,1,0
28,1,1.0,6284.0,54,5,2
40,0,1.0,0.0,55,10,3
74,0,1.0,0.0,27,5,2
69,0,1.0,0.0,50,2,1
47,0,1.0,0.0,55,1,3
45,0,1.0,0.0,90,1,1
66,0,1.0,0.0,43,1,3
58,0,1.0,0.0,55,1,1
62,0,1.0,0.0,55,1,2
56,0,1.0,0.0,40,1,2
29,0,1.0,0.0,37,1,1
31,0,1.0,0.0,73,2,3
23,0,0.5178082191780822,0.0,103,2,1
43,0,0.4246575342465753,0.0,55,2,3
45,0,1.0,0.0,55,1,2
65,0,1.0,0.0,66,12,1
44,0,1.0,0.0,65,4,1
44,0,1.0,0.0,44,1,3
35,1,1.0,121902.0,40,1,2
59,1,0.8794520547945206,10000.0,43,3,1
42,0,0.3287671232876712,0.0,52,11,2
68,0,0.5534246575342465,0.0,44,12,3
39,0,1.0,0.0,40,2,2
59,0,1.0,0.0,44,10,2
50,0,1.0,0.0,55,2,1
40,0,1.0,0.0,60,6,1
67,0,1.0,0.0,55,1,3
27,0,1.0,0.0,57,10,2
45,0,0.4136986301369863,0.0,110,1,3
28,0,1.0,0.0,55,1,2
64,0,1.0,0.0,51,1,1
38,0,0.3780821917808219,0.0,44,1,3
25,1,1.0,42000.0,68,2,3
45,1,1.0,51540.0,51,3,2
60,0,1.0,0.0,50,3,2
61,0,1.0,0.0,47,1,1
47,0,1.0,0.0,65,1,1
64,0,1.0,0.0,64,1,3
72,0,1.0,0.0,29,10,1
84,0,1.0,0.0,44,9,1
57,0,1.0,0.0,74,3,3
46,0,1.0,0.0,81,8,2
58,0,1.0,0.0,49,2,2
26,0,1.0,0.0,42,6,1
83,0,1.0,0.0,40,16,3
51,0,1.0,0.0,40,11,2
36,1,0.9643835616438357,62000.0,33,11,3
50,0,0.3424657534246575,0.0,30,1,1
36,0,1.0,0.0,55,1,1
34,1,1.0,10000.0,60,1,2
44,0,1.0,0.0,33,12,1
80,1,1.0,39278.0,50,3,3
61,0,1.0,0.0,50,1,3
56,1,1.0,42566.0,73,1,3
45,0,1.0,0.0,100,2,0
36,0,0.5068493150684932,0.0,38,1,1
75,0,1.0,0.0,47,10,2
47,0,0.08493150684931507,0.0,47,2,2
53,0,1.0,0.0,40,10,1
39,1,1.0,7636.0,33,2,1
27,0,1.0,0.0,111,11,1
39,0,1.0,0.0,85,6,2
41,0,1.0,0.0,83,1,2
27,0,0.16164383561643836,0.0,33,2,1
32,0,1.0,0.0,55,2,1
39,0,0.821917808219178,0.0,33,1,1
61,0,1.0,0.0,55,1,3
35,1,0.9643835616438357,2496.0,60,23,1
57,0,1.0,0.0,40,2,1
58,0,0.4958904109589041,0.0,66,12,2
59,0,1.0,0.0,33,1,3
31,0,1.0,0.0,94,1,2
47,0,0.7205479452054795,0.0,40,7,3
45,0,0.2465753424657534,0.0,70,11,2
25,0,1.0,0.0,51,1,1
47,0,1.0,0.0,33,9,1
29,0,0.958904109589041,0.0,38,1,3
39,0,1.0,0.0,40,2,3
29,0,1.0,0.0,40,1,2
31,0,1.0,0.0,66,6,2
65,0,1.0,0.0,63,4,1
35,0,0.8027397260273973,0.0,40,2,3
57,1,1.0,2607.0,51,5,2
25,0,0.5780821917808219,0.0,57,6,2
32,0,1.0,0.0,85,1,1
45,0,1.0,0.0,44,1,2
66,0,1.0,0.0,43,10,1
47,0,1.0,0.0,60,1,3
39,0,1.0,0.0,67,2,2
70,0,1.0,0.0,71,1,1
45,0,1.0,0.0,48,5,2
52,0,1.0,0.0,55,5,3
32,0,1.0,0.0,48,15,3
38,0,1.0,0.0,65,15,1
42,0,1.0,0.0,66,1,1
67,0,1.0,0.0,83,12,3
50,1,0.5561643835616439,57540.0,19,2,3
66,0,0.1780821917808219,0.0,88,6,2
32,0,0.9397260273972603,0.0,44,2,2
45,1,1.0,2607.0,34,2,1
69,1,1.0,5850.0,64,1,2
67,0,1.0,0.0,53,2,1
60,0,1.0,0.0,55,1,3
58,0,0.4958904109589041,0.0,82,2,1
23,0,1.0,0.0,40,3,3
58,0,0.6712328767123288,0.0,55,2,3
49,0,0.3698630136986301,0.0,55,2,2
28,1,1.0,7804.0,58,2,2
43,0,1.0,0.0,50,2,3
42,0,1.0,0.0,90,10,3
41,0,0.27123287671232876,0.0,42,1,1
46,0,1.0,0.0,48,1,1
51,0,1.0,0.0,71,5,1
34,0,0.8054794520547945,0.0,40,11,2
35,0,1.0,0.0,65,1,3
36,0,1.0,0.0,41,11,1
41,0,1.0,0.0,37,1,3
38,0,1.0,0.0,33,7,1
36,1,1.0,2840.0,21,6,1
33,0,1.0,0.0,43,4,3
38,0,1.0,0.0,40,3,1
67,0,1.0,0.0,80,1,1
65,0,1.0,0.0,76,2,1
43,0,0.04657534246575343,0.0,44,1,1
38,0,1.0,0.0,40,13,3
69,0,1.0,0.0,63,5,3
27,0,0.947945205479452,0.0,55,11,3
54,0,1.0,0.0,55,1,2
26,0,1.0,0.0,44,8,2
37,0,1.0,0.0,39,2,2
34,0,1.0,0.0,43,6,0
46,0,1.0,0.0,51,2,1
66,0,1.0,0.0,51,3,3
71,0,1.0,0.0,48,1,3
49,0,0.7479452054794521,0.0,84,3,1
35,1,0.7397260273972602,50000.0,33,5,1
43,0,1.0,0.0,75,2,3
30,0,0.8547945205479452,0.0,42,1,2
64,0,1.0,0.0,68,6,3
64,0,1.0,0.0,36,9,1
31,0,0.4136986301369863,0.0,43,2,2
52,0,1.0,0.0,47,6,1
51,0,1.0,0.0,55,2,1
52,1,1.0,3072.0,66,10,1
59,0,1.0,0.0,47,18,1
63,0,1.0,0.0,42,1,3
69,0,0.6,0.0,55,3,2
44,0,1.0,0.0,85,1,1
33,0,0.3287671232876712,0.0,29,3,3
38,0,1.0,0.0,50,8,2
45,1,1.0,6510.0,50,5,3
27,0,1.0,0.0,43,10,3
54,0,1.0,0.0,48,2,1
44,1,1.0,122142.0,44,10,1
41,0,1.0,0.0,90,8,2
39,3,1.0,65997.0,55,8,1
30,0,1.0,0.0,66,11,1
51,0,1.0,0.0,65,5,2
84,0,1.0,0.0,43,10,2
45,0,1.0,0.0,55,10,2
40,0,1.0,0.0,60,1,3
46,0,1.0,0.0,94,1,2
34,0,1.0,0.0,53,1,1
35,0,1.0,0.0,44,2,3
61,0,1.0,0.0,33,5,2
77,0,1.0,0.0,82,1,1
28,0,1.0,0.0,85,1,2
65,0,0.16712328767123288,0.0,40,12,1
47,0,0.4657534246575342,0.0,94,16,3
43,0,1.0,0.0,55,2,0
69,0,1.0,0.0,83,7,2
41,0,1.0,0.0,65,11,3
53,0,1.0,0.0,55,3,3
25,0,1.0,0.0,55,2,1
65,0,1.0,0.0,85,1,2
24,0,1.0,0.0,114,1,2
71,0,1.0,0.0,98,13,1
51,0,0.5342465753424658,0.0,66,1,1
21,0,0.673972602739726,0.0,40,10,1
35,1,0.33972602739726027,970000.0,55,5,2
51,0,1.0,0.0,34,11,2
37,0,1.0,0.0,55,7,3
37,0,1.0,0.0,41,6,2
49,0,1.0,0.0,55,6,1
29,0,1.0,0.0,66,1,2
56,0,1.0,0.0,55,6,2
70,0,1.0,0.0,70,1,1
44,0,1.0,0.0,52,1,1
21,0,0.5150684931506849,0.0,43,6,1
29,0,1.0,0.0,52,1,1
75,0,1.0,0.0,19,1,2
30,0,0.8410958904109589,0.0,74,3,1
54,0,0.7315068493150685,0.0,45,5,1
38,1,1.0,3426.0,66,6,2
30,0,1.0,0.0,116,1,1
80,0,1.0,0.0,47,1,3
39,0,1.0,0.0,55,17,3
43,0,1.0,0.0,66,1,2
74,0,1.0,0.0,66,9,2
58,0,1.0,0.0,77,2,1
54,0,1.0,0.0,33,1,1
51,0,1.0,0.0,54,1,2
71,0,0.8,0.0,81,10,3
45,0,1.0,0.0,77,1,2
41,0,0.6986301369863014,0.0,77,2,1
32,0,1.0,0.0,54,2,3
37,0,1.0,0.0,43,9,3
50,0,1.0,0.0,77,1,1
33,0,1.0,0.0,40,9,1
25,0,0.8328767123287671,0.0,45,11,2
21,1,1.0,750000.0,44,2,1
35,0,0.6821917808219178,0.0,73,12,1
37,1,0.915068493150685,23231.0,19,1,2
45,0,1.0,0.0,136,1,1
48,0,1.0,0.0,40,9,1
33,0,1.0,0.0,43,7,1
50,1,0.852054794520548,8334.0,26,2,1
30,0,1.0,0.0,67,10,3
36,1,0.7123287671232876,57780.0,34,7,1
71,0,1.0,0.0,59,9,3
52,0,1.0,0.0,65,4,2
27,0,1.0,0.0,48,3,1
47,1,0.863013698630137,46080.0,37,1,3
37,0,1.0,0.0,44,5,1
23,2,1.0,15941.0,44,1,2
61,0,1.0,0.0,54,1,3
37,0,1.0,0.0,43,5,1
48,1,1.0,4720.0,40,1,1
38,0,1.0,0.0,47,1,1
50,0,1.0,0.0,75,2,1
56,0,1.0,0.0,110,1,2
35,0,1.0,0.0,40,2,2
31,0,0.04657534246575343,0.0,74,1,2
68,0,1.0,0.0,55,12,1
69,0,1.0,0.0,64,13,1
64,0,1.0,0.0,90,1,3
75,0,1.0,0.0,54,5,3
44,0,1.0,0.0,60,6,2
22,0,0.7150684931506849,0.0,49,1,1
65,0,1.0,0.0,110,1,3
45,0,1.0,0.0,21,11,2
48,0,1.0,0.0,33,2,2
48,0,1.0,0.0,43,1,3
47,0,1.0,0.0,40,1,3
82,1,1.0,16272.0,63,1,1
45,0,0.7643835616438356,0.0,43,18,3
35,0,0.9013698630136986,0.0,81,1,1
66,0,1.0,0.0,62,5,1
51,1,1.0,2607.0,55,4,2
57,0,1.0,0.0,39,1,1
50,0,0.5808219178082191,0.0,60,6,2
55,0,1.0,0.0,50,1,3
56,0,1.0,0.0,66,8,1
69,0,1.0,0.0,60,1,3
29,1,1.0,121902.0,77,4,3
56,0,0.4136986301369863,0.0,47,11,1
41,0,0.7479452054794521,0.0,44,1,3
45,0,0.2328767123287671,0.0,85,3,1
55,0,1.0,0.0,34,1,3
37,0,0.5287671232876713,0.0,90,1,1
77,0,1.0,0.0,79,6,2
57,0,1.0,0.0,54,5,1
69,0,1.0,0.0,33,10,1
31,0,1.0,0.0,44,10,2
46,0,1.0,0.0,37,2,1
55,0,1.0,0.0,57,2,2
72,0,0.6,0.0,50,6,1
69,1,1.0,2607.0,66,1,2
52,0,1.0,0.0,55,2,3
57,0,1.0,0.0,39,1,1
42,0,1.0,0.0,55,2,1
43,0,1.0,0.0,40,1,3
55,1,1.0,62754.0,115,1,1
34,0,1.0,0.0,40,1,3
24,2,1.0,158243.0,44,15,1
19,0,1.0,0.0,57,1,1
42,0,0.7561643835616438,0.0,37,4,3
50,0,1.0,0.0,55,4,3
58,0,0.5808219178082191,0.0,94,11,3
35,0,1.0,0.0,116,1,2
66,0,1.0,0.0,83,1,2
58,0,1.0,0.0,70,11,1
31,0,1.0,0.0,34,6,3
35,0,1.0,0.0,53,12,2
30,0,1.0,0.0,55,1,1
23,0,0.1506849315068493,0.0,35,1,2
26,0,1.0,0.0,44,1,2
49,0,1.0,0.0,55,10,2
45,0,1.0,0.0,55,1,1
43,0,1.0,0.0,44,1,2
46,0,1.0,0.0,83,4,1
39,0,1.0,0.0,47,13,3
28,1,0.5315068493150685,73831.0,52,22,2
24,0,1.0,0.0,40,1,1
61,0,1.0,0.0,60,2,2
73,0,1.0,0.0,65,1,1
36,0,0.5616438356164384,0.0,40,11,1
65,0,1.0,0.0,44,3,1
36,0,0.5178082191780822,0.0,66,1,1
37,0,1.0,0.0,55,7,2
47,0,1.0,0.0,65,12,3
69,0,1.0,0.0,44,1,1
43,0,1.0,0.0,66,1,1
48,0,1.0,0.0,55,1,1
34,0,1.0,0.0,65,4,2
32,0,1.0,0.0,40,11,2
36,1,1.0,6292.0,43,7,3
35,2,0.8054794520547945,211029.0,54,5,2
21,0,0.5205479452054794,0.0,66,11,1
36,0,1.0,0.0,29,1,1
71,0,1.0,0.0,66,3,2
72,0,1.0,0.0,66,4,3
42,0,1.0,0.0,58,1,2
31,0,1.0,0.0,40,1,1
60,0,0.4986301369863014,0.0,60,1,1
32,0,1.0,0.0,40,11,1
71,0,1.0,0.0,58,1,1
59,0,0.8876712328767123,0.0,85,2,2
43,0,1.0,0.0,38,2,2
40,0,0.5863013698630137,0.0,109,1,1
48,1,1.0,6038.0,43,2,1
49,0,1.0,0.0,33,1,3
41,0,1.0,0.0,47,6,3
44,0,0.2821917808219178,0.0,33,1,1
40,1,1.0,65380.0,34,2,2
25,1,1.0,557541.0,66,2,1
53,0,1.0,0.0,42,12,3
53,0,0.2465753424657534,0.0,93,12,2
30,0,1.0,0.0,60,4,2
42,0,1.0,0.0,60,6,3
48,0,1.0,0.0,85,1,3
48,0,1.0,0.0,33,1,3
51,0,1.0,0.0,75,4,1
25,0,0.5808219178082191,0.0,43,7,2
54,0,1.0,0.0,80,1,1
70,0,1.0,0.0,66,5,1
75,0,0.8136986301369863,0.0,65,1,3
43,0,0.5726027397260274,0.0,40,6,2
64,0,1.0,0.0,48,1,3
29,0,0.5753424657534246,0.0,44,1,2
76,0,1.0,0.0,55,1,2
77,0,1.0,0.0,40,13,1
51,0,1.0,0.0,66,1,1
33,0,1.0,0.0,66,11,3
45,0,1.0,0.0,51,1,2
63,0,1.0,0.0,50,3,1
36,0,1.0,0.0,47,1,2
37,0,1.0,0.0,55,4,1
61,0,1.0,0.0,68,1,2
30,0,1.0,0.0,85,1,1
50,0,1.0,0.0,108,1,2
55,0,1.0,0.0,40,2,1
60,0,1.0,0.0,65,6,3
26,1,0.673972602739726,225000.0,55,2,1
31,0,1.0,0.0,40,1,2
32,0,1.0,0.0,48,1,2
54,0,0.3589041095890411,0.0,51,11,3
38,0,1.0,0.0,36,9,1
45,1,1.0,20963.0,81,3,1
37,0,0.915068493150685,0.0,54,11,1
39,0,0.8301369863013699,0.0,51,1,1
29,0,1.0,0.0,55,3,1
45,0,1.0,0.0,53,11,3
50,1,1.0,36120.0,25,1,1
40,0,1.0,0.0,32,1,1
54,1,1.0,57540.0,60,5,1
42,0,1.0,0.0,42,11,1
58,0,1.0,0.0,39,1,3
39,0,1.0,0.0,40,6,1
40,0,1.0,0.0,96,1,2
66,0,1.0,0.0,67,3,3
31,0,1.0,0.0,44,2,2
44,0,0.4328767123287671,0.0,46,2,3
68,0,1.0,0.0,44,1,3
21,0,0.3506849315068493,0.0,57,1,3
32,0,1.0,0.0,64,8,1
40,0,0.12054794520547946,0.0,40,11,1
36,0,0.6575342465753424,0.0,54,2,3
52,0,1.0,0.0,44,1,3
27,0,0.4136986301369863,0.0,43,1,1
68,0,1.0,0.0,55,5,2
31,0,1.0,0.0,51,2,3
45,0,1.0,0.0,66,3,2
29,0,1.0,0.0,43,1,1
49,0,1.0,0.0,49,19,1
68,1,1.0,22382.0,40,6,3
68,0,0.6657534246575343,0.0,40,6,1
32,0,1.0,0.0,40,1,1
65,0,0.030136986301369864,0.0,60,6,1
47,0,0.6109589041095891,0.0,37,8,2
50,0,1.0,0.0,70,6,1
51,0,0.6904109589041096,0.0,37,12,3
40,0,1.0,0.0,41,7,1
49,0,1.0,0.0,40,6,2
43,0,1.0,0.0,54,1,2
21,1,1.0,65000.0,55,6,3
70,0,1.0,0.0,95,12,1
39,0,1.0,0.0,50,11,2
38,0,1.0,0.0,76,8,2
41,0,1.0,0.0,30,3,2
52,0,1.0,0.0,85,8,1
63,0,1.0,0.0,50,5,2
29,0,1.0,0.0,29,8,2
30,0,1.0,0.0,65,10,2
69,0,1.0,0.0,60,7,2
31,0,1.0,0.0,74,1,1
49,0,0.3452054794520548,0.0,77,1,1
48,0,1.0,0.0,60,8,3
36,0,1.0,0.0,66,1,2
62,0,0.5452054794520548,0.0,44,2,1
58,0,1.0,0.0,48,1,2
50,0,0.0027397260273972603,0.0,37,6,1
49,0,0.35342465753424657,0.0,51,1,2
65,0,1.0,0.0,66,1,2
46,0,1.0,0.0,39,1,2
36,0,1.0,0.0,42,6,1
39,0,1.0,0.0,85,2,1
66,0,1.0,0.0,83,1,3
63,0,1.0,0.0,51,1,1
67,0,1.0,0.0,32,1,3
42,0,1.0,0.0,55,1,1
30,0,1.0,0.0,44,1,2
27,0,1.0,0.0,66,1,1
41,0,1.0,0.0,54,1,2
51,0,1.0,0.0,44,6,1
39,0,0.3452054794520548,0.0,33,5,1
33,0,1.0,0.0,51,1,2
62,0,1.0,0.0,42,5,3
31,0,1.0,0.0,39,1,1
28,0,0.6493150684931507,0.0,63,4,2
25,1,1.0,5324.0,87,2,2
42,0,1.0,0.0,53,5,1
37,0,1.0,0.0,89,2,2
48,0,0.5534246575342465,0.0,19,2,3
21,0,1.0,0.0,52,1,1
49,0,1.0,0.0,38,6,2
40,0,1.0,0.0,82,3,3
44,1,1.0,4343.0,55,1,2
65,0,0.7561643835616438,0.0,54,6,1
51,0,1.0,0.0,33,1,1
54,0,1.0,0.0,62,1,3
45,0,1.0,0.0,69,11,1
37,0,0.41643835616438357,0.0,54,1,2
56,0,1.0,0.0,55,6,3
25,0,0.3452054794520548,0.0,54,2,1
50,0,1.0,0.0,66,8,1
47,0,0.6328767123287671,0.0,63,12,3
30,0,1.0,0.0,48,2,3
39,0,0.8465753424657534,0.0,81,1,1
41,0,1.0,0.0,52,14,3
30,0,1.0,0.0,52,1,3
50,0,1.0,0.0,38,5,1
67,0,0.9041095890410958,0.0,33,6,2
35,0,0.24383561643835616,0.0,142,9,2
47,0,0.7890410958904109,0.0,66,1,1
49,0,1.0,0.0,49,1,2
62,0,1.0,0.0,40,5,3
27,0,1.0,0.0,66,1,1
27,0,1.0,0.0,87,2,1
34,0,1.0,0.0,37,1,1
38,0,0.4136986301369863,0.0,40,17,1
38,0,1.0,0.0,19,3,1
33,0,1.0,0.0,66,2,2
46,1,0.8328767123287671,57540.0,49,2,1
26,0,1.0,0.0,85,1,1
52,0,1.0,0.0,66,3,1
62,0,1.0,0.0,55,2,3
55,0,1.0,0.0,54,1,3
39,1,1.0,42613.0,34,5,3
34,2,1.0,11008.0,68,4,1
53,0,1.0,0.0,74,2,1
41,1,1.0,12315.0,84,2,2
20,1,1.0,40372.0,65,7,3
47,0,1.0,0.0,66,8,2
44,0,1.0,0.0,47,11,1
41,1,1.0,30250.0,64,1,1
39,1,1.0,5850.0,77,2,1
48,1,1.0,7357.0,91,5,3
40,0,1.0,0.0,51,2,1
58,0,1.0,0.0,55,5,1
54,0,1.0,0.0,54,9,1
44,0,1.0,0.0,55,14,1
68,0,1.0,0.0,52,6,2
43,0,1.0,0.0,33,11,1
56,0,0.9534246575342465,0.0,60,12,1
47,0,1.0,0.0,115,9,2
39,0,0.3150684931506849,0.0,66,1,3
38,0,1.0,0.0,110,2,2
61,0,1.0,0.0,55,1,3
58,0,0.04657534246575343,0.0,38,1,3
53,0,1.0,0.0,30,2,1
26,1,0.9671232876712329,57540.0,75,1,1
24,0,0.7150684931506849,0.0,65,6,2
59,0,1.0,0.0,66,1,1
37,0,1.0,0.0,102,1,2
57,0,1.0,0.0,55,1,2
47,1,1.0,39133.0,75,1,2
22,0,1.0,0.0,44,1,3
42,0,0.5506849315068493,0.0,54,2,2
47,0,1.0,0.0,40,1,1
55,0,1.0,0.0,49,1,2
35,1,1.0,2988.0,74,1,3
54,1,1.0,5408.0,65,1,2
25,0,0.7479452054794521,0.0,85,19,1
46,0,1.0,0.0,40,11,1
34,0,1.0,0.0,80,1,1
33,1,1.0,5850.0,47,2,2
58,0,1.0,0.0,66,3,3
40,0,1.0,0.0,48,2,1
50,1,1.0,2607.0,33,3,1
38,0,0.2684931506849315,0.0,40,6,1
39,0,1.0,0.0,40,6,1
49,0,1.0,0.0,65,1,1
28,0,1.0,0.0,55,2,1
35,1,1.0,35299.0,33,2,3
64,0,1.0,0.0,51,1,1
30,0,0.7424657534246575,0.0,33,1,3
32,0,1.0,0.0,25,1,1
39,0,0.4465753424657534,0.0,66,2,3
40,0,0.4383561643835616,0.0,85,2,2
35,0,1.0,0.0,66,1,3
40,0,1.0,0.0,85,1,2
35,0,0.7945205479452054,0.0,40,17,3
75,0,1.0,0.0,55,11,1
32,0,1.0,0.0,65,5,2
42,0,1.0,0.0,52,5,2
60,0,1.0,0.0,141,1,1
34,0,1.0,0.0,42,1,3
55,0,1.0,0.0,84,9,1
63,0,1.0,0.0,40,12,2
73,0,1.0,0.0,41,2,3
65,0,1.0,0.0,84,1,3
45,0,0.0547945205479452,0.0,83,10,3
50,1,0.4684931506849315,50000.0,74,1,2
53,0,1.0,0.0,48,7,3
51,0,0.4931506849315068,0.0,53,2,1
50,0,1.0,0.0,84,1,3
24,1,1.0,20000.0,66,1,3
38,0,1.0,0.0,66,2,2
63,0,1.0,0.0,66,21,0
51,0,1.0,0.0,44,1,3
59,0,0.15616438356164383,0.0,43,2,3
22,0,1.0,0.0,40,1,3
55,0,1.0,0.0,50,6,2
29,0,1.0,0.0,66,9,1
31,0,1.0,0.0,63,7,1
46,0,0.8958904109589041,0.0,52,1,1
25,0,0.7506849315068493,0.0,66,1,3
52,0,0.6082191780821918,0.0,100,1,1
36,0,1.0,0.0,64,9,2
62,1,1.0,57540.0,43,8,1
46,0,1.0,0.0,51,2,3
76,0,1.0,0.0,40,1,1
51,0,1.0,0.0,34,1,1
61,0,1.0,0.0,68,7,3
36,0,0.5287671232876713,0.0,37,2,1
76,0,1.0,0.0,75,10,2
70,0,0.8,0.0,39,1,2
63,0,0.10410958904109589,0.0,92,5,1
35,0,0.989041095890411,0.0,65,12,1
60,0,0.33424657534246577,0.0,40,2,1
43,0,1.0,0.0,49,3,3
53,0,1.0,0.0,47,2,1
35,0,0.4958904109589041,0.0,51,10,3
66,0,0.9753424657534246,0.0,43,1,1
50,0,1.0,0.0,47,2,1
36,0,1.0,0.0,37,3,3
41,0,1.0,0.0,37,5,2
24,1,0.8657534246575342,5506.0,54,7,2
73,0,0.7534246575342466,0.0,55,2,3
64,0,1.0,0.0,51,1,3
41,1,1.0,96167.0,40,5,1
59,0,0.35342465753424657,0.0,65,6,1
31,0,0.7589041095890411,0.0,50,1,3
66,1,1.0,20000.0,40,12,2
55,2,1.0,5545.0,39,2,2
25,0,1.0,0.0,40,1,3
43,1,1.0,5324.0,40,1,1
28,0,0.32602739726027397,0.0,51,3,1
34,0,1.0,0.0,40,2,3
27,0,1.0,0.0,66,11,2
49,0,1.0,0.0,40,1,1
48,0,1.0,0.0,54,1,1
61,0,1.0,0.0,40,1,3
32,0,1.0,0.0,60,1,1
45,0,1.0,0.0,65,13,1
46,0,1.0,0.0,60,1,2
36,0,1.0,0.0,55,1,2
25,0,0.10410958904109589,0.0,40,12,3
31,0,0.44931506849315067,0.0,53,1,1
28,0,0.2465753424657534,0.0,55,2,2
34,0,1.0,0.0,74,2,2
38,0,1.0,0.0,96,2,1
40,0,1.0,0.0,77,12,2
45,0,1.0,0.0,59,13,3
46,0,0.8356164383561644,0.0,64,11,2
37,0,1.0,0.0,40,1,1
47,1,1.0,6486.0,56,2,3
44,0,0.7232876712328767,0.0,100,12,2
56,0,1.0,0.0,42,3,3
39,0,1.0,0.0,33,7,2
61,0,1.0,0.0,44,1,2
58,0,1.0,0.0,40,5,2
48,0,1.0,0.0,95,2,2
30,0,1.0,0.0,60,1,2
30,0,1.0,0.0,71,8,2
55,0,1.0,0.0,57,8,2
32,0,1.0,0.0,82,6,1
62,0,1.0,0.0,81,12,2
70,0,1.0,0.0,55,4,2
32,0,1.0,0.0,83,1,3
64,0,0.16712328767123288,0.0,85,8,1
31,0,0.7479452054794521,0.0,41,2,1
23,0,1.0,0.0,55,4,3
33,0,0.3287671232876712,0.0,44,2,1
53,1,1.0,8350.0,66,1,2
47,0,0.3150684931506849,0.0,55,1,0
75,0,0.29041095890410956,0.0,90,6,3
26,0,0.3178082191780822,0.0,66,10,3
45,0,1.0,0.0,55,2,2
57,0,0.9178082191780822,0.0,37,1,3
62,0,0.7972602739726027,0.0,43,7,3
25,0,1.0,0.0,37,1,3
49,0,1.0,0.0,66,12,2
64,0,1.0,0.0,66,1,1
28,0,1.0,0.0,83,1,3
63,0,1.0,0.0,83,3,1
53,0,0.14246575342465753,0.0,66,2,1
63,0,1.0,0.0,55,1,2
23,0,1.0,0.0,37,5,3
36,0,0.3150684931506849,0.0,55,2,1
24,1,1.0,272024.0,66,2,1
53,0,1.0,0.0,51,1,3
37,0,1.0,0.0,51,1,1
27,0,1.0,0.0,47,1,1
31,0,1.0,0.0,25,2,3
27,0,1.0,0.0,40,1,1
20,0,1.0,0.0,85,8,3
49,0,1.0,0.0,37,2,1
50,0,1.0,0.0,55,6,1
72,0,1.0,0.0,59,1,3
33,0,1.0,0.0,57,8,2
56,0,1.0,0.0,40,1,2
41,0,0.410958904109589,0.0,54,7,1
35,0,0.6931506849315069,0.0,47,2,1
62,0,0.8958904109589041,0.0,66,6,2
63,0,1.0,0.0,48,12,1
51,0,0.6657534246575343,0.0,106,1,3
75,0,1.0,0.0,126,1,1
69,1,1.0,22692.0,85,12,2
53,0,1.0,0.0,66,4,3
46,0,1.0,0.0,108,3,3
66,0,1.0,0.0,43,3,1
31,0,0.7479452054794521,0.0,33,2,1
47,0,0.5232876712328767,0.0,66,2,3
35,0,1.0,0.0,84,12,1
50,0,1.0,0.0,75,2,3
55,0,1.0,0.0,66,9,3
47,0,1.0,0.0,85,9,2
34,0,1.0,0.0,40,5,1
45,0,0.547945205479452,0.0,84,1,1
51,0,1.0,0.0,44,1,1
33,1,1.0,2269.0,85,4,2
40,0,1.0,0.0,40,1,2
54,1,1.0,8882.0,65,5,3
22,0,0.29315068493150687,0.0,68,3,3
32,0,0.3835616438356164,0.0,66,1,1
45,0,0.8410958904109589,0.0,46,1,3
25,2,1.0,346733.0,93,1,1
22,0,0.8493150684931506,0.0,53,6,1
71,0,1.0,0.0,33,1,3
48,0,1.0,0.0,35,3,1
33,0,1.0,0.0,43,3,3
39,0,1.0,0.0,33,1,1
67,0,1.0,0.0,40,2,3
23,0,1.0,0.0,40,12,1
71,0,1.0,0.0,38,2,1
32,0,0.4958904109589041,0.0,64,6,2
21,0,1.0,0.0,33,5,3
42,1,1.0,63414.0,55,9,2
69,0,1.0,0.0,69,1,1
52,0,1.0,0.0,39,9,1
44,0,1.0,0.0,85,6,0
39,0,0.7671232876712328,0.0,60,1,1
71,0,1.0,0.0,34,10,2
29,0,1.0,0.0,90,1,3
50,0,0.4,0.0,66,1,2
69,0,1.0,0.0,33,6,2
41,0,1.0,0.0,40,1,1
62,0,0.3287671232876712,0.0,34,6,1
24,0,1.0,0.0,55,5,3
44,0,0.08493150684931507,0.0,65,1,1
38,0,1.0,0.0,74,2,1
47,0,1.0,0.0,44,4,1
28,1,1.0,32761.0,64,1,3
43,0,1.0,0.0,77,5,1
70,0,1.0,0.0,43,12,1
47,0,1.0,0.0,66,1,1
38,0,1.0,0.0,25,2,2
54,0,1.0,0.0,44,12,3
50,1,1.0,62325.0,44,12,3
46,0,1.0,0.0,39,1,2
27,0,1.0,0.0,48,1,3
48,0,1.0,0.0,37,1,1
44,0,1.0,0.0,41,1,3
31,0,1.0,0.0,66,8,2
28,0,0.33972602739726027,0.0,37,1,2
52,0,0.4136986301369863,0.0,66,2,1
39,0,0.9424657534246575,0.0,100,1,1
34,0,1.0,0.0,43,1,3
39,0,1.0,0.0,65,5,1
47,0,1.0,0.0,52,7,2
54,1,1.0,57540.0,47,10,3
53,1,1.0,62754.0,47,1,2
44,0,0.27123287671232876,0.0,39,2,1
80,1,1.0,6646.0,73,3,2
55,0,1.0,0.0,39,6,1
67,0,0.9205479452054794,0.0,39,1,3
46,0,1.0,0.0,44,1,1
26,0,1.0,0.0,54,5,2
28,1,1.0,74838.0,39,2,3
38,0,1.0,0.0,63,1,1
58,0,0.8301369863013699,0.0,66,1,2
46,0,1.0,0.0,44,12,1
66,0,1.0,0.0,33,7,1
54,0,1.0,0.0,55,6,3
27,0,1.0,0.0,33,3,1
60,0,1.0,0.0,48,4,1
39,0,1.0,0.0,55,5,1
41,1,1.0,22392.0,54,6,1
66,0,1.0,0.0,51,3,1
57,0,0.3287671232876712,0.0,52,1,1
54,0,1.0,0.0,40,5,2
62,0,1.0,0.0,65,2,2
44,0,1.0,0.0,65,1,2
50,0,1.0,0.0,39,16,1
53,0,0.4958904109589041,0.0,55,12,2
71,0,0.8657534246575342,0.0,45,1,2
28,0,1.0,0.0,40,1,2
58,0,1.0,0.0,57,1,3
77,0,1.0,0.0,85,6,2
64,0,1.0,0.0,61,1,1
36,0,1.0,0.0,43,12,3
67,0,1.0,0.0,70,2,1
71,0,1.0,0.0,60,5,3
40,0,1.0,0.0,33,1,1
39,0,1.0,0.0,62,4,1
49,0,1.0,0.0,21,6,2
53,0,1.0,0.0,39,1,1
44,0,0.6575342465753424,0.0,77,8,3
61,0,1.0,0.0,43,2,1
71,0,1.0,0.0,47,1,1
34,1,1.0,57540.0,44,1,2
46,0,1.0,0.0,44,2,2
74,0,1.0,0.0,68,1,3
22,0,0.9534246575342465,0.0,33,2,3
29,0,1.0,0.0,40,8,2
78,0,1.0,0.0,48,3,2
20,0,1.0,0.0,50,1,2
45,0,0.8767123287671232,0.0,33,1,2
47,0,1.0,0.0,43,1,1
27,0,1.0,0.0,60,5,3
66,0,1.0,0.0,40,2,3
38,0,1.0,0.0,55,4,2
62,0,1.0,0.0,38,6,1
33,1,1.0,47731.0,66,1,3
41,0,1.0,0.0,39,2,2
34,0,1.0,0.0,110,1,3
30,0,0.4821917808219178,0.0,90,12,1
71,0,1.0,0.0,77,1,1
69,0,1.0,0.0,44,7,3
63,0,1.0,0.0,66,1,1
62,0,1.0,0.0,40,1,2
69,0,1.0,0.0,40,1,3
31,0,1.0,0.0,101,3,2
39,0,1.0,0.0,51,6,1
66,1,1.0,5324.0,67,5,2
22,0,1.0,0.0,124,3,1
43,0,1.0,0.0,40,10,1
27,1,1.0,5850.0,42,1,1
37,0,1.0,0.0,40,2,3
33,0,0.7863013698630137,0.0,65,6,1
35,0,1.0,0.0,94,1,2
55,0,1.0,0.0,66,2,1
37,0,1.0,0.0,85,3,3
39,1,1.0,4900.0,54,7,2
54,0,0.16164383561643836,0.0,50,2,2
35,0,1.0,0.0,33,5,1
32,0,0.4136986301369863,0.0,47,5,2
43,0,0.2410958904109589,0.0,37,3,2
63,0,1.0,0.0,55,1,2
29,0,1.0,0.0,66,3,1
35,0,0.2136986301369863,0.0,38,1,3
67,0,0.5424657534246575,0.0,33,13,1
86,0,0.6383561643835617,0.0,40,10,1
73,0,1.0,0.0,59,1,3
73,1,1.0,17830.0,47,11,1
61,1,1.0,90947.0,43,12,2
45,0,1.0,0.0,80,9,3
55,0,1.0,0.0,39,1,2
80,0,1.0,0.0,40,1,2
61,0,1.0,0.0,85,15,1
25,1,1.0,57540.0,64,6,2
46,0,1.0,0.0,54,5,1
37,0,1.0,0.0,55,5,2
40,0,1.0,0.0,51,3,3
42,1,1.0,51540.0,51,1,1
24,0,1.0,0.0,67,4,3
42,0,1.0,0.0,43,1,2
51,0,0.6712328767123288,0.0,66,15,3
33,0,0.4876712328767123,0.0,85,15,3
23,1,0.8931506849315068,3240.0,40,12,2
40,0,1.0,0.0,53,2,3
48,0,1.0,0.0,51,6,1
35,0,1.0,0.0,55,1,1
34,0,0.915068493150685,0.0,50,8,3
69,0,1.0,0.0,40,6,3
54,0,1.0,0.0,33,1,3
49,0,1.0,0.0,52,1,2
61,0,1.0,0.0,66,6,2
48,0,1.0,0.0,53,4,2
38,0,1.0,0.0,60,6,3
46,0,0.8328767123287671,0.0,85,1,2
57,0,0.547945205479452,0.0,37,1,3
41,1,1.0,76211.0,39,1,2
75,0,1.0,0.0,54,2,1
51,1,1.0,2997.0,71,3,3
27,0,1.0,0.0,63,10,3
51,1,1.0,6066.0,55,1,1
38,0,1.0,0.0,70,6,3
36,0,1.0,0.0,13,2,2
30,0,1.0,0.0,39,1,2
50,0,1.0,0.0,38,4,1
61,0,1.0,0.0,43,1,3
24,0,0.6082191780821918,0.0,48,1,2
48,0,1.0,0.0,52,8,1
25,0,1.0,0.0,65,1,3
40,0,1.0,0.0,68,6,3
43,0,0.6931506849315069,0.0,55,2,2
28,0,0.18082191780821918,0.0,31,1,2
59,0,1.0,0.0,44,1,1
21,0,0.273972602739726,0.0,37,10,1
39,1,1.0,2706.0,40,2,1
52,0,1.0,0.0,66,1,3
26,0,1.0,0.0,43,1,2
33,0,0.5041095890410959,0.0,85,4,2
44,0,0.3287671232876712,0.0,66,1,2
32,0,0.5013698630136987,0.0,44,1,1
67,0,0.6054794520547945,0.0,66,12,2
77,0,1.0,0.0,51,10,2
63,0,1.0,0.0,43,3,3
51,0,1.0,0.0,85,8,1
75,0,1.0,0.0,55,15,2
46,0,1.0,0.0,69,2,3
71,0,1.0,0.0,55,5,2
53,0,1.0,0.0,55,5,3
61,0,1.0,0.0,55,1,1
41,0,1.0,0.0,45,12,2
36,1,1.0,5850.0,47,3,1
62,0,1.0,0.0,40,1,2
30,0,1.0,0.0,90,1,3
31,0,1.0,0.0,93,4,1
26,0,1.0,0.0,47,1,2
59,0,1.0,0.0,81,1,3
86,0,1.0,0.0,66,2,1
76,0,1.0,0.0,55,1,2
52,0,0.1589041095890411,0.0,64,2,3
50,0,1.0,0.0,47,1,3
32,1,0.8164383561643835,7360.0,66,12,3
30,0,1.0,0.0,50,2,2
49,0,0.5123287671232877,0.0,89,1,1
72,0,1.0,0.0,65,1,3
34,0,1.0,0.0,100,1,2
65,0,1.0,0.0,47,6,1
28,0,1.0,0.0,44,1,1
25,0,1.0,0.0,48,12,3
28,0,1.0,0.0,59,2,2
38,0,1.0,0.0,80,1,1
74,0,1.0,0.0,37,11,2
26,0,1.0,0.0,55,1,1
33,1,1.0,3146.0,85,5,1
46,0,0.336986301369863,0.0,55,1,1
21,0,1.0,0.0,53,1,1
66,0,1.0,0.0,66,7,3
33,0,1.0,0.0,55,12,1
48,0,1.0,0.0,90,10,2
78,0,1.0,0.0,40,2,3
51,1,1.0,2840.0,64,1,1
44,0,0.8082191780821918,0.0,67,1,3
75,0,1.0,0.0,43,1,2
30,0,0.3863013698630137,0.0,83,4,1
53,0,1.0,0.0,32,12,3
48,0,1.0,0.0,55,3,2
45,0,1.0,0.0,40,6,2
86,0,1.0,0.0,68,3,1
49,0,1.0,0.0,78,5,1
62,0,1.0,0.0,69,16,3
39,0,1.0,0.0,55,1,2
66,0,0.915068493150685,0.0,32,9,1
38,0,1.0,0.0,37,2,1
28,0,1.0,0.0,51,1,3
56,0,1.0,0.0,66,4,3
51,0,1.0,0.0,65,10,1
47,0,1.0,0.0,60,1,3
77,0,1.0,0.0,44,1,2
41,0,1.0,0.0,44,6,1
45,0,1.0,0.0,66,1,2
27,0,0.13972602739726028,0.0,43,1,3
39,0,1.0,0.0,73,1,3
45,0,1.0,0.0,93,7,3
62,0,1.0,0.0,48,1,1
57,0,1.0,0.0,47,3,2
65,0,1.0,0.0,74,1,2
38,0,1.0,0.0,40,1,3
47,0,1.0,0.0,33,5,2
46,0,0.3287671232876712,0.0,90,1,1
68,0,1.0,0.0,44,1,1
44,0,1.0,0.0,55,2,3
55,0,1.0,0.0,81,10,1
30,0,0.8082191780821918,0.0,85,4,1
35,0,1.0,0.0,70,6,1
28,0,0.29315068493150687,0.0,33,1,1
33,1,1.0,5662.0,66,1,1
38,0,1.0,0.0,59,1,3
68,0,0.5808219178082191,0.0,70,3,1
70,0,1.0,0.0,51,5,3
35,0,1.0,0.0,74,13,2
27,0,1.0,0.0,92,1,1
41,0,1.0,0.0,43,2,1
71,1,1.0,8675.0,44,2,2
39,0,1.0,0.0,47,1,2
32,1,1.0,10000.0,47,5,3
37,0,0.33424657534246577,0.0,43,1,1
66,0,1.0,0.0,51,1,2
44,0,1.0,0.0,110,1,1
27,1,0.2493150684931507,3008.0,39,7,1
41,0,1.0,0.0,55,2,3
44,1,1.0,5850.0,52,1,1
70,0,0.7041095890410959,0.0,29,3,1
61,0,0.44931506849315067,0.0,40,12,2
31,0,1.0,0.0,43,2,2
57,0,0.043835616438356165,0.0,66,1,1
64,0,1.0,0.0,90,4,1
31,0,1.0,0.0,43,12,2
42,0,0.8383561643835616,0.0,37,2,3
62,0,1.0,0.0,83,1,1
60,0,1.0,0.0,54,1,3
75,0,1.0,0.0,38,2,3
26,0,1.0,0.0,65,1,2
62,0,1.0,0.0,66,1,3
49,0,1.0,0.0,94,2,1
34,0,1.0,0.0,54,10,1
45,0,1.0,0.0,235,1,1
62,0,1.0,0.0,70,8,2
37,1,1.0,2840.0,80,1,1
47,0,1.0,0.0,60,8,2
40,0,1.0,0.0,66,1,1
47,1,1.0,37900.0,40,11,1
34,0,0.589041095890411,0.0,60,2,1
64,0,1.0,0.0,95,3,1
40,0,1.0,0.0,92,7,2
43,0,1.0,0.0,51,2,3
19,0,1.0,0.0,44,6,1
58,0,1.0,0.0,66,11,1
63,0,1.0,0.0,68,1,2
43,0,1.0,0.0,44,10,1
44,0,1.0,0.0,57,1,3
47,0,1.0,0.0,40,1,1
47,0,0.8794520547945206,0.0,54,14,1
63,0,0.2465753424657534,0.0,55,2,1
57,0,1.0,0.0,31,1,2
68,0,0.7534246575342466,0.0,57,1,1
53,0,0.5205479452054794,0.0,50,6,3
26,0,1.0,0.0,58,16,1
26,0,0.8082191780821918,0.0,73,11,1
23,0,1.0,0.0,66,13,1
66,0,0.8958904109589041,0.0,33,12,1
72,0,1.0,0.0,39,1,3
46,0,1.0,0.0,44,6,3
26,0,1.0,0.0,40,1,2
53,0,1.0,0.0,29,5,2
47,0,1.0,0.0,40,6,2
59,0,1.0,0.0,46,1,1
51,0,0.4602739726027397,0.0,34,9,2
52,0,1.0,0.0,60,1,1
34,0,1.0,0.0,44,1,1
62,0,0.9068493150684932,0.0,65,8,0
48,0,1.0,0.0,44,2,2
44,0,1.0,0.0,66,1,2
47,0,1.0,0.0,77,1,3
75,0,1.0,0.0,33,3,3
67,0,1.0,0.0,58,1,3
54,0,1.0,0.0,41,8,2
37,0,1.0,0.0,43,2,1
41,0,1.0,0.0,49,1,1
56,1,1.0,7883.0,33,7,1
75,0,1.0,0.0,54,5,2
42,0,0.9095890410958904,0.0,33,7,2
39,0,1.0,0.0,70,5,2
42,0,1.0,0.0,25,1,1
42,0,1.0,0.0,51,6,2
67,0,1.0,0.0,39,4,2
27,0,1.0,0.0,47,3,1
42,0,0.15616438356164383,0.0,40,2,2
34,0,1.0,0.0,40,7,2
53,0,1.0,0.0,65,2,2
24,0,0.5150684931506849,0.0,47,12,1
68,0,1.0,0.0,65,2,3
36,0,1.0,0.0,90,1,3
30,1,1.0,57540.0,40,7,1
45,0,1.0,0.0,26,2,1
29,0,1.0,0.0,90,2,1
64,0,0.9424657534246575,0.0,29,2,2
73,0,0.7150684931506849,0.0,40,4,3
42,0,0.3835616438356164,0.0,66,2,1
47,1,0.13972602739726028,5770.0,66,1,3
46,0,0.16164383561643836,0.0,33,10,1
49,0,1.0,0.0,55,5,1
71,0,0.4465753424657534,0.0,55,10,1
41,0,0.3287671232876712,0.0,44,2,1
32,0,1.0,0.0,89,2,1
60,0,0.8383561643835616,0.0,40,1,2
26,0,1.0,0.0,96,3,1
41,0,1.0,0.0,85,3,3
41,0,1.0,0.0,55,4,3
43,0,1.0,0.0,29,13,2
40,0,1.0,0.0,44,5,2
34,0,0.7726027397260274,0.0,85,2,3
34,0,1.0,0.0,59,14,3
44,0,1.0,0.0,44,11,2
36,0,1.0,0.0,48,1,3
75,1,1.0,3691.0,110,2,1
38,0,1.0,0.0,90,2,3
69,0,1.0,0.0,55,2,1
72,0,1.0,0.0,55,9,3
76,0,1.0,0.0,44,12,3
42,0,0.5506849315068493,0.0,47,1,2
24,0,0.21643835616438356,0.0,86,1,1
29,0,1.0,0.0,33,1,2
31,1,0.7863013698630137,57540.0,55,2,1
44,0,1.0,0.0,43,1,1
54,0,1.0,0.0,60,1,2
47,0,1.0,0.0,42,1,2
36,0,0.04657534246575343,0.0,43,1,1
28,0,0.13150684931506848,0.0,40,2,2
35,0,1.0,0.0,60,3,1
54,0,0.726027397260274,0.0,55,11,1
69,0,1.0,0.0,33,10,3
27,0,0.1780821917808219,0.0,33,1,1
71,0,1.0,0.0,70,6,2
43,0,1.0,0.0,66,1,3
39,0,0.1917808219178082,0.0,64,1,2
68,0,1.0,0.0,66,1,3
38,0,1.0,0.0,66,1,3
63,0,1.0,0.0,44,7,1
68,0,1.0,0.0,60,1,2
28,0,1.0,0.0,50,1,3
33,0,1.0,0.0,40,2,1
69,0,1.0,0.0,44,12,1
37,0,1.0,0.0,39,1,3
30,0,1.0,0.0,43,5,3
63,0,1.0,0.0,51,1,1
37,0,0.2876712328767123,0.0,47,5,1
33,1,0.4794520547945205,4452.0,40,10,1
51,0,1.0,0.0,35,2,3
29,1,1.0,2988.0,42,2,2
31,0,0.0136986301369863,0.0,40,14,1
48,0,1.0,0.0,43,2,1
44,0,0.8767123287671232,0.0,47,1,2
70,0,1.0,0.0,65,1,3
60,0,1.0,0.0,85,1,3
56,0,1.0,0.0,34,1,1
71,1,1.0,6066.0,65,7,2
83,0,1.0,0.0,77,11,3
57,0,0.4712328767123288,0.0,110,2,1
33,0,1.0,0.0,90,1,1
30,0,0.23013698630136986,0.0,65,2,3
39,0,1.0,0.0,82,2,1
57,0,1.0,0.0,65,1,1
50,0,1.0,0.0,41,1,1
38,0,1.0,0.0,55,6,1
65,0,1.0,0.0,53,1,1
23,1,1.0,257000.0,63,1,3
25,0,0.33424657534246577,0.0,85,6,1
35,0,0.915068493150685,0.0,33,1,1
29,0,0.38904109589041097,0.0,74,1,3
70,0,0.0410958904109589,0.0,58,7,3
60,0,1.0,0.0,74,1,3
35,0,1.0,0.0,51,12,1
60,0,0.915068493150685,0.0,50,6,1
50,0,1.0,0.0,85,6,2
58,0,1.0,0.0,54,2,1
51,0,1.0,0.0,70,1,1
32,0,0.5589041095890411,0.0,55,11,3
54,0,0.6657534246575343,0.0,47,7,3
72,0,1.0,0.0,50,8,2
30,0,0.20273972602739726,0.0,40,11,1
36,1,1.0,5680.0,37,1,2
50,1,1.0,57540.0,64,2,1
55,0,0.9534246575342465,0.0,89,3,1
45,0,1.0,0.0,85,11,3
45,1,1.0,5276.0,82,8,3
37,0,0.07671232876712329,0.0,55,1,2
60,0,1.0,0.0,60,2,3
42,0,1.0,0.0,66,6,1
72,0,1.0,0.0,44,2,1
34,0,0.4931506849315068,0.0,68,1,2
54,0,1.0,0.0,60,12,3
59,0,1.0,0.0,41,12,1
73,0,1.0,0.0,43,2,1
33,0,1.0,0.0,40,1,1
42,0,1.0,0.0,51,12,1
39,0,0.673972602739726,0.0,48,1,2
28,1,0.04657534246575343,6292.0,55,1,1
45,0,1.0,0.0,55,13,3
75,0,1.0,0.0,49,3,3
21,0,0.2465753424657534,0.0,61,1,3
31,0,1.0,0.0,81,12,3
40,1,1.0,63293.0,43,7,2
61,0,0.4301369863013699,0.0,33,2,3
51,0,1.0,0.0,55,1,2
71,0,1.0,0.0,80,12,1
40,0,0.4136986301369863,0.0,62,2,1
20,0,1.0,0.0,90,10,3
61,0,1.0,0.0,101,7,3
41,0,1.0,0.0,100,5,3
46,0,1.0,0.0,85,6,1
27,1,1.0,81244.0,74,1,1
41,0,1.0,0.0,26,1,3
39,0,0.26575342465753427,0.0,32,6,3
60,0,1.0,0.0,64,1,3
68,0,1.0,0.0,40,6,1
34,0,1.0,0.0,68,5,2
62,0,1.0,0.0,44,6,3
31,0,1.0,0.0,40,6,1
48,0,1.0,0.0,40,2,3
49,0,0.25205479452054796,0.0,80,1,3
32,0,1.0,0.0,49,2,3
69,0,1.0,0.0,46,2,3
50,0,0.6602739726027397,0.0,65,10,1
62,1,1.0,8673.0,55,2,3
44,0,1.0,0.0,44,6,1
42,1,1.0,161197.0,40,2,1
34,0,1.0,0.0,43,5,1
64,0,1.0,0.0,65,2,2
45,0,0.08493150684931507,0.0,37,1,2
25,0,0.4657534246575342,0.0,29,12,2
39,1,1.0,5214.0,50,11,3
30,0,1.0,0.0,50,2,3
68,0,1.0,0.0,66,9,2
34,0,1.0,0.0,50,1,1
36,0,0.8328767123287671,0.0,43,2,3
45,0,0.3506849315068493,0.0,43,1,2
45,0,1.0,0.0,85,2,3
57,0,1.0,0.0,66,2,2
39,1,1.0,2925.0,36,1,1
61,0,1.0,0.0,95,1,3
22,0,1.0,0.0,66,14,3
48,0,1.0,0.0,45,2,3
61,0,1.0,0.0,55,2,3
44,0,1.0,0.0,55,2,1
33,0,1.0,0.0,34,7,3
38,1,1.0,2609.0,85,12,3
49,0,1.0,0.0,33,1,3
68,0,0.6465753424657534,0.0,55,2,1
33,0,1.0,0.0,48,1,3
40,0,1.0,0.0,60,1,2
42,0,1.0,0.0,40,1,3
42,0,1.0,0.0,43,1,1
46,0,1.0,0.0,45,2,1
69,0,1.0,0.0,43,2,1
63,0,1.0,0.0,66,2,3
57,0,1.0,0.0,66,1,2
45,1,1.0,57540.0,55,10,3
48,0,1.0,0.0,62,1,1
27,0,1.0,0.0,55,2,2
66,0,1.0,0.0,40,8,1
24,0,1.0,0.0,51,4,1
79,0,1.0,0.0,77,1,2
41,0,1.0,0.0,25,1,3
24,0,1.0,0.0,33,18,1
70,0,0.673972602739726,0.0,55,16,3
33,0,0.7726027397260274,0.0,50,2,1
43,0,1.0,0.0,40,1,3
73,0,1.0,0.0,33,9,3
63,0,1.0,0.0,50,1,3
40,0,1.0,0.0,65,10,2
26,0,0.7479452054794521,0.0,37,6,2
33,1,1.0,78544.0,48,1,1
29,0,1.0,0.0,60,6,3
38,0,0.3287671232876712,0.0,53,1,1
24,0,1.0,0.0,40,1,1
21,0,0.1917808219178082,0.0,44,11,2
66,0,1.0,0.0,87,10,1
58,0,1.0,0.0,55,1,3
39,0,1.0,0.0,83,1,1
36,0,1.0,0.0,68,7,2
42,0,1.0,0.0,55,1,1
42,0,1.0,0.0,33,10,2
61,1,0.9534246575342465,177300.0,40,3,3
33,0,1.0,0.0,55,11,2
39,0,0.936986301369863,0.0,63,1,3
26,0,1.0,0.0,55,1,2
61,0,1.0,0.0,44,1,1
60,0,1.0,0.0,55,6,3
63,0,0.13150684931506848,0.0,40,2,1
45,0,1.0,0.0,34,1,2
19,0,0.9178082191780822,0.0,77,5,3
30,0,0.7972602739726027,0.0,55,6,3
78,0,1.0,0.0,53,6,3
31,0,1.0,0.0,77,6,1
48,1,1.0,2706.0,43,1,3
27,0,0.19726027397260273,0.0,37,7,2
47,0,1.0,0.0,87,8,2
41,0,1.0,0.0,44,2,3
31,0,1.0,0.0,40,1,3
44,0,1.0,0.0,66,3,3
33,0,1.0,0.0,54,1,2
23,0,1.0,0.0,40,8,2
45,0,1.0,0.0,40,1,1
41,0,1.0,0.0,63,1,1
28,0,1.0,0.0,77,2,1
47,0,0.6383561643835617,0.0,66,1,3
48,0,0.4958904109589041,0.0,98,8,1
65,0,0.057534246575342465,0.0,33,2,1
59,0,1.0,0.0,50,1,2
47,0,1.0,0.0,43,11,1
26,0,1.0,0.0,33,8,1
84,0,1.0,0.0,40,9,2
51,0,1.0,0.0,52,3,3
49,0,1.0,0.0,53,2,1
35,0,1.0,0.0,47,2,3
34,0,1.0,0.0,83,3,2
47,0,1.0,0.0,68,2,3
55,0,1.0,0.0,65,2,1
33,0,0.41643835616438357,0.0,44,1,1
64,0,1.0,0.0,42,2,1
61,1,1.0,2607.0,40,11,1
57,1,1.0,6534.0,34,11,1
24,0,1.0,0.0,90,1,2
59,0,1.0,0.0,29,1,2
48,0,1.0,0.0,85,2,1
47,1,1.0,34080.0,54,2,1
28,0,1.0,0.0,40,1,3
45,0,0.7041095890410959,0.0,66,1,3
33,0,1.0,0.0,25,11,1
35,0,1.0,0.0,55,1,2
52,0,1.0,0.0,41,12,2
85,0,1.0,0.0,25,1,2
43,0,1.0,0.0,50,9,1
47,0,1.0,0.0,44,1,3
40,0,1.0,0.0,85,11,3
72,2,1.0,107418.0,65,2,2
52,1,1.0,2844.0,55,5,3
40,1,1.0,40583.0,47,6,2
43,0,1.0,0.0,44,1,1
49,1,0.28493150684931506,6534.0,66,1,2
47,0,0.3863013698630137,0.0,40,13,1
27,0,0.8958904109589041,0.0,100,1,2
56,0,0.2054794520547945,0.0,48,2,1
39,0,0.6054794520547945,0.0,60,1,3
73,0,1.0,0.0,83,3,3
61,0,1.0,0.0,82,1,1
59,0,0.4712328767123288,0.0,94,3,1
34,0,1.0,0.0,55,1,1
57,0,1.0,0.0,40,8,2
32,0,1.0,0.0,110,9,1
57,0,1.0,0.0,50,6,3
78,0,1.0,0.0,60,2,2
66,1,1.0,9667.0,92,1,1
40,0,1.0,0.0,105,2,1
30,0,1.0,0.0,44,6,1
44,0,1.0,0.0,39,1,1
40,0,1.0,0.0,40,1,1
40,0,1.0,0.0,55,6,3
43,0,0.12876712328767123,0.0,66,1,3
62,0,1.0,0.0,66,15,3
71,0,1.0,0.0,66,13,3
84,0,0.4136986301369863,0.0,55,1,3
31,0,1.0,0.0,66,1,3
39,0,1.0,0.0,60,1,3
27,1,0.37534246575342467,6066.0,33,6,2
40,1,1.0,3630.0,90,2,2
62,0,1.0,0.0,68,6,2
50,0,1.0,0.0,66,2,1
48,0,0.8821917808219178,0.0,96,3,2
50,0,1.0,0.0,74,2,1
55,0,1.0,0.0,83,6,1
57,0,1.0,0.0,75,1,2
41,0,1.0,0.0,50,2,1
23,0,1.0,0.0,66,1,1
51,0,1.0,0.0,40,2,2
24,0,1.0,0.0,72,8,2
31,0,0.7315068493150685,0.0,37,3,1
64,0,1.0,0.0,40,1,3
54,0,1.0,0.0,55,15,1
35,0,1.0,0.0,55,6,1
27,0,1.0,0.0,44,1,3
43,1,1.0,8269.0,66,15,1
52,1,1.0,141591.0,45,1,1
53,0,1.0,0.0,81,1,2
29,0,1.0,0.0,70,6,3
50,0,1.0,0.0,44,9,1
25,1,1.0,5954.0,90,1,1
35,0,1.0,0.0,66,1,0
23,0,0.684931506849315,0.0,83,1,2
68,1,1.0,6066.0,66,5,1
38,0,1.0,0.0,60,1,1
35,0,1.0,0.0,34,1,2
60,0,1.0,0.0,40,2,1
25,0,1.0,0.0,46,12,1
49,0,0.09315068493150686,0.0,48,1,1
31,0,0.7424657534246575,0.0,33,11,1
41,0,0.25205479452054796,0.0,43,12,2
46,0,1.0,0.0,66,4,2
35,0,1.0,0.0,55,3,2
31,0,1.0,0.0,55,1,1
35,0,0.7150684931506849,0.0,66,1,1
46,0,1.0,0.0,40,1,3
45,0,1.0,0.0,50,10,3
38,0,1.0,0.0,55,11,2
74,0,1.0,0.0,44,9,1
75,0,1.0,0.0,33,3,3
21,1,1.0,70000.0,51,1,2
57,0,1.0,0.0,74,1,2
46,1,1.0,25713.0,53,1,3
50,0,1.0,0.0,64,2,3
84,0,1.0,0.0,40,13,1
56,0,0.4520547945205479,0.0,47,1,1
71,0,1.0,0.0,60,1,3
28,0,0.12876712328767123,0.0,55,1,3
64,0,1.0,0.0,25,9,1
66,0,1.0,0.0,62,1,3
56,0,0.7095890410958904,0.0,44,3,1
60,0,1.0,0.0,64,1,1
32,0,1.0,0.0,55,1,3
53,0,1.0,0.0,44,3,1
52,0,1.0,0.0,48,2,3
43,0,0.1178082191780822,0.0,44,11,1
49,0,1.0,0.0,65,2,1
50,0,0.136986301369863,0.0,33,1,3
77,0,1.0,0.0,40,2,2
34,1,1.0,5850.0,51,1,3
30,3,0.9643835616438357,58289.0,85,5,3
69,1,1.0,2559.0,55,8,2
31,0,1.0,0.0,44,2,1
59,0,0.04657534246575343,0.0,32,1,1
43,0,1.0,0.0,49,5,2
62,0,1.0,0.0,55,12,2
42,0,1.0,0.0,52,1,3
47,0,0.6657534246575343,0.0,59,1,1
63,0,1.0,0.0,47,2,2
43,0,1.0,0.0,63,1,2
36,0,1.0,0.0,37,9,1
43,1,1.0,55000.0,55,2,1
53,0,1.0,0.0,47,11,2
54,0,0.7315068493150685,0.0,65,6,3
29,0,1.0,0.0,44,1,2
29,0,1.0,0.0,51,5,1
55,0,0.0027397260273972603,0.0,55,7,2
49,0,1.0,0.0,39,1,3
44,0,1.0,0.0,83,1,2
40,1,1.0,54347.0,41,1,1
49,1,1.0,6066.0,77,12,1
45,0,1.0,0.0,85,1,3
38,0,1.0,0.0,59,1,0
35,0,1.0,0.0,66,1,3
28,0,0.7616438356164383,0.0,49,1,1
44,1,0.5808219178082191,5324.0,76,1,2
63,0,1.0,0.0,66,1,3
79,0,0.09863013698630137,0.0,55,3,1
76,0,1.0,0.0,85,9,1
58,0,0.32602739726027397,0.0,66,1,2
73,0,1.0,0.0,83,2,1
63,0,1.0,0.0,65,10,1
63,0,1.0,0.0,47,1,3
40,0,1.0,0.0,47,8,3
55,1,1.0,25000.0,52,1,3
51,1,1.0,65878.0,33,6,3
26,0,1.0,0.0,51,1,3
54,0,1.0,0.0,65,2,3
26,0,0.8958904109589041,0.0,38,11,1
68,0,1.0,0.0,54,1,2
35,0,0.4821917808219178,0.0,62,2,1
28,0,1.0,0.0,92,5,1
43,0,1.0,0.0,51,7,1
44,0,1.0,0.0,55,1,3
39,0,0.16164383561643836,0.0,33,1,1
57,0,1.0,0.0,60,1,1
23,0,1.0,0.0,55,2,3
69,1,1.0,3479.0,66,11,1
74,0,1.0,0.0,41,1,2
51,1,0.6931506849315069,31287.0,66,2,3
65,0,1.0,0.0,55,1,3
26,0,0.25205479452054796,0.0,55,16,2
24,0,0.9917808219178083,0.0,55,9,2
41,0,1.0,0.0,55,6,3
35,0,0.4136986301369863,0.0,49,1,3
63,0,1.0,0.0,59,1,1
38,0,1.0,0.0,33,3,2
49,1,1.0,57540.0,40,2,1
33,0,1.0,0.0,49,2,2
27,0,1.0,0.0,90,5,1
57,0,1.0,0.0,31,9,2
82,1,1.0,45112.0,47,14,2
69,0,1.0,0.0,103,1,1
41,1,1.0,60147.0,42,11,3
64,0,1.0,0.0,40,1,3
52,0,1.0,0.0,43,11,1
67,0,1.0,0.0,40,5,2
28,0,0.7178082191780822,0.0,65,9,3
38,0,1.0,0.0,53,12,1
33,0,1.0,0.0,33,1,1
50,0,1.0,0.0,47,2,3
41,0,1.0,0.0,55,1,1
60,0,1.0,0.0,48,2,2
42,0,1.0,0.0,82,12,1
70,0,1.0,0.0,43,1,2
26,1,1.0,57540.0,69,1,3
61,0,1.0,0.0,42,3,3
72,0,1.0,0.0,29,1,2
34,1,1.0,57540.0,77,12,1
40,0,1.0,0.0,29,2,1
55,0,1.0,0.0,60,5,1
77,0,1.0,0.0,82,12,3
50,0,1.0,0.0,47,3,2
26,1,1.0,130346.0,43,1,2
34,0,1.0,0.0,43,1,3
42,0,0.16164383561643836,0.0,43,1,1
30,0,1.0,0.0,55,13,1
58,0,1.0,0.0,88,8,2
51,0,1.0,0.0,43,3,1
67,0,1.0,0.0,96,7,2
41,0,1.0,0.0,56,3,3
72,0,0.18082191780821918,0.0,38,4,1
49,0,0.00821917808219178,0.0,39,2,1
72,0,1.0,0.0,47,1,3
54,0,1.0,0.0,44,2,3
42,0,1.0,0.0,65,1,3
49,0,1.0,0.0,44,2,2
25,1,1.0,29680.0,70,6,2
72,0,1.0,0.0,60,8,1
34,0,1.0,0.0,40,12,1
39,0,1.0,0.0,54,1,2
32,0,1.0,0.0,66,6,1
28,1,1.0,57540.0,54,10,3
39,0,1.0,0.0,34,5,1
20,1,0.5561643835616439,270000.0,21,12,1
35,0,1.0,0.0,77,2,2
39,1,1.0,5850.0,40,8,3
31,0,1.0,0.0,40,1,1
74,0,0.9753424657534246,0.0,40,1,1
53,0,1.0,0.0,44,12,1
67,0,1.0,0.0,33,2,1
64,0,1.0,0.0,71,1,3
82,0,1.0,0.0,37,1,1
67,0,1.0,0.0,94,6,2
50,0,1.0,0.0,66,7,3
56,0,1.0,0.0,60,1,3
29,0,1.0,0.0,40,3,2
26,1,1.0,5324.0,43,10,1
29,0,0.6191780821917808,0.0,48,6,2
30,1,0.7205479452054795,63099.0,52,7,2
66,0,1.0,0.0,50,12,3
29,0,1.0,0.0,43,5,2
58,0,1.0,0.0,50,9,1
67,0,1.0,0.0,85,1,1
32,0,1.0,0.0,66,5,3
52,1,1.0,68361.0,40,3,1
35,0,1.0,0.0,66,2,1
46,0,1.0,0.0,53,6,3
59,0,0.863013698630137,0.0,30,11,2
77,1,1.0,5850.0,60,6,1
31,0,0.2136986301369863,0.0,141,2,2
27,0,0.0958904109589041,0.0,66,12,3
51,0,1.0,0.0,96,6,1
29,0,1.0,0.0,86,1,3
51,0,0.2191780821917808,0.0,59,2,1
73,0,0.6383561643835617,0.0,55,2,3
48,0,1.0,0.0,55,10,1
42,0,0.6684931506849315,0.0,51,1,3
39,0,1.0,0.0,65,1,1
50,0,1.0,0.0,66,1,3
38,0,0.7342465753424657,0.0,36,10,2
49,0,1.0,0.0,85,10,1
54,0,1.0,0.0,66,5,2
61,0,1.0,0.0,55,11,2
51,0,1.0,0.0,55,1,3
72,1,1.0,6244.0,47,1,2
31,0,0.25205479452054796,0.0,44,15,1
24,0,1.0,0.0,74,4,1
37,0,0.8438356164383561,0.0,46,1,2
39,0,0.4136986301369863,0.0,47,1,3
42,0,1.0,0.0,66,1,1
74,0,1.0,0.0,65,4,2
25,1,0.6,62736.0,73,8,3
34,0,1.0,0.0,51,1,1
68,0,1.0,0.0,55,12,3
41,0,0.536986301369863,0.0,65,1,1
44,0,1.0,0.0,69,6,1
55,1,1.0,4452.0,32,1,2
70,0,1.0,0.0,48,1,1
46,0,1.0,0.0,33,7,1
68,0,1.0,0.0,53,1,1
37,0,1.0,0.0,55,5,1
31,0,0.3150684931506849,0.0,40,1,3
60,0,0.3698630136986301,0.0,68,1,1
32,0,0.08493150684931507,0.0,30,1,2
41,0,1.0,0.0,49,1,2
51,0,0.06301369863013699,0.0,66,1,0
41,0,1.0,0.0,48,6,1
29,0,0.23013698630136986,0.0,55,6,2
39,0,1.0,0.0,40,6,2
29,0,1.0,0.0,55,1,1
28,0,0.6602739726027397,0.0,55,9,2
51,0,1.0,0.0,40,1,1
72,0,1.0,0.0,55,8,1
80,0,1.0,0.0,67,1,2
67,0,1.0,0.0,72,1,1
56,0,1.0,0.0,48,1,1
26,0,1.0,0.0,40,6,1
29,0,1.0,0.0,25,1,2
50,0,1.0,0.0,44,16,2
24,0,1.0,0.0,87,3,3
51,0,0.7643835616438356,0.0,40,12,2
22,1,0.5917808219178082,285000.0,54,4,1
73,0,1.0,0.0,40,11,3
60,0,1.0,0.0,46,1,2
50,0,1.0,0.0,51,2,3
64,0,1.0,0.0,33,6,1
64,0,1.0,0.0,39,1,1
46,0,1.0,0.0,55,4,3
57,0,0.9287671232876712,0.0,40,1,1
44,0,0.5260273972602739,0.0,55,1,1
41,0,0.8328767123287671,0.0,53,1,1
33,0,1.0,0.0,44,6,1
32,0,1.0,0.0,55,4,3
45,0,1.0,0.0,47,6,2
37,0,1.0,0.0,40,2,1
25,0,0.6,0.0,60,10,1
85,0,1.0,0.0,43,3,1
42,0,0.5232876712328767,0.0,40,2,2
61,1,1.0,20179.0,50,1,3
29,0,1.0,0.0,57,5,1
33,0,1.0,0.0,39,1,3
37,1,1.0,65870.0,44,6,0
61,0,1.0,0.0,85,2,2
57,0,1.0,0.0,48,2,1
63,0,1.0,0.0,55,2,1
44,0,1.0,0.0,66,2,1
32,0,1.0,0.0,55,1,2
55,0,1.0,0.0,30,1,1
33,0,1.0,0.0,54,2,3
28,0,0.16164383561643836,0.0,55,4,1
50,1,1.0,3803.0,37,6,1
39,0,1.0,0.0,55,6,3
58,0,0.6575342465753424,0.0,33,2,2
25,0,1.0,0.0,55,1,1
39,0,0.8602739726027397,0.0,90,1,1
54,0,1.0,0.0,55,2,2
42,0,1.0,0.0,40,2,1
31,0,1.0,0.0,49,2,1
43,0,0.4547945205479452,0.0,44,1,3
49,0,1.0,0.0,60,6,1
69,0,1.0,0.0,55,2,3
49,0,1.0,0.0,85,1,2
62,0,0.6684931506849315,0.0,43,1,3
47,0,0.6931506849315069,0.0,69,3,1
44,0,1.0,0.0,60,12,2
65,0,1.0,0.0,55,1,1
56,1,0.8328767123287671,172.0,55,3,1
44,0,1.0,0.0,33,2,3
50,2,1.0,188859.0,55,2,3
41,0,1.0,0.0,43,1,1
62,0,1.0,0.0,100,2,2
37,0,1.0,0.0,33,7,1
37,0,1.0,0.0,50,10,1
49,0,1.0,0.0,73,1,2
40,0,0.4876712328767123,0.0,37,2,1
37,0,1.0,0.0,40,7,2
52,0,1.0,0.0,55,11,3
48,1,1.0,20894.0,37,5,3
37,1,1.0,55000.0,85,1,1
67,0,0.005479452054794521,0.0,44,4,1
37,0,1.0,0.0,50,1,3
41,0,1.0,0.0,40,5,1
26,0,1.0,0.0,67,1,2
27,1,0.6821917808219178,81877.0,68,12,3
47,0,1.0,0.0,51,5,3
71,0,1.0,0.0,97,1,0
49,1,1.0,9229.0,78,5,2
37,0,1.0,0.0,66,11,2
41,0,1.0,0.0,51,1,1
38,1,1.0,40850.0,51,1,1
60,0,1.0,0.0,66,1,3
41,0,0.5068493150684932,0.0,50,4,3
36,1,1.0,9709.0,47,1,2
55,0,1.0,0.0,65,2,1
60,0,1.0,0.0,86,16,1
64,0,0.3835616438356164,0.0,50,7,2
53,0,0.30684931506849317,0.0,61,1,2
47,0,1.0,0.0,83,1,3
39,0,0.25205479452054796,0.0,66,1,1
67,1,1.0,8360.0,58,1,1
37,0,1.0,0.0,110,12,1
35,0,1.0,0.0,47,1,3
50,0,1.0,0.0,39,9,1
54,0,1.0,0.0,55,2,1
31,0,1.0,0.0,40,7,1
46,0,1.0,0.0,123,5,3
53,0,0.6410958904109589,0.0,85,9,1
64,0,1.0,0.0,80,1,3
76,0,1.0,0.0,68,11,2
30,0,0.3287671232876712,0.0,57,7,2
66,0,1.0,0.0,41,2,1
77,0,1.0,0.0,47,6,3
27,0,1.0,0.0,57,12,1
47,0,1.0,0.0,40,4,3
46,0,1.0,0.0,40,9,1
63,0,1.0,0.0,95,16,1
57,0,1.0,0.0,65,8,2
52,1,1.0,49001.0,66,1,1
54,1,1.0,57540.0,75,2,2
35,2,1.0,68960.0,51,1,1
30,0,1.0,0.0,33,1,1
49,0,1.0,0.0,107,2,2
72,0,1.0,0.0,40,5,1
39,0,1.0,0.0,48,2,1
69,0,1.0,0.0,33,8,2
49,0,1.0,0.0,43,2,2
37,0,1.0,0.0,51,1,1
38,0,1.0,0.0,38,1,3
35,0,1.0,0.0,55,2,3
48,0,1.0,0.0,54,3,3
47,0,1.0,0.0,84,8,1
37,0,0.7123287671232876,0.0,37,1,2
42,0,1.0,0.0,70,11,1
47,0,1.0,0.0,55,1,1
23,0,0.915068493150685,0.0,170,1,1
23,0,1.0,0.0,55,7,3
35,0,1.0,0.0,66,1,2
51,0,1.0,0.0,77,7,1
24,0,0.3561643835616438,0.0,55,1,2
53,2,1.0,60147.0,81,1,1
45,0,1.0,0.0,60,1,1
37,0,1.0,0.0,51,1,1
62,0,1.0,0.0,63,12,1
63,0,1.0,0.0,44,3,1
45,2,0.8328767123287671,70433.0,100,1,2
29,1,1.0,63366.0,40,2,2
61,0,1.0,0.0,43,5,1
49,0,1.0,0.0,93,1,3
43,0,1.0,0.0,38,11,2
56,1,1.0,2607.0,65,1,2
40,0,1.0,0.0,40,19,1
33,0,1.0,0.0,85,1,3
65,0,0.8082191780821918,0.0,40,3,1
63,0,0.5808219178082191,0.0,44,2,2
66,0,1.0,0.0,43,6,3
46,0,0.6109589041095891,0.0,44,1,2
32,0,1.0,0.0,59,1,3
56,0,1.0,0.0,33,1,1
46,0,0.34794520547945207,0.0,47,2,3
42,0,1.0,0.0,55,1,1
31,0,0.5808219178082191,0.0,71,1,2
60,1,1.0,2607.0,55,1,1
73,0,0.8,0.0,74,6,3
26,0,0.0027397260273972603,0.0,52,1,3
52,0,1.0,0.0,50,7,3
44,0,1.0,0.0,90,1,2
41,0,0.7534246575342466,0.0,69,2,1
77,0,0.08493150684931507,0.0,58,2,1
42,0,0.7178082191780822,0.0,55,1,1
60,0,1.0,0.0,66,1,1
33,0,0.673972602739726,0.0,63,1,3
58,0,1.0,0.0,51,12,1
72,0,1.0,0.0,47,3,1
66,0,1.0,0.0,75,2,1
48,1,1.0,51540.0,40,1,1
29,0,1.0,0.0,66,1,1
47,0,1.0,0.0,47,8,3
54,0,1.0,0.0,40,6,3
24,1,1.0,99220.0,48,1,2
38,0,0.410958904109589,0.0,66,1,3
39,0,0.6657534246575343,0.0,43,1,2
64,0,1.0,0.0,66,2,2
70,0,0.8273972602739726,0.0,95,12,1
54,0,1.0,0.0,66,2,1
49,0,0.9972602739726028,0.0,39,1,3
75,0,1.0,0.0,85,9,2
26,1,1.0,57540.0,66,5,3
72,0,1.0,0.0,65,1,3
48,0,1.0,0.0,34,10,3
39,1,0.9397260273972603,5850.0,37,3,1
61,0,0.16164383561643836,0.0,44,8,1
54,0,1.0,0.0,55,2,3
27,0,1.0,0.0,37,1,1
39,0,0.2547945205479452,0.0,40,1,1
36,0,1.0,0.0,43,1,3
69,0,1.0,0.0,50,10,1
27,0,1.0,0.0,55,5,2
68,0,0.8082191780821918,0.0,43,16,2
45,0,1.0,0.0,40,2,3
31,0,1.0,0.0,40,1,2
85,0,1.0,0.0,40,3,2
64,0,1.0,0.0,40,1,3
43,0,1.0,0.0,66,11,2
64,0,1.0,0.0,48,7,1
58,0,1.0,0.0,40,1,1
31,0,1.0,0.0,33,10,1
32,2,0.915068493150685,87540.0,44,6,1
71,0,1.0,0.0,44,2,1
55,0,1.0,0.0,66,2,1
54,0,0.043835616438356165,0.0,37,8,1
23,0,1.0,0.0,93,1,3
41,0,1.0,0.0,65,11,3
34,0,1.0,0.0,52,12,1
27,0,1.0,0.0,96,1,2
68,1,1.0,63414.0,33,11,1
74,0,0.7397260273972602,0.0,33,9,1
51,0,0.4794520547945205,0.0,60,1,2
75,0,1.0,0.0,40,2,1
43,0,0.09863013698630137,0.0,51,1,1
40,0,1.0,0.0,45,5,3
42,0,0.273972602739726,0.0,70,1,1
66,0,1.0,0.0,55,2,1
47,0,1.0,0.0,40,1,2
62,1,1.0,6066.0,40,1,2
38,0,1.0,0.0,58,8,1
44,0,0.7479452054794521,0.0,65,6,3
60,0,1.0,0.0,55,1,3
53,0,1.0,0.0,87,7,1
27,0,1.0,0.0,37,2,3
37,0,0.22465753424657534,0.0,70,5,1
42,0,1.0,0.0,49,1,1
24,0,1.0,0.0,85,8,1
26,0,1.0,0.0,34,12,3
37,1,1.0,14924.0,66,2,3
34,0,1.0,0.0,95,1,1
43,0,0.9287671232876712,0.0,40,11,3
71,0,1.0,0.0,64,15,3
48,0,0.24383561643835616,0.0,46,1,2
42,0,1.0,0.0,66,8,1
30,1,1.0,2607.0,78,1,2
60,0,1.0,0.0,42,12,1
43,0,1.0,0.0,43,3,1
25,2,1.0,64074.0,55,2,1
41,0,1.0,0.0,102,2,3
79,0,0.6684931506849315,0.0,60,3,1
52,0,1.0,0.0,33,1,3
54,0,0.4794520547945205,0.0,55,2,3
44,0,0.36164383561643837,0.0,82,4,3
25,0,0.684931506849315,0.0,81,1,1
69,0,1.0,0.0,54,2,2
49,0,1.0,0.0,41,14,3
50,0,1.0,0.0,60,4,3
47,1,1.0,6642.0,66,12,2
47,0,0.08493150684931507,0.0,77,3,3
49,0,0.8136986301369863,0.0,58,9,1
22,0,1.0,0.0,54,5,1
55,0,1.0,0.0,124,1,2
31,0,1.0,0.0,47,6,1
51,0,0.6876712328767123,0.0,39,2,2
47,0,0.5013698630136987,0.0,46,13,3
70,0,1.0,0.0,86,9,3
40,0,1.0,0.0,83,5,3
34,0,1.0,0.0,55,1,3
26,0,1.0,0.0,55,13,2
43,0,1.0,0.0,66,1,1
57,0,1.0,0.0,76,1,3
29,0,1.0,0.0,110,1,3
60,0,1.0,0.0,37,1,1
63,1,1.0,2607.0,33,1,1
46,0,0.810958904109589,0.0,32,1,1
56,0,1.0,0.0,74,9,3
44,0,0.9041095890410958,0.0,43,14,2
32,0,0.410958904109589,0.0,40,3,3
52,0,1.0,0.0,55,13,1
55,0,1.0,0.0,34,1,1
63,0,1.0,0.0,51,2,2
22,0,1.0,0.0,66,1,1
78,0,1.0,0.0,48,2,1
37,0,1.0,0.0,55,1,1
50,0,1.0,0.0,75,1,1
46,0,1.0,0.0,53,1,2
33,0,0.915068493150685,0.0,108,1,2
34,0,0.8383561643835616,0.0,60,11,2
57,0,0.6136986301369863,0.0,47,9,1
68,0,1.0,0.0,50,10,2
36,1,1.0,6066.0,40,2,3
42,0,0.0136986301369863,0.0,47,13,1
44,1,1.0,10277.0,44,5,1
53,0,1.0,0.0,33,12,2
51,0,0.9863013698630136,0.0,43,2,1
40,0,1.0,0.0,47,1,3
47,0,0.08493150684931507,0.0,49,1,2
21,0,1.0,0.0,40,2,3
40,0,1.0,0.0,44,1,3
37,1,1.0,57540.0,51,1,3
53,0,1.0,0.0,40,1,2
39,1,1.0,6388.0,43,2,3
61,0,1.0,0.0,85,3,1
26,0,1.0,0.0,55,12,3
54,0,1.0,0.0,66,1,1
43,1,1.0,3405.0,54,1,1
75,0,1.0,0.0,32,12,1
67,0,0.5863013698630137,0.0,44,2,1
72,0,1.0,0.0,55,9,1
65,0,1.0,0.0,33,7,3
77,0,1.0,0.0,59,1,2
56,0,1.0,0.0,53,1,2
47,0,1.0,0.0,55,2,2
78,0,1.0,0.0,43,1,3
49,0,1.0,0.0,40,12,3
43,0,1.0,0.0,37,1,1
35,0,1.0,0.0,60,7,3
54,0,1.0,0.0,54,2,3
68,0,1.0,0.0,57,9,2
58,0,0.7342465753424657,0.0,40,12,1
47,0,1.0,0.0,51,1,1
48,0,0.5452054794520548,0.0,92,1,2
62,0,0.16164383561643836,0.0,81,5,2
42,0,0.7890410958904109,0.0,60,6,3
56,0,1.0,0.0,48,2,2
33,1,0.8794520547945206,35000.0,55,5,2
25,0,1.0,0.0,83,1,3
38,0,0.3287671232876712,0.0,43,1,3
50,0,0.9123287671232877,0.0,60,2,1
57,0,0.23013698630136986,0.0,40,9,3
45,0,0.5726027397260274,0.0,39,13,3
50,0,1.0,0.0,55,6,2
53,0,1.0,0.0,40,4,1
39,0,1.0,0.0,65,1,1
27,3,0.9643835616438357,197469.0,55,1,3
65,0,1.0,0.0,49,1,3
65,0,1.0,0.0,89,12,1
42,0,1.0,0.0,64,1,2
65,0,1.0,0.0,60,7,3
52,0,0.1643835616438356,0.0,66,1,2
85,0,1.0,0.0,40,6,1
55,0,1.0,0.0,135,5,2
62,0,0.873972602739726,0.0,44,2,3
39,0,1.0,0.0,94,2,2
40,0,1.0,0.0,56,6,3
34,0,1.0,0.0,43,2,3
64,0,1.0,0.0,33,7,2
65,0,0.4821917808219178,0.0,44,1,3
57,0,0.9178082191780822,0.0,68,11,1
63,0,0.3315068493150685,0.0,25,1,1
47,0,1.0,0.0,83,6,1
42,1,0.6410958904109589,42400.0,66,1,2
53,0,1.0,0.0,55,2,1
41,1,1.0,6066.0,55,1,3
57,0,1.0,0.0,43,12,3
37,0,1.0,0.0,40,1,2
27,0,1.0,0.0,43,10,1
70,0,1.0,0.0,55,12,2
31,0,1.0,0.0,33,8,3
28,0,0.11232876712328767,0.0,68,6,2
30,0,1.0,0.0,33,1,2
27,0,1.0,0.0,60,7,1
23,0,1.0,0.0,37,5,1
31,0,0.5150684931506849,0.0,40,2,1
35,0,1.0,0.0,55,2,3
30,0,1.0,0.0,43,2,2
38,0,1.0,0.0,60,1,3
45,0,0.6465753424657534,0.0,48,2,1
36,0,1.0,0.0,63,1,3
28,0,1.0,0.0,75,12,3
50,0,0.5260273972602739,0.0,40,2,3
71,0,1.0,0.0,40,5,2
50,0,0.6191780821917808,0.0,42,1,3
38,0,0.8246575342465754,0.0,62,1,1
29,0,0.6657534246575343,0.0,46,1,3
59,0,0.7479452054794521,0.0,50,1,1
50,0,1.0,0.0,43,1,3
51,0,1.0,0.0,55,2,3
48,0,1.0,0.0,54,5,2
59,0,1.0,0.0,55,14,2
50,1,1.0,31871.0,66,4,1
29,0,1.0,0.0,64,1,2
76,0,1.0,0.0,44,14,1
39,0,1.0,0.0,63,3,2
36,0,1.0,0.0,110,1,3
36,0,0.7479452054794521,0.0,40,1,1
51,0,1.0,0.0,60,1,2
25,0,1.0,0.0,66,2,3
66,0,1.0,0.0,60,1,1
63,0,1.0,0.0,43,8,2
51,0,1.0,0.0,50,3,1
59,1,1.0,5850.0,98,2,1
66,0,0.3095890410958904,0.0,60,3,3
67,0,1.0,0.0,33,5,1
59,0,1.0,0.0,44,1,1
35,0,1.0,0.0,50,2,1
73,0,1.0,0.0,84,2,3
34,0,1.0,0.0,48,4,3
33,0,1.0,0.0,34,11,2
35,0,1.0,0.0,55,2,1
26,0,1.0,0.0,66,2,3
36,0,0.7479452054794521,0.0,39,1,1
51,0,1.0,0.0,55,1,2
63,0,1.0,0.0,51,2,3
55,0,0.2465753424657534,0.0,82,6,3
49,0,1.0,0.0,34,3,1
65,0,1.0,0.0,68,9,2
41,0,1.0,0.0,64,1,3
81,0,1.0,0.0,40,1,1
70,0,1.0,0.0,66,1,2
71,0,1.0,0.0,51,1,1
43,0,1.0,0.0,27,1,3
40,0,1.0,0.0,66,1,1
34,0,0.8849315068493151,0.0,60,6,2
42,0,0.8410958904109589,0.0,60,5,2
70,0,1.0,0.0,55,6,1
47,0,1.0,0.0,85,1,1
23,0,1.0,0.0,47,7,1
80,0,1.0,0.0,69,3,3
38,0,0.7808219178082192,0.0,29,2,1
47,0,1.0,0.0,44,2,1
30,1,1.0,7200.0,33,2,2
45,0,0.3287671232876712,0.0,155,10,3
36,0,1.0,0.0,54,6,1
48,1,1.0,6922.0,40,1,1
50,1,1.0,7761.0,33,12,1
38,0,1.0,0.0,63,1,3
45,0,1.0,0.0,25,5,2
40,0,1.0,0.0,35,10,1
42,0,0.7917808219178082,0.0,57,1,3
59,0,1.0,0.0,44,1,1
50,0,0.9123287671232877,0.0,40,6,2
25,0,1.0,0.0,40,2,1
53,0,1.0,0.0,33,2,2
25,0,1.0,0.0,33,1,2
62,0,1.0,0.0,55,1,1
34,0,1.0,0.0,46,2,3
41,0,1.0,0.0,53,1,3
27,0,1.0,0.0,55,7,3
29,0,1.0,0.0,44,1,3
30,0,0.8493150684931506,0.0,39,1,3
45,0,0.6794520547945205,0.0,90,8,0
43,0,1.0,0.0,53,6,1
48,0,0.3589041095890411,0.0,40,12,3
51,1,1.0,57500.0,74,5,1
71,0,1.0,0.0,40,10,3
57,0,1.0,0.0,50,12,3
57,0,1.0,0.0,55,2,1
23,0,1.0,0.0,103,9,3
39,1,1.0,6066.0,65,8,1
24,0,1.0,0.0,62,2,1
74,0,1.0,0.0,51,4,1
24,0,1.0,0.0,47,12,1
66,0,1.0,0.0,100,1,3
36,0,1.0,0.0,47,2,2
64,0,1.0,0.0,39,1,3
37,0,1.0,0.0,77,9,2
45,1,1.0,36300.0,55,2,1
72,0,0.16712328767123288,0.0,86,2,1
44,0,0.5863013698630137,0.0,66,8,2
34,0,1.0,0.0,55,1,3
38,0,1.0,0.0,114,2,3
42,0,0.9506849315068493,0.0,49,2,1
36,0,1.0,0.0,59,1,3
43,0,1.0,0.0,42,2,1
62,1,1.0,57540.0,40,1,3
49,0,1.0,0.0,33,1,3
58,0,1.0,0.0,21,11,1
29,1,1.0,66275.0,67,10,2
64,0,1.0,0.0,85,2,2
33,0,1.0,0.0,55,1,3
68,0,0.0547945205479452,0.0,55,1,1
38,0,0.3726027397260274,0.0,55,12,2
49,0,1.0,0.0,37,6,3
35,0,1.0,0.0,55,11,1
45,0,1.0,0.0,66,1,2
44,0,1.0,0.0,33,1,2
53,0,0.2493150684931507,0.0,40,1,2
35,1,1.0,2607.0,40,5,1
29,0,1.0,0.0,55,12,2
24,0,0.9260273972602739,0.0,55,1,2
61,0,1.0,0.0,83,12,1
30,0,1.0,0.0,55,2,1
78,0,1.0,0.0,92,1,1
42,0,1.0,0.0,40,1,2
54,0,1.0,0.0,40,6,2
45,0,1.0,0.0,40,2,3
66,0,1.0,0.0,35,6,1
66,0,1.0,0.0,103,5,2
35,0,1.0,0.0,44,11,1
70,0,0.5917808219178082,0.0,51,1,3
43,0,1.0,0.0,60,2,3
32,0,0.7616438356164383,0.0,40,1,3
61,0,1.0,0.0,47,2,3
29,0,1.0,0.0,40,1,1
49,0,1.0,0.0,90,1,3
28,0,1.0,0.0,27,6,2
27,1,0.8328767123287671,5856.0,54,2,1
78,0,1.0,0.0,33,12,2
39,0,1.0,0.0,44,10,3
36,0,1.0,0.0,60,1,3
70,0,1.0,0.0,102,1,2
53,0,1.0,0.0,65,4,1
46,0,1.0,0.0,83,8,1
64,0,0.15616438356164383,0.0,33,1,2
38,0,1.0,0.0,40,2,3
48,0,1.0,0.0,37,1,2
45,0,0.3041095890410959,0.0,48,10,2
44,0,1.0,0.0,55,2,0
37,0,1.0,0.0,53,6,2
48,0,1.0,0.0,63,12,1
56,0,1.0,0.0,47,2,2
43,0,1.0,0.0,43,1,1
66,0,1.0,0.0,65,11,1
28,0,1.0,0.0,66,3,2
28,0,1.0,0.0,83,5,1
35,0,1.0,0.0,81,1,2
70,0,1.0,0.0,55,7,2
52,0,0.7561643835616438,0.0,77,11,1
44,0,0.9424657534246575,0.0,54,1,2
42,0,0.9315068493150684,0.0,32,1,2
31,0,1.0,0.0,85,2,1
64,0,1.0,0.0,65,1,2
41,0,1.0,0.0,76,1,3
40,0,0.7452054794520548,0.0,44,13,2
27,0,0.15342465753424658,0.0,58,1,1
32,0,1.0,0.0,39,5,1
40,0,1.0,0.0,46,1,3
36,0,1.0,0.0,53,1,3
55,0,1.0,0.0,55,3,3
34,0,1.0,0.0,29,12,1
24,0,1.0,0.0,21,13,3
25,0,0.410958904109589,0.0,65,12,2
38,0,1.0,0.0,40,2,2
68,0,0.6712328767123288,0.0,54,11,1
43,0,1.0,0.0,40,1,2
34,1,1.0,49509.0,92,1,3
32,0,1.0,0.0,65,2,3
27,1,1.0,15389.0,44,10,1
52,1,1.0,2899.0,33,3,1
41,0,0.4136986301369863,0.0,55,1,2
44,0,1.0,0.0,35,6,2
36,1,0.5424657534246575,27639.0,51,1,1
52,0,1.0,0.0,66,12,1
41,0,1.0,0.0,39,7,1
65,0,1.0,0.0,66,2,1
83,0,1.0,0.0,68,10,3
49,0,1.0,0.0,40,1,2
34,1,1.0,40041.0,44,12,2
44,0,1.0,0.0,99,1,2
30,0,0.15342465753424658,0.0,34,2,2
47,0,1.0,0.0,40,1,1
63,0,0.9178082191780822,0.0,68,1,1
49,1,1.0,2989.0,55,1,2
25,1,1.0,5566.0,40,6,3
28,0,1.0,0.0,55,1,2
51,0,1.0,0.0,68,1,1
33,0,1.0,0.0,94,12,1
39,0,1.0,0.0,40,1,2
35,0,0.4136986301369863,0.0,43,1,1
44,1,0.947945205479452,62701.0,44,3,3
73,0,1.0,0.0,77,1,2
38,0,1.0,0.0,43,1,2
52,0,0.8383561643835616,0.0,66,1,1
22,0,1.0,0.0,59,1,1
68,0,1.0,0.0,43,6,3
42,1,1.0,2856.0,60,3,2
56,0,1.0,0.0,25,2,2
30,0,1.0,0.0,40,1,3
49,0,1.0,0.0,33,1,1
73,0,1.0,0.0,73,4,1
68,0,1.0,0.0,40,11,2
30,0,1.0,0.0,51,2,2
45,0,1.0,0.0,70,1,3
37,0,0.3506849315068493,0.0,66,3,2
57,0,1.0,0.0,52,8,2
56,1,1.0,11406.0,70,1,2
48,0,1.0,0.0,44,1,1
32,0,1.0,0.0,63,2,2
60,0,0.8164383561643835,0.0,50,7,1
33,0,1.0,0.0,55,2,2
49,0,1.0,0.0,50,11,1
27,0,1.0,0.0,42,9,3
31,0,0.08493150684931507,0.0,44,6,3
24,0,0.1780821917808219,0.0,66,1,1
36,0,1.0,0.0,75,7,1
52,0,1.0,0.0,43,7,3
52,0,1.0,0.0,48,7,3
59,0,1.0,0.0,43,6,2
66,0,1.0,0.0,62,2,1
29,0,1.0,0.0,53,1,2
49,0,1.0,0.0,40,1,1
50,0,1.0,0.0,85,5,3
33,0,1.0,0.0,43,6,1
40,0,1.0,0.0,66,12,2
33,0,0.6410958904109589,0.0,65,3,2
70,0,1.0,0.0,47,2,3
81,0,1.0,0.0,60,1,3
59,0,0.4520547945205479,0.0,66,5,1
66,0,1.0,0.0,51,1,2
37,0,0.8383561643835616,0.0,53,1,1
51,0,0.18904109589041096,0.0,75,1,2
64,0,1.0,0.0,44,1,2
44,0,1.0,0.0,197,2,1
36,0,1.0,0.0,47,17,3
85,0,1.0,0.0,30,12,1
48,0,1.0,0.0,84,2,1
29,0,0.5342465753424658,0.0,55,2,2
51,0,1.0,0.0,80,2,3
43,0,0.23835616438356164,0.0,64,1,3
46,0,1.0,0.0,90,2,3
47,0,1.0,0.0,50,2,3
44,1,1.0,59929.0,63,1,2
49,0,1.0,0.0,43,6,3
47,0,0.4136986301369863,0.0,47,2,3
83,0,0.5260273972602739,0.0,40,1,3
30,0,1.0,0.0,74,1,3
31,0,1.0,0.0,94,1,3
31,0,0.29041095890410956,0.0,43,2,1
18,1,1.0,261777.0,40,3,3
76,0,0.8575342465753425,0.0,39,1,2
25,0,1.0,0.0,33,2,3
53,0,1.0,0.0,55,6,1
65,0,1.0,0.0,64,3,1
31,0,1.0,0.0,55,12,1
30,1,1.0,18057.0,60,9,2
31,0,0.8082191780821918,0.0,40,1,2
28,0,0.2465753424657534,0.0,85,1,2
42,0,0.5041095890410959,0.0,54,4,1
25,1,1.0,24478.0,39,1,3
43,1,1.0,91902.0,55,5,3
53,0,1.0,0.0,55,1,1
53,0,1.0,0.0,37,3,2
38,0,1.0,0.0,50,1,2
61,0,1.0,0.0,37,1,1
32,0,0.5452054794520548,0.0,40,1,1
57,0,1.0,0.0,64,12,2
22,0,1.0,0.0,55,11,2
43,0,0.2,0.0,60,5,3
38,0,1.0,0.0,87,1,2
34,0,1.0,0.0,55,1,1
36,1,1.0,9529.0,55,2,2
22,0,1.0,0.0,40,2,1
74,0,1.0,0.0,43,2,3
71,0,1.0,0.0,80,9,1
36,1,1.0,57540.0,54,9,3
64,0,1.0,0.0,55,1,0
44,0,1.0,0.0,42,12,3
53,0,1.0,0.0,66,6,1
67,0,0.989041095890411,0.0,116,5,1
47,0,1.0,0.0,34,1,3
69,1,1.0,5324.0,55,2,3
29,0,1.0,0.0,55,1,1
45,0,1.0,0.0,50,2,1
24,1,1.0,430000.0,85,1,1
27,0,1.0,0.0,33,3,1
52,0,1.0,0.0,39,8,3
25,0,1.0,0.0,66,2,1
54,1,1.0,563.0,40,2,3
34,0,1.0,0.0,43,2,3
50,0,1.0,0.0,36,6,1
52,0,1.0,0.0,43,1,2
23,0,0.9780821917808219,0.0,54,12,2
33,0,1.0,0.0,84,5,3
62,1,1.0,124802.0,29,1,1
56,0,0.7890410958904109,0.0,65,3,1
57,1,1.0,6154.0,55,2,3
63,0,1.0,0.0,68,10,1
61,0,1.0,0.0,43,3,1
49,0,1.0,0.0,36,1,3
69,0,1.0,0.0,55,6,1
46,0,1.0,0.0,54,1,2
36,0,1.0,0.0,55,2,3
34,2,1.0,57428.0,66,1,1
55,0,1.0,0.0,66,6,3
71,0,1.0,0.0,42,11,1
59,0,1.0,0.0,66,1,1
66,0,0.4136986301369863,0.0,40,3,1
50,0,0.4136986301369863,0.0,55,1,2
39,0,1.0,0.0,40,1,1
76,0,1.0,0.0,47,1,3
44,0,1.0,0.0,55,11,2
35,0,1.0,0.0,40,1,3
38,1,1.0,124509.0,106,6,3
74,0,1.0,0.0,66,1,2
46,0,1.0,0.0,66,8,2
42,0,1.0,0.0,47,5,3
45,0,1.0,0.0,40,2,2
78,0,1.0,0.0,90,8,2
46,0,1.0,0.0,58,2,2
62,0,1.0,0.0,33,1,1
73,0,1.0,0.0,44,1,1
53,0,0.20273972602739726,0.0,101,8,1
76,0,1.0,0.0,55,10,2
67,0,1.0,0.0,25,1,1
52,0,1.0,0.0,59,8,3
40,0,0.29041095890410956,0.0,40,1,3
25,0,1.0,0.0,55,4,1
70,0,1.0,0.0,66,2,3
41,0,1.0,0.0,40,2,3
31,0,1.0,0.0,47,10,1
32,0,0.7342465753424657,0.0,55,3,3
64,0,1.0,0.0,25,7,1
43,1,1.0,64362.0,82,11,3
35,1,0.8410958904109589,2856.0,40,1,2
53,0,1.0,0.0,40,1,1
81,0,1.0,0.0,32,2,2
45,0,0.3013698630136986,0.0,60,5,3
52,0,1.0,0.0,44,12,1
39,0,1.0,0.0,44,1,3
61,0,1.0,0.0,55,1,1
64,0,1.0,0.0,42,1,2
46,0,1.0,0.0,33,1,2
64,0,1.0,0.0,50,5,1
36,1,0.7479452054794521,63072.0,50,1,2
45,0,1.0,0.0,34,11,2
60,0,1.0,0.0,49,13,2
27,0,1.0,0.0,40,2,2
73,0,1.0,0.0,37,1,3
59,0,1.0,0.0,43,5,2
53,0,0.6657534246575343,0.0,37,1,1
79,0,1.0,0.0,32,1,3
27,0,0.8328767123287671,0.0,60,10,3
42,0,0.8027397260273973,0.0,110,1,2
64,0,1.0,0.0,57,10,1
25,0,0.9342465753424658,0.0,48,8,2
72,0,1.0,0.0,85,6,3
78,2,1.0,115350.0,40,1,2
34,0,0.915068493150685,0.0,76,6,1
40,0,1.0,0.0,37,1,2
45,0,0.7315068493150685,0.0,69,2,3
36,0,1.0,0.0,55,2,3
51,0,1.0,0.0,52,3,2
27,1,1.0,2694.0,55,12,3
68,0,1.0,0.0,63,1,1
27,0,1.0,0.0,50,6,1
38,0,0.6164383561643836,0.0,51,13,1
61,0,1.0,0.0,99,1,2
46,0,1.0,0.0,48,13,3
49,0,1.0,0.0,60,12,2
53,0,1.0,0.0,80,3,3
29,0,0.0410958904109589,0.0,44,12,2
60,1,0.7561643835616438,37682.0,73,2,1
43,0,0.43561643835616437,0.0,29,1,3
69,0,1.0,0.0,66,1,2
53,0,1.0,0.0,42,2,1
30,0,0.4246575342465753,0.0,40,6,2
31,0,1.0,0.0,40,1,3
61,0,1.0,0.0,51,6,2
34,0,0.16164383561643836,0.0,70,7,2
26,0,1.0,0.0,85,6,1
48,0,1.0,0.0,37,1,1
32,0,1.0,0.0,74,9,1
30,0,1.0,0.0,29,2,1
34,0,0.8684931506849315,0.0,42,9,2
67,0,1.0,0.0,49,2,1
45,0,1.0,0.0,43,2,1
59,0,0.7890410958904109,0.0,37,3,1
49,0,1.0,0.0,52,11,1
70,0,1.0,0.0,43,2,3
50,0,1.0,0.0,52,1,3
27,0,0.8328767123287671,0.0,75,1,3
56,1,1.0,127564.0,33,11,2
71,0,1.0,0.0,42,2,2
61,1,1.0,52698.0,55,10,1
40,0,1.0,0.0,40,1,3
24,0,1.0,0.0,55,7,1
32,0,1.0,0.0,33,2,1
61,0,1.0,0.0,44,3,2
61,0,1.0,0.0,54,2,2
33,0,0.5753424657534246,0.0,85,12,3
64,0,1.0,0.0,44,1,1
26,0,1.0,0.0,51,9,3
54,0,1.0,0.0,80,8,3
45,0,1.0,0.0,68,7,1
34,0,1.0,0.0,68,7,2
41,0,0.3287671232876712,0.0,33,1,3
54,0,0.1095890410958904,0.0,40,1,3
41,0,0.1863013698630137,0.0,47,3,3
69,0,1.0,0.0,55,2,3
44,0,1.0,0.0,101,5,1
34,0,1.0,0.0,18,3,2
43,0,1.0,0.0,37,2,3
43,0,0.46301369863013697,0.0,58,1,2
34,1,1.0,57540.0,55,10,1
45,0,1.0,0.0,44,8,2
24,0,1.0,0.0,43,2,2
30,0,0.2684931506849315,0.0,40,2,3
76,0,0.9260273972602739,0.0,63,1,1
31,1,1.0,5850.0,50,1,2
62,0,1.0,0.0,37,12,1
38,1,1.0,5850.0,77,4,1
55,0,1.0,0.0,55,11,2
71,0,1.0,0.0,33,1,2
31,0,1.0,0.0,85,9,2
63,0,1.0,0.0,66,3,1
70,0,0.7561643835616438,0.0,53,1,2
47,0,1.0,0.0,58,1,2
57,0,0.7506849315068493,0.0,43,3,1
74,0,1.0,0.0,66,8,2
36,0,0.13150684931506848,0.0,54,11,1
25,0,1.0,0.0,50,4,1
38,0,1.0,0.0,66,11,3
38,0,1.0,0.0,85,6,3
42,0,1.0,0.0,40,5,2
64,0,1.0,0.0,80,2,1
49,0,1.0,0.0,40,6,3
30,0,1.0,0.0,75,12,1
71,0,1.0,0.0,53,1,2
61,0,1.0,0.0,93,9,1
65,0,1.0,0.0,55,11,2
27,0,0.18904109589041096,0.0,21,5,3
25,1,1.0,50000.0,55,1,3
63,0,1.0,0.0,51,6,1
73,0,1.0,0.0,47,7,1
41,0,1.0,0.0,33,1,1
30,0,1.0,0.0,33,1,3
35,0,0.18356164383561643,0.0,29,8,1
48,0,1.0,0.0,40,2,3
74,0,1.0,0.0,61,9,1
43,0,1.0,0.0,52,7,3
25,0,1.0,0.0,34,1,1
22,0,1.0,0.0,60,1,1
35,0,1.0,0.0,54,1,1
54,1,1.0,85833.0,55,8,3
31,0,1.0,0.0,51,2,2
21,0,1.0,0.0,55,2,3
41,0,1.0,0.0,50,3,3
70,0,1.0,0.0,84,1,3
58,0,1.0,0.0,66,12,3
33,0,1.0,0.0,39,1,1
43,0,1.0,0.0,55,9,2
52,0,1.0,0.0,37,9,1
70,0,1.0,0.0,53,1,2
71,0,1.0,0.0,55,1,2
55,0,1.0,0.0,49,12,2
61,1,1.0,57540.0,81,2,3
72,0,0.6767123287671233,0.0,101,12,0
74,0,1.0,0.0,40,2,2
69,0,1.0,0.0,47,3,2
52,0,0.915068493150685,0.0,55,6,1
70,0,1.0,0.0,170,11,2
42,0,1.0,0.0,83,6,1
31,0,1.0,0.0,83,11,3
50,0,1.0,0.0,105,4,1
71,0,1.0,0.0,65,6,2
46,0,1.0,0.0,51,2,3
48,0,1.0,0.0,55,5,3
45,0,1.0,0.0,44,1,2
30,0,1.0,0.0,44,12,0
55,0,1.0,0.0,62,1,1
64,0,1.0,0.0,54,8,3
42,0,1.0,0.0,40,12,0
66,1,1.0,5324.0,64,2,3
57,0,0.3150684931506849,0.0,54,11,1
45,0,1.0,0.0,77,1,2
30,0,1.0,0.0,65,1,1
61,0,1.0,0.0,51,6,3
31,0,0.1726027397260274,0.0,52,10,1
57,0,1.0,0.0,66,11,1
72,0,1.0,0.0,65,6,1
43,0,0.6575342465753424,0.0,65,1,1
56,0,1.0,0.0,44,1,2
52,0,1.0,0.0,60,6,1
75,0,1.0,0.0,40,1,2
46,0,1.0,0.0,33,12,1
33,0,1.0,0.0,79,1,1
60,0,1.0,0.0,79,9,1
49,0,1.0,0.0,33,10,1
53,0,1.0,0.0,50,12,1
44,0,0.9452054794520548,0.0,44,1,1
52,0,1.0,0.0,55,5,1
51,0,1.0,0.0,101,1,1
43,2,1.0,153106.0,47,2,1
64,0,1.0,0.0,55,10,1
40,0,1.0,0.0,39,1,1
46,0,1.0,0.0,68,6,1
34,0,1.0,0.0,34,1,3
53,0,0.8821917808219178,0.0,64,1,1
45,0,1.0,0.0,44,6,1
38,0,1.0,0.0,32,12,1
78,0,1.0,0.0,33,1,2
44,0,0.5726027397260274,0.0,40,2,1
49,0,1.0,0.0,51,6,2
21,0,0.673972602739726,0.0,40,6,2
46,0,1.0,0.0,44,2,3
42,0,1.0,0.0,66,3,1
33,0,1.0,0.0,54,1,1
41,0,0.4958904109589041,0.0,51,5,3
41,0,1.0,0.0,60,1,1
30,0,1.0,0.0,51,1,2
34,0,0.9643835616438357,0.0,40,11,1
21,1,1.0,2426.0,60,2,3
53,0,1.0,0.0,100,1,1
35,0,1.0,0.0,54,1,3
63,0,1.0,0.0,86,2,2
33,0,1.0,0.0,55,2,2
38,0,0.5123287671232877,0.0,44,1,1
59,0,0.09863013698630137,0.0,40,3,2
70,0,0.4958904109589041,0.0,43,12,3
32,1,1.0,2856.0,103,2,2
42,0,1.0,0.0,74,1,1
33,0,0.21643835616438356,0.0,56,2,3
76,0,1.0,0.0,54,1,3
34,0,1.0,0.0,47,5,2
43,0,1.0,0.0,100,1,3
30,0,1.0,0.0,55,10,3
50,0,1.0,0.0,76,1,2
35,0,1.0,0.0,67,1,3
34,1,0.9123287671232877,2607.0,51,12,3
49,0,1.0,0.0,84,11,1
30,0,0.7013698630136986,0.0,37,1,1
41,0,1.0,0.0,81,1,2
61,1,1.0,60479.0,33,6,1
71,0,0.7506849315068493,0.0,60,1,2
35,0,1.0,0.0,40,1,1
42,0,0.0027397260273972603,0.0,55,3,1
67,0,1.0,0.0,37,1,0
33,0,0.5643835616438356,0.0,44,1,3
27,0,1.0,0.0,52,1,3
63,0,1.0,0.0,44,3,2
44,0,0.27123287671232876,0.0,90,1,1
61,0,0.16164383561643836,0.0,40,1,2
59,0,0.136986301369863,0.0,90,1,1
54,0,1.0,0.0,72,9,1
63,0,1.0,0.0,50,2,2
60,0,1.0,0.0,35,10,2
64,0,0.6904109589041096,0.0,55,2,3
32,1,1.0,7382.0,60,1,1
52,0,1.0,0.0,64,1,2
23,0,1.0,0.0,78,2,1
47,0,0.3424657534246575,0.0,53,1,3
41,0,0.9068493150684932,0.0,51,5,1
45,0,1.0,0.0,65,3,2
64,1,1.0,81532.0,72,5,1
60,0,1.0,0.0,100,7,2
48,0,0.8328767123287671,0.0,43,4,3
78,0,1.0,0.0,47,1,1
59,0,1.0,0.0,96,1,3
82,1,1.0,57540.0,55,2,3
39,0,1.0,0.0,51,1,2
48,0,1.0,0.0,55,1,3
33,0,1.0,0.0,101,6,2
81,0,1.0,0.0,74,5,1
22,1,1.0,5408.0,110,1,1
40,0,1.0,0.0,40,9,3
46,1,1.0,127005.0,44,1,1
44,0,1.0,0.0,51,3,2
58,0,1.0,0.0,50,12,3
66,0,1.0,0.0,55,1,3
42,0,1.0,0.0,44,7,2
42,0,1.0,0.0,82,7,2
70,0,1.0,0.0,88,3,2
56,0,1.0,0.0,52,7,3
33,0,0.4958904109589041,0.0,55,4,2
68,0,1.0,0.0,36,12,1
62,0,1.0,0.0,40,1,1
51,0,1.0,0.0,43,11,2
38,1,0.2602739726027397,48736.0,66,1,1
71,0,1.0,0.0,44,12,2
31,0,1.0,0.0,43,3,3
37,0,0.8493150684931506,0.0,55,1,2
61,0,1.0,0.0,47,2,2
29,0,0.5506849315068493,0.0,85,1,1
40,0,0.9232876712328767,0.0,94,3,1
30,0,1.0,0.0,50,4,3
24,0,0.2465753424657534,0.0,44,5,1
28,0,1.0,0.0,99,2,2
62,0,0.5506849315068493,0.0,66,2,1
42,0,1.0,0.0,73,1,1
58,0,1.0,0.0,66,11,1
35,0,1.0,0.0,55,15,1
67,0,1.0,0.0,47,5,2
27,0,1.0,0.0,47,2,3
27,1,0.6986301369863014,63180.0,66,4,1
33,0,1.0,0.0,65,2,2
67,0,1.0,0.0,85,22,1
46,0,0.5808219178082191,0.0,55,2,3
24,0,1.0,0.0,65,1,1
32,0,1.0,0.0,54,10,2
46,0,0.08493150684931507,0.0,63,6,1
67,0,1.0,0.0,51,6,1
58,0,1.0,0.0,83,8,1
58,0,0.9917808219178083,0.0,44,6,2
64,0,1.0,0.0,43,11,2
58,0,1.0,0.0,18,1,2
73,0,1.0,0.0,37,2,3
38,0,1.0,0.0,55,9,3
31,0,1.0,0.0,37,3,3
33,0,1.0,0.0,33,1,1
49,0,1.0,0.0,40,3,2
51,0,0.9013698630136986,0.0,98,8,2
31,0,0.5232876712328767,0.0,81,6,2
62,0,0.6712328767123288,0.0,39,11,3
37,0,1.0,0.0,40,1,1
49,0,0.4136986301369863,0.0,69,2,3
22,0,0.40273972602739727,0.0,50,1,1
33,0,1.0,0.0,66,9,1
40,0,1.0,0.0,66,1,2
44,0,1.0,0.0,66,6,3
26,0,1.0,0.0,44,1,2
69,0,1.0,0.0,47,1,2
62,0,1.0,0.0,40,1,1
53,0,1.0,0.0,63,4,3
35,0,0.16986301369863013,0.0,32,8,1
37,0,1.0,0.0,54,1,2
29,0,1.0,0.0,66,2,3
32,0,1.0,0.0,50,1,2
64,0,1.0,0.0,40,10,1
61,0,1.0,0.0,43,1,1
38,0,0.8986301369863013,0.0,63,2,1
63,1,1.0,5324.0,44,5,3
44,1,1.0,2856.0,51,2,2
61,1,1.0,134794.0,43,11,3
33,0,1.0,0.0,55,1,2
30,1,1.0,6534.0,44,1,1
71,0,1.0,0.0,50,4,2
44,0,1.0,0.0,64,5,1
63,0,1.0,0.0,41,9,1
31,0,1.0,0.0,40,11,3
75,0,1.0,0.0,53,1,3
38,0,1.0,0.0,66,1,1
45,2,1.0,12924.0,79,1,1
28,0,1.0,0.0,44,1,3
41,0,0.915068493150685,0.0,65,10,2
35,0,1.0,0.0,62,2,1
20,0,0.33972602739726027,0.0,58,6,3
43,0,1.0,0.0,61,6,3
30,0,1.0,0.0,40,3,1
27,0,1.0,0.0,46,10,3
41,0,1.0,0.0,78,1,1
59,0,1.0,0.0,82,4,1
48,0,0.3698630136986301,0.0,63,4,3
26,0,1.0,0.0,94,1,2
47,0,1.0,0.0,69,3,1
63,0,0.0027397260273972603,0.0,51,1,3
30,0,0.16164383561643836,0.0,47,1,3
49,1,1.0,65997.0,66,1,3
65,0,1.0,0.0,42,8,2
39,0,1.0,0.0,53,1,1
40,0,1.0,0.0,65,1,1
56,1,1.0,2607.0,43,5,2
74,0,1.0,0.0,65,1,2
28,0,1.0,0.0,50,1,3
52,0,1.0,0.0,37,12,1
60,0,1.0,0.0,60,16,1
34,0,0.3150684931506849,0.0,66,6,3
26,0,1.0,0.0,90,12,1
51,0,1.0,0.0,66,1,2
38,0,1.0,0.0,65,1,1
36,0,0.2465753424657534,0.0,55,3,3
27,0,1.0,0.0,47,9,1
57,0,0.4136986301369863,0.0,47,10,1
62,0,1.0,0.0,51,1,1
61,0,1.0,0.0,50,2,1
19,1,1.0,600.0,40,2,2
34,0,1.0,0.0,50,2,1
43,0,1.0,0.0,75,12,1
57,0,1.0,0.0,65,2,1
46,0,1.0,0.0,40,1,1
60,0,1.0,0.0,36,10,3
60,0,1.0,0.0,73,1,1
50,0,1.0,0.0,33,1,1
38,0,1.0,0.0,48,1,1
36,0,1.0,0.0,65,3,3
47,0,1.0,0.0,66,10,3
33,0,0.04657534246575343,0.0,66,1,3
56,0,1.0,0.0,55,1,1
31,0,1.0,0.0,51,3,1
22,1,1.0,3088.0,68,1,1
56,0,0.6164383561643836,0.0,55,11,2
59,0,1.0,0.0,33,1,2
53,0,1.0,0.0,90,1,3
33,0,1.0,0.0,63,11,1
58,0,1.0,0.0,44,8,3
24,0,0.9835616438356164,0.0,39,1,3
36,0,1.0,0.0,85,1,1
34,0,0.2,0.0,40,1,3
65,0,1.0,0.0,75,1,3
43,0,0.2410958904109589,0.0,33,7,1
46,0,1.0,0.0,73,11,2
27,0,1.0,0.0,81,8,1
31,2,1.0,69640.0,60,7,1
43,0,1.0,0.0,68,1,3
34,0,1.0,0.0,62,11,2
34,0,1.0,0.0,76,6,1
50,1,1.0,48611.0,78,2,1
61,0,1.0,0.0,55,2,2
27,0,0.19726027397260273,0.0,55,2,1
66,0,0.42191780821917807,0.0,46,2,3
24,0,1.0,0.0,46,2,1
38,0,0.08493150684931507,0.0,40,1,3
42,0,1.0,0.0,54,11,1
41,0,1.0,0.0,51,6,2
46,0,1.0,0.0,39,2,1
71,0,0.7890410958904109,0.0,66,3,1
39,0,1.0,0.0,77,5,2
69,0,1.0,0.0,29,1,0
47,0,0.2493150684931507,0.0,85,1,1
44,0,1.0,0.0,46,1,2
54,0,1.0,0.0,55,1,2
59,0,1.0,0.0,36,2,1
59,0,0.7534246575342466,0.0,55,11,1
31,0,1.0,0.0,40,2,2
40,0,1.0,0.0,65,2,1
53,0,1.0,0.0,44,12,3
63,0,1.0,0.0,47,5,2
55,0,1.0,0.0,90,1,1
67,0,1.0,0.0,54,1,1
46,0,1.0,0.0,66,2,1
36,0,1.0,0.0,59,1,1
29,0,1.0,0.0,53,7,1
38,0,1.0,0.0,37,1,2
54,1,1.0,23439.0,60,2,3
59,0,1.0,0.0,55,4,3
23,1,1.0,57540.0,81,1,2
37,1,1.0,9383.0,25,6,3
58,0,1.0,0.0,33,6,1
30,0,1.0,0.0,53,2,3
41,0,1.0,0.0,68,1,1
59,0,1.0,0.0,81,7,1
25,0,1.0,0.0,46,2,2
31,0,1.0,0.0,55,1,1
52,1,1.0,57540.0,36,3,1
47,0,0.3643835616438356,0.0,33,1,2
54,0,0.5616438356164384,0.0,40,6,2
23,0,0.6958904109589041,0.0,44,2,2
29,0,1.0,0.0,44,1,1
50,0,0.7342465753424657,0.0,65,1,2
49,0,1.0,0.0,62,2,1
32,0,0.7232876712328767,0.0,66,5,2
64,0,1.0,0.0,48,3,1
51,0,1.0,0.0,74,1,3
42,0,1.0,0.0,49,1,3
68,0,0.42191780821917807,0.0,55,8,3
41,0,0.7726027397260274,0.0,40,1,3
36,0,0.8904109589041096,0.0,33,1,2
30,0,1.0,0.0,48,5,3
51,0,1.0,0.0,79,1,2
25,0,1.0,0.0,44,1,2
33,0,1.0,0.0,65,1,1
25,1,1.0,2608.0,98,6,2
26,0,1.0,0.0,37,6,1
48,0,1.0,0.0,33,1,3
31,0,1.0,0.0,66,8,1
57,0,1.0,0.0,66,1,2
48,0,1.0,0.0,47,6,1
38,0,1.0,0.0,38,2,3
59,0,1.0,0.0,43,1,1
65,0,0.8301369863013699,0.0,33,1,2
61,0,1.0,0.0,66,9,1
38,0,0.0821917808219178,0.0,43,4,2
39,0,1.0,0.0,39,10,1
25,0,1.0,0.0,52,6,2
31,1,1.0,80472.0,66,6,1
37,0,1.0,0.0,66,8,1
42,0,1.0,0.0,37,2,1
45,0,0.9753424657534246,0.0,47,9,2
49,0,1.0,0.0,32,7,1
49,0,0.6794520547945205,0.0,32,1,1
45,0,1.0,0.0,77,1,3
73,0,1.0,0.0,49,9,3
41,0,1.0,0.0,37,1,1
62,0,1.0,0.0,46,1,1
40,0,1.0,0.0,66,1,3
42,0,1.0,0.0,60,1,3
78,0,1.0,0.0,43,1,3
63,0,1.0,0.0,40,2,3
23,0,1.0,0.0,66,1,3
29,1,1.0,108921.0,37,2,3
55,0,1.0,0.0,55,1,3
34,0,0.726027397260274,0.0,68,1,1
66,1,1.0,131476.0,43,2,1
71,0,1.0,0.0,32,2,3
66,0,1.0,0.0,65,1,1
80,0,1.0,0.0,36,1,3
47,0,1.0,0.0,52,1,1
29,0,0.3287671232876712,0.0,53,3,2
52,0,0.8383561643835616,0.0,43,2,2
41,0,1.0,0.0,52,2,2
42,0,0.7890410958904109,0.0,37,10,2
54,1,1.0,11992.0,33,1,3
51,0,1.0,0.0,74,3,1
55,0,1.0,0.0,60,4,3
64,0,1.0,0.0,60,14,1
44,0,1.0,0.0,53,1,2
26,0,1.0,0.0,40,1,1
44,0,0.36712328767123287,0.0,55,2,1
77,0,0.4958904109589041,0.0,42,10,2
34,0,1.0,0.0,55,1,1
20,0,0.9287671232876712,0.0,80,6,1
46,0,0.5452054794520548,0.0,43,11,1
50,0,1.0,0.0,95,11,2
70,0,1.0,0.0,60,11,1
62,0,1.0,0.0,85,12,2
53,0,1.0,0.0,32,2,3
60,0,1.0,0.0,40,1,2
34,0,1.0,0.0,37,7,2
67,0,1.0,0.0,43,7,1
59,0,1.0,0.0,46,12,1
38,0,1.0,0.0,77,1,2
52,0,1.0,0.0,44,5,2
41,0,1.0,0.0,69,1,3
35,0,1.0,0.0,44,1,1
57,0,1.0,0.0,33,6,1
46,0,0.2465753424657534,0.0,44,7,1
34,0,1.0,0.0,57,12,3
39,1,1.0,2607.0,81,2,1
61,0,1.0,0.0,33,1,1
72,0,1.0,0.0,44,1,2
59,0,1.0,0.0,55,10,2
35,0,1.0,0.0,51,14,3
41,0,1.0,0.0,55,3,2
58,0,1.0,0.0,66,8,2
36,0,0.2876712328767123,0.0,66,1,2
53,0,1.0,0.0,66,6,2
44,0,0.3013698630136986,0.0,33,2,1
33,1,1.0,2607.0,33,1,0
40,0,1.0,0.0,66,1,3
58,0,1.0,0.0,90,1,3
44,0,1.0,0.0,89,2,2
59,0,1.0,0.0,77,1,1
73,0,1.0,0.0,98,10,1
25,0,1.0,0.0,55,7,2
48,0,1.0,0.0,65,1,1
62,0,1.0,0.0,55,2,2
35,0,0.9205479452054794,0.0,58,1,2
22,0,1.0,0.0,60,1,1
33,0,1.0,0.0,44,3,1
71,0,0.08493150684931507,0.0,65,6,1
36,0,1.0,0.0,90,1,1
56,0,1.0,0.0,100,12,1
46,0,1.0,0.0,50,1,2
41,0,1.0,0.0,70,1,3
34,0,1.0,0.0,44,5,0
67,0,0.1726027397260274,0.0,79,16,1
35,0,1.0,0.0,66,1,2
43,0,0.4054794520547945,0.0,60,9,1
71,0,1.0,0.0,40,6,3
42,0,0.958904109589041,0.0,47,11,1
35,0,1.0,0.0,103,1,1
74,0,1.0,0.0,85,8,2
34,0,0.38082191780821917,0.0,85,3,3
70,0,1.0,0.0,81,2,1
35,0,1.0,0.0,37,5,2
47,0,0.9123287671232877,0.0,92,1,1
36,0,0.8493150684931506,0.0,66,3,1
44,0,1.0,0.0,62,7,2
49,0,1.0,0.0,39,2,3
52,0,1.0,0.0,40,2,2
46,1,1.0,80887.0,40,1,2
40,0,1.0,0.0,43,1,3
63,0,1.0,0.0,40,2,1
51,0,1.0,0.0,47,6,3
24,0,1.0,0.0,60,1,2
58,0,1.0,0.0,51,6,1
31,1,1.0,121902.0,44,1,1
33,0,1.0,0.0,66,8,1
32,0,1.0,0.0,55,1,1
36,0,1.0,0.0,55,7,1
47,0,1.0,0.0,40,1,1
23,1,0.2465753424657534,9728.0,85,1,2
67,0,0.915068493150685,0.0,40,2,2
43,0,0.29041095890410956,0.0,63,1,1
49,0,0.5178082191780822,0.0,90,1,1
62,0,1.0,0.0,40,8,3
34,0,0.2328767123287671,0.0,66,12,3
49,0,1.0,0.0,101,1,1
46,2,0.9232876712328767,115080.0,66,1,1
49,2,0.8547945205479452,179712.0,59,9,3
43,0,1.0,0.0,55,1,1
78,0,0.7890410958904109,0.0,54,2,2
32,0,1.0,0.0,123,3,3
56,0,1.0,0.0,83,2,2
26,0,0.3698630136986301,0.0,85,2,2
65,0,1.0,0.0,77,4,2
46,0,1.0,0.0,51,1,3
71,0,1.0,0.0,40,6,3
55,0,1.0,0.0,55,2,2
33,0,1.0,0.0,98,6,1
38,0,1.0,0.0,110,1,2
30,0,0.6767123287671233,0.0,81,6,3
50,0,1.0,0.0,48,1,3
71,0,0.3780821917808219,0.0,55,2,1
46,0,1.0,0.0,70,1,2
77,0,1.0,0.0,51,1,2
65,0,1.0,0.0,57,3,3
47,0,1.0,0.0,21,5,3
22,0,0.3561643835616438,0.0,47,1,3
85,0,1.0,0.0,66,9,2
54,0,1.0,0.0,64,1,2
67,0,1.0,0.0,55,6,3
46,0,0.4136986301369863,0.0,26,3,1
28,0,1.0,0.0,93,1,1
22,0,0.09863013698630137,0.0,66,1,1
35,0,1.0,0.0,68,1,1
38,0,0.5808219178082191,0.0,55,10,3
48,0,1.0,0.0,51,1,2
52,0,1.0,0.0,44,1,1
27,0,0.9041095890410958,0.0,110,11,1
42,0,1.0,0.0,66,5,1
32,0,0.4,0.0,55,12,1
39,0,0.7589041095890411,0.0,68,6,3
61,0,0.36164383561643837,0.0,55,10,2
47,0,1.0,0.0,54,7,3
52,0,1.0,0.0,43,5,1
27,0,1.0,0.0,41,4,3
48,0,1.0,0.0,73,6,1
59,0,1.0,0.0,40,2,2
66,1,1.0,5178.0,33,5,3
29,0,0.5945205479452055,0.0,77,1,1
49,0,0.736986301369863,0.0,47,15,1
44,0,0.8383561643835616,0.0,64,14,2
77,0,0.25205479452054796,0.0,44,5,1
37,0,1.0,0.0,74,6,1
39,0,1.0,0.0,49,6,1
35,0,1.0,0.0,55,9,1
34,0,0.038356164383561646,0.0,40,10,2
38,0,1.0,0.0,70,1,3
58,0,1.0,0.0,44,1,1
39,0,0.7041095890410959,0.0,70,1,1
47,0,1.0,0.0,54,3,3
50,0,1.0,0.0,33,1,3
64,0,1.0,0.0,55,1,3
57,0,1.0,0.0,72,1,3
63,0,1.0,0.0,66,1,1
65,0,1.0,0.0,44,1,3
52,0,0.6301369863013698,0.0,50,1,2
57,0,0.8383561643835616,0.0,47,1,1
32,0,1.0,0.0,47,1,3
34,0,1.0,0.0,110,2,3
37,0,1.0,0.0,66,1,1
72,0,1.0,0.0,68,1,3
58,1,1.0,276130.0,44,1,1
33,0,1.0,0.0,78,1,1
67,0,1.0,0.0,43,2,2
54,0,0.16164383561643836,0.0,55,1,1
71,0,1.0,0.0,33,2,3
48,1,0.9068493150684932,43693.0,66,1,3
30,1,0.9561643835616438,6284.0,64,2,3
35,0,1.0,0.0,60,1,2
71,0,1.0,0.0,66,1,3
65,0,0.8328767123287671,0.0,65,5,1
23,2,0.8,14618.0,102,1,1
26,0,0.6328767123287671,0.0,26,1,1
43,1,0.5945205479452055,42922.0,76,7,2
49,0,1.0,0.0,44,6,2
27,0,0.11232876712328767,0.0,42,1,2
36,0,1.0,0.0,85,2,2
31,0,1.0,0.0,48,1,3
26,1,1.0,2856.0,60,12,2
38,1,1.0,57540.0,85,4,1
51,0,1.0,0.0,40,1,1
33,0,1.0,0.0,56,6,2
25,0,1.0,0.0,65,1,1
60,0,1.0,0.0,40,2,1
48,2,1.0,38719.0,40,2,2
42,0,1.0,0.0,42,5,1
34,0,1.0,0.0,40,6,3
23,0,0.8328767123287671,0.0,55,1,3
49,0,1.0,0.0,33,12,2
39,0,1.0,0.0,40,7,1
35,0,1.0,0.0,74,2,2
45,0,1.0,0.0,59,12,2
43,0,1.0,0.0,54,3,1
38,0,1.0,0.0,59,1,1
49,0,0.5808219178082191,0.0,85,1,1
62,0,1.0,0.0,55,8,1
44,0,1.0,0.0,37,1,1
34,0,0.5561643835616439,0.0,40,1,1
42,0,1.0,0.0,37,1,1
52,0,1.0,0.0,49,2,1
39,0,1.0,0.0,51,12,3
27,0,0.821917808219178,0.0,33,5,3
79,0,1.0,0.0,66,7,2
26,0,1.0,0.0,40,1,3
32,0,1.0,0.0,66,1,2
69,0,1.0,0.0,40,9,2
67,0,1.0,0.0,74,8,3
69,0,1.0,0.0,52,1,3
66,0,1.0,0.0,37,2,2
26,0,1.0,0.0,37,1,2
27,1,0.7917808219178082,23420.0,55,1,3
29,0,1.0,0.0,55,2,3
67,0,1.0,0.0,48,1,1
61,0,1.0,0.0,55,1,2
54,0,0.25205479452054796,0.0,40,5,1
34,0,1.0,0.0,66,1,1
47,1,1.0,6534.0,44,1,1
73,0,1.0,0.0,37,4,3
37,0,1.0,0.0,40,1,1
67,0,1.0,0.0,33,9,2
45,0,1.0,0.0,66,9,2
30,0,1.0,0.0,70,5,1
40,0,1.0,0.0,55,2,3
28,0,0.726027397260274,0.0,37,1,1
59,0,1.0,0.0,55,7,1
21,0,1.0,0.0,40,3,1
36,0,1.0,0.0,63,2,1
32,0,1.0,0.0,55,6,1
36,2,1.0,5579.0,40,4,1
27,1,0.9726027397260274,2607.0,33,1,3
31,0,0.4958904109589041,0.0,40,5,3
69,0,1.0,0.0,85,1,1
61,0,1.0,0.0,54,3,2
39,0,1.0,0.0,59,1,3
65,0,1.0,0.0,55,7,3
84,0,1.0,0.0,85,1,2
26,0,1.0,0.0,51,12,1
45,2,1.0,56038.0,51,3,3
37,0,1.0,0.0,85,2,3
65,0,1.0,0.0,33,1,1
44,1,1.0,57540.0,66,2,3
37,0,0.4958904109589041,0.0,81,1,2
51,0,1.0,0.0,33,1,2
35,0,1.0,0.0,43,12,3
47,1,1.0,2607.0,55,8,2
59,0,1.0,0.0,66,12,3
24,0,0.7808219178082192,0.0,107,7,1
72,0,1.0,0.0,47,3,2
67,0,0.5808219178082191,0.0,38,1,3
37,0,0.915068493150685,0.0,78,1,2
71,0,0.5808219178082191,0.0,34,6,1
57,0,0.07397260273972603,0.0,66,1,3
65,0,1.0,0.0,53,3,1
50,0,0.336986301369863,0.0,39,1,2
46,1,1.0,50001.0,47,2,1
60,0,0.4191780821917808,0.0,50,1,2
51,0,1.0,0.0,44,12,3
40,0,0.5178082191780822,0.0,60,1,1
45,1,1.0,5324.0,33,1,3
40,0,1.0,0.0,65,4,2
55,0,0.8821917808219178,0.0,43,1,1
70,0,1.0,0.0,90,12,1
31,2,1.0,200000.0,44,8,3
31,1,1.0,1330000.0,40,5,1
69,0,1.0,0.0,53,2,2
52,0,1.0,0.0,18,14,3
70,0,1.0,0.0,35,2,1
45,0,0.4136986301369863,0.0,29,6,2
28,0,1.0,0.0,85,1,2
65,0,0.5808219178082191,0.0,39,2,2
45,0,1.0,0.0,76,1,3
76,0,1.0,0.0,54,3,3
77,0,0.0410958904109589,0.0,55,15,3
71,0,1.0,0.0,77,8,2
57,0,1.0,0.0,48,6,2
26,2,0.5945205479452055,91214.0,55,1,1
31,0,1.0,0.0,44,1,2
25,0,1.0,0.0,50,7,3
26,0,1.0,0.0,60,9,1
59,0,0.0958904109589041,0.0,33,13,1
31,0,1.0,0.0,85,12,2
37,0,1.0,0.0,33,1,2
59,0,1.0,0.0,82,8,2
77,1,1.0,57540.0,40,1,2
25,0,1.0,0.0,52,1,3
50,0,1.0,0.0,73,1,0
38,1,1.0,75852.0,55,1,1
54,0,1.0,0.0,89,2,1
63,1,1.0,7236.0,40,1,1
70,0,1.0,0.0,43,1,1
41,0,1.0,0.0,51,12,2
42,1,1.0,8457.0,50,12,2
59,0,1.0,0.0,40,2,3
40,1,1.0,31448.0,39,6,3
51,0,1.0,0.0,48,6,1
66,0,1.0,0.0,55,11,3
69,0,1.0,0.0,44,2,1
45,0,1.0,0.0,71,1,3
41,1,0.4246575342465753,3012.0,37,3,3
42,0,1.0,0.0,43,1,1
38,0,1.0,0.0,48,2,3
30,0,1.0,0.0,51,9,3
60,0,1.0,0.0,75,12,3
50,0,1.0,0.0,51,12,2
48,0,0.5808219178082191,0.0,33,4,1
58,0,1.0,0.0,55,1,2
73,1,1.0,2925.0,33,6,2
64,0,1.0,0.0,47,5,1
34,0,1.0,0.0,55,2,1
34,1,1.0,30848.0,39,2,2
66,0,1.0,0.0,96,2,1
32,0,0.4958904109589041,0.0,55,1,2
73,0,1.0,0.0,85,1,2
70,0,1.0,0.0,43,6,3
26,0,1.0,0.0,55,2,1
39,0,1.0,0.0,44,1,1
34,0,1.0,0.0,60,1,3
33,0,0.0273972602739726,0.0,42,1,2
55,0,1.0,0.0,51,1,1
35,0,0.8931506849315068,0.0,37,1,1
22,0,1.0,0.0,55,1,2
31,0,1.0,0.0,75,9,2
46,1,0.21095890410958903,60172.0,33,8,1
38,0,1.0,0.0,66,6,1
40,0,0.2465753424657534,0.0,44,1,1
42,0,1.0,0.0,85,1,3
72,0,1.0,0.0,41,8,3
39,0,0.8438356164383561,0.0,81,2,1
44,0,1.0,0.0,39,2,1
64,0,1.0,0.0,47,1,2
50,0,1.0,0.0,74,9,1
34,0,1.0,0.0,36,2,3
39,0,1.0,0.0,64,1,3
42,0,1.0,0.0,40,8,2
32,0,0.8383561643835616,0.0,53,5,3
66,0,1.0,0.0,44,2,1
40,2,0.989041095890411,1675436.0,47,4,3
27,2,1.0,74043.0,66,2,1
69,0,1.0,0.0,34,15,1
29,0,1.0,0.0,43,1,2
40,1,1.0,2989.0,55,6,2
31,0,1.0,0.0,36,2,1
37,0,1.0,0.0,33,1,3
35,0,1.0,0.0,54,9,3
70,0,1.0,0.0,73,1,2
48,0,1.0,0.0,32,2,3
62,0,1.0,0.0,54,6,3
24,0,1.0,0.0,96,2,1
39,0,1.0,0.0,51,6,2
35,0,1.0,0.0,54,1,3
31,0,1.0,0.0,70,1,1
46,0,1.0,0.0,48,6,1
65,0,1.0,0.0,70,11,3
33,1,1.0,2857.0,100,8,3
37,0,1.0,0.0,44,1,3
34,0,1.0,0.0,40,2,3
43,1,1.0,57780.0,50,6,1
72,0,1.0,0.0,100,12,3
43,0,1.0,0.0,40,1,2
39,0,1.0,0.0,42,2,2
79,0,1.0,0.0,42,2,1
37,0,0.17534246575342466,0.0,85,1,2
46,0,1.0,0.0,75,3,3
36,0,1.0,0.0,46,12,0
46,0,0.2,0.0,43,6,0
69,0,1.0,0.0,51,6,1
38,0,1.0,0.0,91,1,1
44,0,1.0,0.0,47,6,3
37,0,1.0,0.0,66,11,1
28,1,1.0,5850.0,98,3,3
37,0,0.08493150684931507,0.0,47,11,3
39,0,0.08493150684931507,0.0,55,2,3
64,0,1.0,0.0,81,1,3
33,0,0.7671232876712328,0.0,40,12,1
45,0,1.0,0.0,77,10,1
32,0,1.0,0.0,100,4,1
28,0,1.0,0.0,59,6,1
71,0,0.2602739726027397,0.0,66,1,1
61,0,1.0,0.0,78,2,1
38,0,1.0,0.0,25,3,1
64,0,1.0,0.0,66,2,3
57,0,1.0,0.0,51,1,1
66,0,1.0,0.0,40,1,2
46,0,1.0,0.0,34,5,2
58,0,1.0,0.0,103,11,2
43,0,1.0,0.0,44,11,3
60,0,1.0,0.0,47,5,3
46,0,1.0,0.0,47,3,1
32,0,1.0,0.0,60,1,3
35,0,0.726027397260274,0.0,103,2,3
31,0,0.4136986301369863,0.0,96,13,1
69,0,1.0,0.0,44,1,2
49,0,1.0,0.0,40,1,1
49,1,1.0,57540.0,66,1,3
71,0,1.0,0.0,60,1,3
74,0,1.0,0.0,68,1,2
53,0,0.5917808219178082,0.0,87,1,2
46,0,0.2410958904109589,0.0,66,1,3
33,2,1.0,12020.0,65,7,3
56,1,1.0,5324.0,66,1,1
53,0,1.0,0.0,85,2,1
44,0,1.0,0.0,66,5,3
59,0,0.9753424657534246,0.0,55,1,0
59,0,1.0,0.0,64,5,1
28,0,1.0,0.0,44,2,1
45,0,1.0,0.0,40,1,1
63,0,0.32054794520547947,0.0,33,1,3
63,0,1.0,0.0,40,6,3
73,0,0.7205479452054795,0.0,44,1,1
31,1,1.0,4047.0,44,1,2
34,1,1.0,4452.0,47,9,1
66,0,1.0,0.0,47,1,1
28,0,0.7589041095890411,0.0,75,9,1
33,0,1.0,0.0,49,11,2
34,0,1.0,0.0,40,4,2
54,1,1.0,2565.0,33,3,2
49,0,1.0,0.0,40,1,3
45,0,1.0,0.0,75,1,2
27,0,1.0,0.0,85,2,1
31,0,1.0,0.0,62,2,1
50,0,0.4821917808219178,0.0,47,3,1
28,1,1.0,8910.0,47,2,3
33,0,1.0,0.0,39,1,3
38,0,1.0,0.0,54,11,1
24,0,0.14246575342465753,0.0,55,1,3
29,0,1.0,0.0,44,16,3
64,0,0.6958904109589041,0.0,73,11,1
66,0,1.0,0.0,69,1,2
53,0,1.0,0.0,98,2,2
46,0,1.0,0.0,55,2,2
58,0,1.0,0.0,51,1,1
33,0,1.0,0.0,70,2,2
32,0,1.0,0.0,44,5,1
62,0,1.0,0.0,103,12,2
77,1,1.0,30076.0,33,12,3
38,0,1.0,0.0,30,6,3
44,0,0.8082191780821918,0.0,65,1,1
44,0,1.0,0.0,40,2,3
31,0,1.0,0.0,33,8,1
51,0,1.0,0.0,47,10,3
36,0,1.0,0.0,75,4,3
23,0,0.043835616438356165,0.0,66,1,3
32,0,0.3150684931506849,0.0,75,1,1
40,0,1.0,0.0,60,1,1
26,0,1.0,0.0,43,1,2
74,0,0.5452054794520548,0.0,55,2,1
47,0,1.0,0.0,32,2,2
33,0,1.0,0.0,66,1,1
42,1,1.0,57540.0,67,1,1
30,0,1.0,0.0,75,11,1
29,0,0.5835616438356165,0.0,66,1,3
35,0,1.0,0.0,39,1,3
36,0,0.5397260273972603,0.0,39,1,3
74,0,1.0,0.0,57,8,3
74,0,0.8904109589041096,0.0,121,1,2
48,1,0.3561643835616438,4966.0,37,2,1
51,1,1.0,55350.0,32,2,2
30,1,0.915068493150685,5408.0,65,12,2
43,0,1.0,0.0,50,10,1
48,1,0.9095890410958904,20106.0,44,2,3
71,0,1.0,0.0,40,1,2
31,0,1.0,0.0,96,6,3
40,0,1.0,0.0,74,1,3
45,0,1.0,0.0,69,5,1
38,1,0.5753424657534246,6594.0,60,3,1
47,0,1.0,0.0,47,6,1
39,0,0.021917808219178082,0.0,65,1,3
48,0,1.0,0.0,65,2,3
31,0,0.9972602739726028,0.0,47,7,2
43,0,1.0,0.0,35,1,3
28,0,0.4958904109589041,0.0,53,1,1
42,0,1.0,0.0,43,1,1
76,0,1.0,0.0,75,1,2
67,0,1.0,0.0,55,1,3
73,0,1.0,0.0,55,12,3
68,0,1.0,0.0,56,1,1
54,0,1.0,0.0,38,1,3
51,0,1.0,0.0,42,8,3
43,0,1.0,0.0,92,1,2
61,0,0.7315068493150685,0.0,64,1,1
43,0,0.5315068493150685,0.0,40,3,3
57,0,1.0,0.0,36,2,1
52,0,1.0,0.0,33,11,1
26,0,1.0,0.0,55,1,3
52,0,1.0,0.0,60,1,2
68,0,1.0,0.0,54,3,1
41,0,1.0,0.0,33,13,2
36,0,1.0,0.0,61,1,2
46,0,1.0,0.0,44,2,1
44,0,1.0,0.0,33,2,2
30,0,1.0,0.0,33,1,1
58,0,1.0,0.0,65,4,2
48,0,1.0,0.0,66,5,2
39,0,1.0,0.0,40,11,2
49,0,1.0,0.0,40,1,1
81,0,1.0,0.0,53,2,2
45,0,1.0,0.0,41,8,1
63,1,1.0,33553.0,85,7,1
77,0,0.13972602739726028,0.0,53,12,3
23,1,1.0,57540.0,41,1,3
46,0,1.0,0.0,105,6,1
55,0,1.0,0.0,43,11,3
32,0,1.0,0.0,76,1,3
55,0,0.36164383561643837,0.0,50,12,2
32,0,1.0,0.0,66,1,1
43,0,0.9397260273972603,0.0,85,12,2
61,0,1.0,0.0,55,1,0
43,0,0.8328767123287671,0.0,30,1,1
39,0,1.0,0.0,75,1,3
43,0,1.0,0.0,47,6,1
28,0,1.0,0.0,27,2,3
22,0,1.0,0.0,74,1,1
51,0,1.0,0.0,77,1,3
62,0,1.0,0.0,96,3,1
29,1,1.0,6776.0,43,1,2
45,0,1.0,0.0,44,6,1
65,0,1.0,0.0,50,1,1
33,0,0.3150684931506849,0.0,47,3,2
37,1,0.6821917808219178,57540.0,39,3,3
37,0,0.5068493150684932,0.0,81,1,3
53,0,1.0,0.0,66,2,1
34,1,1.0,70000.0,55,10,2
33,0,1.0,0.0,55,2,3
30,2,0.958904109589041,122770.0,38,6,2
71,0,1.0,0.0,84,12,2
63,0,1.0,0.0,40,1,3
23,0,1.0,0.0,55,12,3
43,0,1.0,0.0,40,11,1
39,0,1.0,0.0,55,1,2
72,0,1.0,0.0,55,9,3
30,0,0.7506849315068493,0.0,79,1,2
49,0,1.0,0.0,85,11,3
47,0,1.0,0.0,74,9,1
36,1,0.663013698630137,50000.0,48,9,1
59,0,1.0,0.0,48,1,1
65,0,1.0,0.0,47,2,2
47,0,0.915068493150685,0.0,47,10,2
49,0,1.0,0.0,83,10,3
61,0,1.0,0.0,65,2,3
70,1,1.0,129428.0,43,1,3
50,1,1.0,19769.0,48,12,2
65,0,1.0,0.0,47,7,1
51,0,1.0,0.0,55,1,3
25,0,1.0,0.0,40,1,2
49,0,1.0,0.0,44,5,2
66,1,1.0,2691.0,55,2,2
36,0,0.7726027397260274,0.0,30,3,3
65,1,1.0,24299.0,40,8,2
47,0,1.0,0.0,68,1,2
68,0,1.0,0.0,65,8,1
59,0,1.0,0.0,85,1,2
41,0,0.4465753424657534,0.0,40,2,2
39,0,0.3780821917808219,0.0,33,1,1
41,0,1.0,0.0,65,12,2
28,1,1.0,55000.0,31,3,3
29,0,0.1643835616438356,0.0,54,9,2
43,0,1.0,0.0,34,1,1
36,0,1.0,0.0,34,2,1
55,0,0.08493150684931507,0.0,74,6,1
46,0,1.0,0.0,98,1,1
38,0,0.07397260273972603,0.0,68,2,1
41,0,1.0,0.0,51,10,1
44,0,1.0,0.0,55,2,2
62,0,0.5041095890410959,0.0,55,3,2
67,0,1.0,0.0,48,1,1
45,0,0.3287671232876712,0.0,85,2,3
33,0,0.9780821917808219,0.0,55,1,1
37,0,0.7917808219178082,0.0,66,1,2
26,0,0.5589041095890411,0.0,76,1,1
46,0,1.0,0.0,63,11,2
42,0,1.0,0.0,40,1,2
61,0,1.0,0.0,25,1,1
47,0,1.0,0.0,96,10,3
53,0,1.0,0.0,85,6,3
30,0,1.0,0.0,66,1,3
39,0,1.0,0.0,43,1,1
65,0,1.0,0.0,47,1,3
30,0,1.0,0.0,27,2,2
38,1,1.0,5204.0,60,1,1
46,0,0.8493150684931506,0.0,68,1,2
58,0,1.0,0.0,59,6,3
38,0,1.0,0.0,43,1,2
26,0,1.0,0.0,64,2,1
58,1,1.0,2692.0,53,1,1
39,0,0.29315068493150687,0.0,68,2,1
76,0,1.0,0.0,90,1,3
82,0,1.0,0.0,85,5,1
70,0,1.0,0.0,49,1,1
70,0,0.8794520547945206,0.0,43,14,2
57,0,1.0,0.0,55,12,2
34,0,1.0,0.0,102,1,3
58,0,1.0,0.0,48,6,3
22,0,0.08767123287671233,0.0,84,3,3
50,0,0.4438356164383562,0.0,55,12,3
40,0,0.25205479452054796,0.0,37,1,1
68,0,1.0,0.0,65,1,1
47,0,1.0,0.0,47,2,1
23,0,1.0,0.0,57,10,1
29,0,1.0,0.0,60,1,1
44,0,0.8438356164383561,0.0,55,2,3
77,0,1.0,0.0,96,7,3
42,1,0.8657534246575342,113560.0,55,6,2
61,0,1.0,0.0,35,7,1
34,0,1.0,0.0,35,2,1
41,0,1.0,0.0,44,1,1
33,0,1.0,0.0,44,10,3
41,0,1.0,0.0,43,1,1
60,0,1.0,0.0,55,8,1
55,0,1.0,0.0,39,1,3
37,2,0.852054794520548,3998.0,70,2,2
30,0,0.7945205479452054,0.0,63,3,2
51,0,1.0,0.0,50,8,1
35,1,1.0,2118.0,19,12,2
32,0,0.8849315068493151,0.0,37,12,1
46,1,0.7150684931506849,2781.0,55,15,1
47,0,1.0,0.0,55,1,1
45,0,1.0,0.0,66,4,1
57,0,0.12602739726027398,0.0,52,2,1
42,0,0.4,0.0,55,5,2
49,0,1.0,0.0,98,6,2
73,0,1.0,0.0,55,6,3
57,0,1.0,0.0,66,1,2
56,0,1.0,0.0,92,11,1
25,1,1.0,48418.0,40,3,1
76,1,1.0,56481.0,67,3,1
29,0,1.0,0.0,49,7,2
33,0,0.4383561643835616,0.0,59,1,2
30,0,0.08493150684931507,0.0,46,2,1
38,0,1.0,0.0,50,5,3
51,0,1.0,0.0,55,1,3
50,0,1.0,0.0,33,1,1
34,0,1.0,0.0,55,1,2
43,0,1.0,0.0,43,13,3
43,0,0.4136986301369863,0.0,40,5,3
27,0,0.19452054794520549,0.0,43,7,1
54,0,0.07671232876712329,0.0,40,1,2
33,0,1.0,0.0,47,1,3
65,0,1.0,0.0,73,4,2
64,0,1.0,0.0,66,6,1
50,2,1.0,700098.0,42,8,2
26,0,1.0,0.0,87,13,3
55,0,1.0,0.0,110,1,2
74,0,0.3972602739726027,0.0,40,3,1
23,1,1.0,5850.0,37,1,2
62,0,1.0,0.0,40,10,1
72,0,1.0,0.0,36,3,2
59,0,1.0,0.0,83,1,3
66,0,1.0,0.0,48,6,3
28,0,0.2465753424657534,0.0,54,10,1
39,1,1.0,2839.0,66,4,1
41,0,1.0,0.0,40,5,1
38,0,1.0,0.0,60,5,1
76,0,1.0,0.0,39,12,1
78,0,1.0,0.0,40,1,1
32,1,1.0,57540.0,64,6,1
45,0,1.0,0.0,101,3,2
28,0,1.0,0.0,40,1,1
59,0,0.0027397260273972603,0.0,43,3,3
59,0,1.0,0.0,21,6,3
37,0,0.6684931506849315,0.0,47,9,1
29,0,1.0,0.0,48,1,1
47,0,1.0,0.0,66,3,3
68,0,1.0,0.0,34,6,3
49,0,1.0,0.0,37,1,2
40,0,0.3452054794520548,0.0,55,6,1
72,0,1.0,0.0,104,1,1
43,0,1.0,0.0,110,7,3
63,0,1.0,0.0,42,12,3
31,1,1.0,76341.0,83,6,3
52,0,1.0,0.0,60,2,1
41,0,1.0,0.0,65,1,1
34,0,0.9287671232876712,0.0,68,2,3
56,0,1.0,0.0,85,2,1
48,0,1.0,0.0,55,3,2
64,0,1.0,0.0,65,1,1
42,0,1.0,0.0,55,1,1
53,0,1.0,0.0,47,6,1
64,0,1.0,0.0,44,5,2
54,0,1.0,0.0,39,2,3
55,1,1.0,6982.0,86,1,1
43,1,1.0,6050.0,110,1,1
34,0,1.0,0.0,39,1,1
23,0,1.0,0.0,40,1,1
30,0,0.7342465753424657,0.0,55,1,3
41,0,0.2465753424657534,0.0,55,6,1
41,0,1.0,0.0,40,12,1
42,0,1.0,0.0,85,12,3
57,0,1.0,0.0,50,2,1
50,0,1.0,0.0,51,1,3
34,0,1.0,0.0,52,9,1
54,0,1.0,0.0,55,12,1
24,0,0.2465753424657534,0.0,71,2,1
76,0,1.0,0.0,79,1,3
23,0,0.43561643835616437,0.0,43,14,3
41,0,1.0,0.0,39,2,1
51,0,1.0,0.0,55,9,1
40,0,1.0,0.0,66,2,1
34,0,1.0,0.0,77,1,3
25,0,0.7123287671232876,0.0,66,1,2
52,0,1.0,0.0,63,1,2
65,0,1.0,0.0,55,2,2
55,0,1.0,0.0,97,10,3
67,0,1.0,0.0,40,1,2
45,0,1.0,0.0,98,6,2
41,0,1.0,0.0,34,12,1
56,0,1.0,0.0,66,2,3
60,0,0.6191780821917808,0.0,53,10,3
47,0,0.9643835616438357,0.0,53,1,3
37,0,1.0,0.0,44,3,1
44,0,1.0,0.0,60,8,1
22,1,1.0,55000.0,110,10,1
54,0,1.0,0.0,51,14,2
23,0,1.0,0.0,55,8,1
67,0,1.0,0.0,55,1,3
33,0,1.0,0.0,33,12,2
37,0,1.0,0.0,43,6,1
28,0,0.2356164383561644,0.0,68,1,2
62,0,0.7397260273972602,0.0,40,8,2
51,0,0.5534246575342465,0.0,53,2,3
77,0,0.08493150684931507,0.0,54,8,1
48,0,1.0,0.0,37,9,1
52,0,1.0,0.0,44,2,2
59,0,1.0,0.0,60,2,3
28,1,0.9123287671232877,57540.0,51,1,2
51,0,1.0,0.0,43,1,3
45,0,1.0,0.0,51,1,3
41,0,0.4958904109589041,0.0,64,6,1
76,0,0.33424657534246577,0.0,35,8,2
44,0,0.4547945205479452,0.0,81,7,3
27,0,0.0027397260273972603,0.0,40,10,1
49,0,0.13972602739726028,0.0,65,2,3
31,0,1.0,0.0,55,1,2
44,0,1.0,0.0,66,1,2
53,0,0.5863013698630137,0.0,51,7,3
36,0,0.29315068493150687,0.0,43,2,1
25,3,0.5013698630136987,338947.0,36,11,2
57,1,1.0,60842.0,96,5,2
61,0,0.09041095890410959,0.0,95,1,3
26,0,0.01643835616438356,0.0,38,2,1
50,0,1.0,0.0,56,9,2
52,0,1.0,0.0,36,10,1
63,0,1.0,0.0,74,1,2
37,1,0.6383561643835617,7332.0,66,10,3
60,0,0.6767123287671233,0.0,40,1,1
35,0,0.36712328767123287,0.0,75,2,2
67,0,1.0,0.0,43,4,2
38,1,1.0,25587.0,65,3,1
26,0,1.0,0.0,49,1,2
58,0,1.0,0.0,54,1,3
44,0,1.0,0.0,40,12,1
44,1,1.0,57540.0,39,5,1
34,0,1.0,0.0,37,2,2
64,0,1.0,0.0,48,3,1
29,0,0.5808219178082191,0.0,66,1,3
67,0,0.16164383561643836,0.0,55,1,3
53,0,1.0,0.0,34,1,1
31,0,0.7917808219178082,0.0,55,12,1
49,0,0.3178082191780822,0.0,43,3,1
75,1,1.0,106440.0,27,1,3
71,1,0.8547945205479452,5324.0,33,10,1
38,0,1.0,0.0,25,1,1
66,1,1.0,44000.0,66,4,1
59,0,0.7643835616438356,0.0,101,1,1
68,0,1.0,0.0,33,1,1
53,0,1.0,0.0,56,3,1
47,0,1.0,0.0,47,2,3
60,0,1.0,0.0,37,1,1
28,1,1.0,7624.0,40,1,3
48,0,1.0,0.0,74,6,1
37,0,0.4958904109589041,0.0,55,1,1
45,0,0.6712328767123288,0.0,55,6,1
34,0,1.0,0.0,52,12,1
33,0,0.9205479452054794,0.0,52,1,2
55,1,1.0,171071.0,66,1,3
30,0,1.0,0.0,44,2,3
39,0,1.0,0.0,40,11,0
76,0,0.21095890410958903,0.0,40,2,1
55,0,1.0,0.0,51,1,1
30,1,0.9095890410958904,12125.0,70,1,1
41,0,1.0,0.0,51,1,1
29,1,1.0,30000.0,40,7,1
37,0,1.0,0.0,62,11,3
49,0,1.0,0.0,66,9,1
77,0,1.0,0.0,52,2,1
29,0,1.0,0.0,52,2,3
50,0,1.0,0.0,85,1,3
48,0,1.0,0.0,102,2,1
26,0,0.2465753424657534,0.0,66,5,1
38,1,1.0,4108.0,49,1,3
71,1,1.0,65900.0,75,1,1
65,0,1.0,0.0,55,1,3
46,0,1.0,0.0,51,11,1
34,0,1.0,0.0,55,11,3
24,0,0.8438356164383561,0.0,87,1,1
37,0,1.0,0.0,66,1,2
50,0,1.0,0.0,44,2,1
30,0,0.6986301369863014,0.0,37,1,3
26,0,1.0,0.0,39,2,3
67,0,1.0,0.0,66,2,3
32,0,1.0,0.0,55,1,1
51,0,0.0410958904109589,0.0,90,6,3
28,0,1.0,0.0,68,1,1
30,0,0.2191780821917808,0.0,37,1,3
53,0,1.0,0.0,79,1,1
31,0,0.31232876712328766,0.0,65,1,2
44,0,0.3041095890410959,0.0,47,5,2
33,1,1.0,2704.0,33,1,1
25,1,0.9698630136986301,400000.0,50,3,3
34,0,1.0,0.0,59,11,3
65,0,0.8986301369863013,0.0,47,1,3
67,0,1.0,0.0,39,1,2
29,1,1.0,62754.0,60,6,1
59,0,1.0,0.0,41,5,1
48,0,1.0,0.0,75,6,1
46,0,1.0,0.0,55,2,3
26,0,1.0,0.0,60,12,3
41,0,0.7041095890410959,0.0,83,7,2
41,0,1.0,0.0,55,2,1
51,0,1.0,0.0,85,10,1
50,0,1.0,0.0,40,1,3
44,1,1.0,27687.0,54,6,3
49,0,1.0,0.0,38,13,2
59,0,0.16712328767123288,0.0,51,10,3
56,0,0.5041095890410959,0.0,66,12,1
83,0,1.0,0.0,33,12,1
32,0,1.0,0.0,43,1,1
58,0,1.0,0.0,40,1,2
26,0,1.0,0.0,85,1,1
21,0,1.0,0.0,40,1,1
51,0,0.7178082191780822,0.0,75,1,2
56,0,1.0,0.0,40,2,1
46,1,1.0,51540.0,60,3,3
34,0,1.0,0.0,66,2,1
29,0,1.0,0.0,65,11,1
58,0,0.7479452054794521,0.0,34,2,1
38,0,0.07123287671232877,0.0,51,2,1
46,0,1.0,0.0,39,1,3
44,0,0.6465753424657534,0.0,64,1,1
41,0,1.0,0.0,66,1,1
49,1,1.0,2607.0,55,6,1
49,0,1.0,0.0,40,2,1
60,0,1.0,0.0,43,1,1
78,0,1.0,0.0,54,11,1
28,0,1.0,0.0,33,1,3
46,0,1.0,0.0,37,9,1
44,0,1.0,0.0,40,11,3
28,0,0.34794520547945207,0.0,51,1,1
38,0,0.915068493150685,0.0,51,2,2
66,1,1.0,6066.0,66,1,3
39,0,0.9643835616438357,0.0,86,2,2
33,0,0.03561643835616438,0.0,43,6,3
44,1,0.7698630136986301,57540.0,66,6,3
57,0,0.7534246575342466,0.0,57,2,1
67,0,1.0,0.0,47,1,1
25,0,1.0,0.0,101,1,2
58,0,0.7123287671232876,0.0,81,8,3
60,0,1.0,0.0,85,6,1
38,0,1.0,0.0,40,12,1
48,0,0.3917808219178082,0.0,55,2,1
71,0,1.0,0.0,60,2,2
76,0,1.0,0.0,66,1,1
28,0,0.7863013698630137,0.0,43,1,2
38,0,1.0,0.0,40,9,2
57,0,1.0,0.0,47,1,3
45,0,0.9452054794520548,0.0,40,2,1
43,0,1.0,0.0,59,8,2
33,0,1.0,0.0,33,12,1
49,0,1.0,0.0,29,1,1
39,0,1.0,0.0,58,5,2
56,0,1.0,0.0,55,6,2
43,0,1.0,0.0,84,1,2
37,0,1.0,0.0,39,1,1
36,0,0.5616438356164384,0.0,44,2,3
48,0,1.0,0.0,62,2,1
30,0,1.0,0.0,55,1,2
27,0,1.0,0.0,77,2,3
38,0,1.0,0.0,55,1,3
29,0,1.0,0.0,80,2,3
33,0,0.33424657534246577,0.0,62,1,3
28,0,1.0,0.0,33,1,3
44,0,1.0,0.0,40,3,2
56,0,1.0,0.0,70,13,3
23,0,0.8657534246575342,0.0,55,1,1
66,0,1.0,0.0,69,1,2
69,0,1.0,0.0,43,1,1
51,0,0.2465753424657534,0.0,40,1,1
36,0,1.0,0.0,47,12,1
51,0,1.0,0.0,40,11,3
38,0,1.0,0.0,55,2,1
62,0,1.0,0.0,42,1,2
32,0,0.873972602739726,0.0,54,1,2
39,1,1.0,15000.0,37,1,2
61,0,1.0,0.0,55,2,3
72,0,1.0,0.0,51,6,1
50,0,1.0,0.0,75,12,1
41,1,1.0,2607.0,39,15,3
27,0,0.0027397260273972603,0.0,81,7,2
75,0,1.0,0.0,60,4,3
56,0,1.0,0.0,40,6,1
50,0,1.0,0.0,40,12,2
72,0,1.0,0.0,66,9,2
29,0,0.26575342465753427,0.0,66,11,1
49,0,0.2465753424657534,0.0,51,1,3
30,0,0.6657534246575343,0.0,53,12,1
28,0,0.08493150684931507,0.0,54,6,1
49,0,1.0,0.0,47,1,2
30,0,1.0,0.0,53,2,3
44,0,0.21643835616438356,0.0,60,2,3
76,0,1.0,0.0,49,1,1
45,0,1.0,0.0,47,6,1
31,0,1.0,0.0,37,5,1
82,0,0.25753424657534246,0.0,77,1,1
47,0,0.6410958904109589,0.0,76,1,1
35,1,0.9643835616438357,57540.0,40,2,3
28,0,1.0,0.0,40,2,1
35,0,1.0,0.0,54,7,1
53,0,0.7780821917808219,0.0,44,1,3
76,0,1.0,0.0,42,2,1
40,0,1.0,0.0,44,1,3
55,0,0.15342465753424658,0.0,77,1,2
41,0,1.0,0.0,55,7,1
65,0,1.0,0.0,55,10,1
65,0,1.0,0.0,43,1,2
48,0,1.0,0.0,66,1,3
60,0,0.1863013698630137,0.0,55,7,2
81,0,0.08493150684931507,0.0,43,1,3
74,1,1.0,8664.0,54,1,3
39,0,1.0,0.0,93,1,1
36,0,1.0,0.0,66,6,1
62,0,0.8958904109589041,0.0,80,1,1
32,0,1.0,0.0,89,2,2
63,0,0.9452054794520548,0.0,55,17,3
52,0,1.0,0.0,48,4,1
43,0,1.0,0.0,43,1,1
56,0,1.0,0.0,55,1,3
30,0,1.0,0.0,66,6,3
68,0,1.0,0.0,65,1,1
64,0,1.0,0.0,50,2,1
55,0,1.0,0.0,51,1,2
27,0,1.0,0.0,55,2,3
48,0,1.0,0.0,70,4,3
36,0,0.2465753424657534,0.0,70,3,1
40,0,1.0,0.0,37,6,1
49,0,1.0,0.0,55,1,1
27,0,1.0,0.0,42,1,1
60,0,1.0,0.0,47,12,1
74,0,1.0,0.0,48,1,2
46,0,0.4986301369863014,0.0,39,1,3
52,0,1.0,0.0,41,8,1
29,1,1.0,21486.0,92,2,1
48,0,1.0,0.0,42,1,1
80,0,1.0,0.0,51,5,3
23,0,1.0,0.0,55,2,3
29,0,0.4136986301369863,0.0,55,16,2
37,0,0.5808219178082191,0.0,85,5,1
54,0,1.0,0.0,54,2,1
50,0,0.27123287671232876,0.0,39,7,1
70,0,1.0,0.0,39,1,1
52,0,0.6657534246575343,0.0,55,1,3
65,1,1.0,57540.0,40,1,3
50,1,1.0,56832.0,40,3,3
68,0,0.2493150684931507,0.0,61,2,3
73,0,1.0,0.0,26,10,2
23,1,1.0,2650.0,42,11,3
46,0,1.0,0.0,36,1,2
45,0,0.41643835616438357,0.0,54,2,1
57,0,1.0,0.0,50,1,3
43,0,0.3835616438356164,0.0,98,2,1
68,0,1.0,0.0,93,3,3
54,0,1.0,0.0,40,8,1
32,0,1.0,0.0,55,1,1
34,0,0.34794520547945207,0.0,85,3,1
70,0,1.0,0.0,39,1,3
43,0,1.0,0.0,67,1,3
65,1,1.0,57540.0,85,11,2
52,0,1.0,0.0,40,1,1
45,0,0.8328767123287671,0.0,34,3,3
49,0,1.0,0.0,49,3,2
67,0,1.0,0.0,83,1,3
51,0,0.6027397260273972,0.0,66,3,2
70,0,1.0,0.0,47,2,1
33,0,1.0,0.0,33,3,1
50,0,1.0,0.0,50,1,1
50,0,1.0,0.0,66,12,2
58,1,1.0,3479.0,44,3,1
30,0,1.0,0.0,45,7,2
41,0,1.0,0.0,66,2,3
69,0,1.0,0.0,53,1,3
38,0,0.5945205479452055,0.0,99,5,3
25,0,1.0,0.0,43,5,2
52,0,1.0,0.0,55,4,2
39,0,1.0,0.0,66,1,2
77,0,1.0,0.0,53,1,1
49,0,1.0,0.0,59,11,2
54,0,0.6794520547945205,0.0,43,9,1
37,0,1.0,0.0,55,2,2
42,0,1.0,0.0,82,1,3
81,0,1.0,0.0,52,6,2
39,0,1.0,0.0,66,1,2
51,0,1.0,0.0,29,11,1
29,0,0.8575342465753425,0.0,55,12,3
51,0,1.0,0.0,39,1,1
65,0,1.0,0.0,66,11,3
24,0,1.0,0.0,60,6,1
26,0,0.5945205479452055,0.0,40,1,3
40,1,0.2465753424657534,31138.0,103,10,1
56,0,0.32602739726027397,0.0,51,1,3
44,0,1.0,0.0,37,1,1
29,0,1.0,0.0,55,1,1
69,0,1.0,0.0,40,1,3
58,0,1.0,0.0,93,2,3
68,0,1.0,0.0,55,10,2
29,0,0.08493150684931507,0.0,77,1,3
71,0,1.0,0.0,74,12,2
50,0,1.0,0.0,33,2,2
28,1,1.0,4452.0,55,1,1
40,0,1.0,0.0,49,3,3
31,0,1.0,0.0,71,1,3
73,0,1.0,0.0,85,1,3
30,1,1.0,29408.0,85,8,3
47,0,1.0,0.0,66,1,2
56,0,1.0,0.0,48,2,3
55,0,1.0,0.0,53,6,1
67,0,1.0,0.0,66,2,1
40,0,0.5068493150684932,0.0,44,1,1
48,0,0.6328767123287671,0.0,66,11,3
45,0,0.4054794520547945,0.0,92,5,1
32,0,0.08493150684931507,0.0,42,2,2
39,0,1.0,0.0,66,2,2
51,0,1.0,0.0,40,2,3
24,0,0.9123287671232877,0.0,44,7,1
28,2,1.0,108090.0,40,2,2
70,0,0.8849315068493151,0.0,40,8,2
57,0,1.0,0.0,66,3,2
31,0,1.0,0.0,66,5,2
74,0,1.0,0.0,66,1,3
36,0,0.42191780821917807,0.0,91,7,2
50,0,1.0,0.0,41,1,3
82,0,1.0,0.0,40,12,1
32,1,1.0,73528.0,60,7,1
38,0,1.0,0.0,52,2,3
57,0,1.0,0.0,92,1,1
70,0,1.0,0.0,67,5,1
44,0,0.2410958904109589,0.0,50,15,1
61,0,1.0,0.0,66,10,1
32,0,0.3287671232876712,0.0,29,12,1
43,0,0.8383561643835616,0.0,40,1,2
29,0,0.5013698630136987,0.0,38,2,1
54,0,0.5068493150684932,0.0,78,3,1
63,0,1.0,0.0,145,2,1
62,0,1.0,0.0,60,1,3
44,1,0.4958904109589041,11906.0,70,1,1
63,0,1.0,0.0,44,1,1
88,1,1.0,49344.0,60,8,3
55,0,1.0,0.0,29,6,1
45,0,1.0,0.0,44,12,3
27,0,1.0,0.0,48,1,3
57,0,1.0,0.0,33,1,2
47,0,1.0,0.0,33,1,3
36,0,0.08493150684931507,0.0,41,1,1
68,0,1.0,0.0,55,1,3
43,1,1.0,5408.0,110,11,1
53,0,1.0,0.0,43,2,1
61,0,0.06301369863013699,0.0,54,1,3
56,0,1.0,0.0,60,11,2
35,0,1.0,0.0,80,2,3
55,0,1.0,0.0,40,1,1
25,0,1.0,0.0,85,12,1
73,0,0.3917808219178082,0.0,55,8,1
22,0,1.0,0.0,55,12,1
61,1,1.0,83836.0,33,2,3
43,0,0.8356164383561644,0.0,25,5,3
36,0,1.0,0.0,60,1,3
43,0,1.0,0.0,57,2,1
76,0,1.0,0.0,48,1,3
34,0,1.0,0.0,39,1,2
42,0,1.0,0.0,63,2,1
61,0,1.0,0.0,48,15,2
44,1,1.0,106601.0,92,1,1
68,0,1.0,0.0,74,3,2
44,0,1.0,0.0,40,10,2
57,0,1.0,0.0,77,2,2
57,2,1.0,60147.0,36,1,0
34,0,1.0,0.0,44,18,1
36,0,0.25205479452054796,0.0,70,4,2
37,0,1.0,0.0,66,7,2
78,0,1.0,0.0,40,1,1
57,0,1.0,0.0,48,8,3
53,0,1.0,0.0,33,6,1
47,0,1.0,0.0,63,2,1
28,0,1.0,0.0,71,17,1
50,0,1.0,0.0,40,12,1
64,0,1.0,0.0,58,1,3
43,0,0.9863013698630136,0.0,40,12,3
67,0,1.0,0.0,66,3,3
26,0,1.0,0.0,60,9,1
31,0,1.0,0.0,59,1,1
49,0,1.0,0.0,59,5,1
48,1,1.0,5850.0,60,2,3
33,0,1.0,0.0,66,1,2
78,0,1.0,0.0,55,3,2
60,0,1.0,0.0,26,3,1
47,0,1.0,0.0,100,1,1
26,0,1.0,0.0,53,1,2
34,0,0.043835616438356165,0.0,74,5,3
32,0,1.0,0.0,33,6,2
38,0,1.0,0.0,82,2,3
37,0,1.0,0.0,75,1,2
33,0,1.0,0.0,65,6,1
54,0,0.7479452054794521,0.0,77,1,2
61,0,1.0,0.0,44,6,3
44,0,0.810958904109589,0.0,50,2,2
50,0,0.8958904109589041,0.0,48,3,1
34,0,1.0,0.0,114,6,2
34,0,1.0,0.0,70,1,1
50,0,1.0,0.0,85,2,1
55,1,1.0,3019.0,55,2,2
55,0,1.0,0.0,54,3,2
31,0,1.0,0.0,82,1,3
33,1,1.0,16911.0,55,6,3
31,0,0.3150684931506849,0.0,66,1,1
60,0,1.0,0.0,55,1,1
64,0,1.0,0.0,53,2,2
33,0,1.0,0.0,55,9,2
30,0,1.0,0.0,48,8,3
28,0,0.0547945205479452,0.0,48,1,1
58,0,1.0,0.0,93,1,3
65,0,1.0,0.0,93,12,3
67,1,1.0,2202.0,50,1,1
72,1,1.0,88114.0,53,13,1
46,0,1.0,0.0,44,5,1
38,0,1.0,0.0,90,1,1
53,0,1.0,0.0,165,10,1
49,1,1.0,79909.0,40,6,3
31,0,0.6794520547945205,0.0,96,2,1
32,0,0.4136986301369863,0.0,47,1,1
34,0,1.0,0.0,87,1,1
60,0,1.0,0.0,44,12,3
40,0,0.34794520547945207,0.0,55,2,1
35,0,1.0,0.0,80,6,1
47,0,1.0,0.0,43,5,1
31,0,1.0,0.0,72,1,1
37,0,1.0,0.0,47,2,3
45,0,1.0,0.0,44,7,1
65,0,1.0,0.0,32,15,3
56,0,1.0,0.0,55,9,1
37,0,0.336986301369863,0.0,44,2,3
45,2,1.0,12350.0,54,2,3
30,0,0.2493150684931507,0.0,66,2,1
45,0,1.0,0.0,51,3,3
46,0,1.0,0.0,60,2,2
50,0,1.0,0.0,75,3,3
41,0,0.3287671232876712,0.0,51,6,3
42,0,0.915068493150685,0.0,37,2,1
25,0,0.3972602739726027,0.0,58,8,2
34,0,0.4136986301369863,0.0,55,8,1
37,0,1.0,0.0,60,6,2
38,1,1.0,334.0,40,1,1
64,0,1.0,0.0,55,11,3
53,0,1.0,0.0,52,6,3
74,0,1.0,0.0,65,2,1
38,0,1.0,0.0,83,5,2
51,0,1.0,0.0,44,9,2
29,0,0.589041095890411,0.0,32,1,1
61,0,0.2465753424657534,0.0,71,1,2
66,0,1.0,0.0,32,1,1
33,0,0.6657534246575343,0.0,79,1,3
30,0,1.0,0.0,66,2,2
45,0,1.0,0.0,55,9,2
60,0,1.0,0.0,40,2,3
61,0,1.0,0.0,40,14,2
44,0,1.0,0.0,82,6,3
55,0,1.0,0.0,91,1,1
25,0,0.9068493150684932,0.0,55,2,1
69,0,0.6684931506849315,0.0,74,2,3
41,0,1.0,0.0,54,1,1
43,0,0.5287671232876713,0.0,69,1,3
37,0,1.0,0.0,40,2,2
49,1,1.0,8334.0,78,2,2
35,0,1.0,0.0,44,2,2
33,0,1.0,0.0,66,1,1
38,0,1.0,0.0,90,1,1
31,0,0.10136986301369863,0.0,41,15,1
34,0,1.0,0.0,51,6,1
57,0,1.0,0.0,69,11,1
33,0,0.19726027397260273,0.0,145,1,2
38,0,1.0,0.0,42,12,2
37,0,1.0,0.0,55,1,3
42,0,0.5506849315068493,0.0,40,6,1
40,0,0.915068493150685,0.0,64,1,2
35,0,0.2493150684931507,0.0,43,16,2
59,0,1.0,0.0,66,2,1
31,0,1.0,0.0,60,8,1
34,0,0.16164383561643836,0.0,59,1,2
38,0,1.0,0.0,39,8,2
68,0,0.5342465753424658,0.0,75,2,2
33,0,1.0,0.0,53,7,1
40,0,0.8136986301369863,0.0,51,4,1
49,0,1.0,0.0,110,2,2
47,0,1.0,0.0,60,1,1
27,0,1.0,0.0,43,2,2
61,0,1.0,0.0,50,2,1
51,0,1.0,0.0,21,1,2
72,0,1.0,0.0,77,10,3
41,0,0.2136986301369863,0.0,79,6,1
46,0,1.0,0.0,65,16,3
46,1,1.0,2607.0,55,1,1
37,0,1.0,0.0,44,2,3
43,0,1.0,0.0,81,1,1
36,1,0.7589041095890411,57540.0,44,1,1
46,0,0.2876712328767123,0.0,42,3,2
20,0,1.0,0.0,53,8,1
38,0,1.0,0.0,43,14,3
59,0,1.0,0.0,77,1,1
32,1,0.7506849315068493,5178.0,55,6,2
73,0,1.0,0.0,40,2,3
26,1,1.0,145000.0,66,1,3
33,0,0.0136986301369863,0.0,33,5,3
63,0,1.0,0.0,55,1,1
55,0,0.915068493150685,0.0,39,10,1
46,0,1.0,0.0,40,1,1
64,0,1.0,0.0,60,2,1
53,0,1.0,0.0,66,1,1
26,0,1.0,0.0,34,6,2
66,0,1.0,0.0,55,13,1
31,0,1.0,0.0,36,12,3
32,0,1.0,0.0,55,1,1
41,0,1.0,0.0,59,5,1
37,0,1.0,0.0,42,2,2
51,0,1.0,0.0,43,2,1
76,0,0.5616438356164384,0.0,55,2,1
21,1,1.0,35182.0,55,4,1
56,0,1.0,0.0,40,1,1
57,0,1.0,0.0,37,1,3
29,2,1.0,9249.0,85,2,1
53,0,1.0,0.0,55,1,3
48,0,0.3643835616438356,0.0,40,1,1
28,0,1.0,0.0,42,10,3
43,0,1.0,0.0,40,1,3
46,0,0.0273972602739726,0.0,74,7,2
40,0,1.0,0.0,69,1,2
33,0,1.0,0.0,55,1,1
43,0,1.0,0.0,39,20,3
27,0,1.0,0.0,33,5,3
74,0,1.0,0.0,63,1,3
22,0,1.0,0.0,55,2,2
31,0,0.38904109589041097,0.0,74,9,2
34,0,1.0,0.0,74,11,1
51,0,1.0,0.0,37,2,1
26,0,1.0,0.0,168,3,2
61,0,1.0,0.0,65,3,2
38,0,1.0,0.0,77,8,3
37,0,1.0,0.0,40,1,1
30,0,0.8328767123287671,0.0,51,12,1
21,0,1.0,0.0,69,4,1
77,0,1.0,0.0,43,2,1
42,1,1.0,57540.0,34,4,3
48,0,1.0,0.0,40,1,2
42,0,0.2876712328767123,0.0,66,2,3
34,0,1.0,0.0,66,4,1
83,1,1.0,121902.0,40,1,2
66,0,1.0,0.0,33,1,1
67,0,1.0,0.0,44,10,1
75,0,1.0,0.0,30,1,2
32,0,1.0,0.0,40,1,2
42,0,0.8328767123287671,0.0,77,1,3
34,0,1.0,0.0,68,1,3
73,0,1.0,0.0,48,16,3
21,0,1.0,0.0,55,11,2
42,0,1.0,0.0,77,1,2
45,0,0.5068493150684932,0.0,55,9,2
38,0,1.0,0.0,40,1,3
23,0,0.5643835616438356,0.0,55,1,2
40,0,1.0,0.0,84,1,3
55,0,1.0,0.0,52,2,1
29,1,1.0,121902.0,65,1,1
44,0,1.0,0.0,40,1,2
42,0,1.0,0.0,26,8,2
40,0,0.08493150684931507,0.0,40,2,2
48,0,1.0,0.0,66,6,3
27,0,0.8986301369863013,0.0,43,3,3
49,0,1.0,0.0,29,1,1
73,0,1.0,0.0,68,2,3
56,0,0.9123287671232877,0.0,39,1,2
36,0,1.0,0.0,55,4,1
66,0,1.0,0.0,93,9,2
53,0,1.0,0.0,40,6,1
66,0,1.0,0.0,74,6,2
58,0,1.0,0.0,83,1,3
69,0,1.0,0.0,60,5,1
52,0,1.0,0.0,90,6,3
44,0,0.6136986301369863,0.0,46,3,1
26,0,0.5808219178082191,0.0,69,1,1
67,0,1.0,0.0,80,1,2
74,0,1.0,0.0,57,3,3
28,0,1.0,0.0,55,12,1
47,0,1.0,0.0,40,2,1
24,1,0.5178082191780822,10000.0,81,2,1
63,0,0.8328767123287671,0.0,48,1,1
41,0,0.057534246575342465,0.0,19,1,2
67,0,1.0,0.0,55,14,3
69,0,1.0,0.0,40,1,1
57,0,1.0,0.0,51,6,2
53,0,1.0,0.0,74,8,2
39,0,1.0,0.0,40,6,2
37,0,1.0,0.0,48,2,2
70,0,1.0,0.0,50,11,3
35,0,1.0,0.0,55,9,2
53,0,1.0,0.0,44,1,1
30,0,1.0,0.0,52,7,1
68,0,0.684931506849315,0.0,77,15,1
50,0,1.0,0.0,40,2,3
59,0,1.0,0.0,50,11,3
38,0,1.0,0.0,66,7,2
32,0,0.12876712328767123,0.0,63,11,3
27,1,1.0,14409.0,51,1,2
31,0,0.6657534246575343,0.0,51,9,2
62,0,1.0,0.0,66,1,1
43,0,1.0,0.0,40,10,2
65,0,1.0,0.0,48,6,3
29,0,1.0,0.0,44,7,2
39,0,1.0,0.0,55,1,3
64,0,0.2219178082191781,0.0,51,1,1
47,0,1.0,0.0,71,6,1
43,0,1.0,0.0,45,3,3
30,0,0.16986301369863013,0.0,55,9,3
78,0,1.0,0.0,58,1,2
37,0,1.0,0.0,74,12,3
41,0,1.0,0.0,47,1,3
50,0,1.0,0.0,51,1,3
26,0,1.0,0.0,66,2,3
27,1,1.0,32947.0,95,1,2
58,0,0.5342465753424658,0.0,44,6,1
52,0,1.0,0.0,58,1,2
74,0,0.6465753424657534,0.0,50,10,0
71,0,0.8465753424657534,0.0,35,1,1
33,0,1.0,0.0,55,2,2
32,0,0.3041095890410959,0.0,44,23,2
51,1,1.0,57540.0,66,2,3
45,0,1.0,0.0,40,1,3
48,0,1.0,0.0,44,1,1
70,0,1.0,0.0,66,1,1
39,0,0.6904109589041096,0.0,52,2,3
27,0,1.0,0.0,81,1,3
34,0,1.0,0.0,83,1,1
44,0,1.0,0.0,85,1,1
34,0,1.0,0.0,39,11,2
57,0,1.0,0.0,39,2,1
53,0,1.0,0.0,55,3,3
30,0,1.0,0.0,51,5,1
52,0,1.0,0.0,77,1,2
61,0,1.0,0.0,33,1,3
43,0,1.0,0.0,68,3,3
36,0,1.0,0.0,32,3,1
22,3,1.0,27958.0,66,1,1
47,0,1.0,0.0,54,1,2
40,0,1.0,0.0,85,1,3
61,0,1.0,0.0,98,2,3
54,0,1.0,0.0,55,11,1
33,0,1.0,0.0,47,2,3
75,0,1.0,0.0,54,2,2
34,0,1.0,0.0,66,1,1
42,0,1.0,0.0,98,2,3
38,0,1.0,0.0,40,2,1
55,0,0.2328767123287671,0.0,38,5,1
31,1,1.0,57540.0,48,12,3
65,0,1.0,0.0,47,4,2
59,0,1.0,0.0,66,1,1
68,0,1.0,0.0,74,12,1
39,0,0.44931506849315067,0.0,48,12,2
29,0,0.7479452054794521,0.0,107,7,1
35,0,0.8356164383561644,0.0,29,10,3
25,1,1.0,5000.0,98,6,2
53,0,1.0,0.0,66,1,3
37,0,1.0,0.0,48,2,2
75,0,0.6164383561643836,0.0,63,3,2
36,1,1.0,4948.0,44,3,1
72,0,1.0,0.0,43,1,2
32,0,0.4,0.0,39,1,1
26,0,0.7506849315068493,0.0,48,9,1
52,1,1.0,5324.0,85,6,3
64,0,1.0,0.0,40,1,1
68,0,1.0,0.0,33,8,1
59,0,0.6164383561643836,0.0,55,5,1
23,0,1.0,0.0,50,1,2
30,0,0.3150684931506849,0.0,74,6,2
37,0,0.057534246575342465,0.0,55,1,1
49,0,1.0,0.0,40,1,1
44,0,1.0,0.0,61,1,3
66,0,1.0,0.0,44,1,1
76,0,0.9068493150684932,0.0,74,3,1
20,0,0.863013698630137,0.0,43,4,2
58,0,1.0,0.0,49,1,1
44,0,1.0,0.0,68,4,1
58,1,1.0,2607.0,53,10,2
72,0,0.11232876712328767,0.0,90,6,3
38,0,1.0,0.0,32,1,1
27,0,0.11232876712328767,0.0,78,7,1
55,0,1.0,0.0,37,1,3
38,0,1.0,0.0,57,1,1
50,0,1.0,0.0,44,12,3
53,0,1.0,0.0,38,1,2
38,0,0.2136986301369863,0.0,63,1,1
68,0,1.0,0.0,55,2,3
70,1,1.0,4900.0,65,1,2
27,0,1.0,0.0,41,1,1
76,0,1.0,0.0,29,10,2
36,0,0.8986301369863013,0.0,60,1,3
49,0,0.5041095890410959,0.0,55,1,3
32,0,0.2602739726027397,0.0,54,1,1
30,0,1.0,0.0,66,3,2
45,0,0.4136986301369863,0.0,55,1,1
31,0,1.0,0.0,42,1,3
39,0,1.0,0.0,47,12,3
47,0,1.0,0.0,54,5,3
36,0,0.8054794520547945,0.0,37,9,1
43,0,1.0,0.0,51,12,3
26,0,1.0,0.0,55,1,1
56,0,1.0,0.0,68,9,3
23,0,1.0,0.0,43,1,2
55,0,1.0,0.0,42,2,2
64,0,1.0,0.0,59,2,3
47,0,1.0,0.0,66,2,3
67,0,1.0,0.0,77,13,3
65,0,1.0,0.0,29,7,3
40,0,1.0,0.0,40,1,1
47,0,1.0,0.0,96,8,3
55,0,1.0,0.0,66,1,2
40,0,1.0,0.0,55,12,1
78,1,1.0,22098.0,47,1,3
48,0,1.0,0.0,40,1,3
31,0,1.0,0.0,55,12,3
49,0,1.0,0.0,49,8,1
40,0,1.0,0.0,101,1,2
63,0,1.0,0.0,36,6,1
69,0,1.0,0.0,31,2,1
24,0,1.0,0.0,62,2,2
26,0,0.24383561643835616,0.0,44,2,3
52,0,1.0,0.0,50,2,1
27,0,0.16712328767123288,0.0,51,1,2
35,0,0.5808219178082191,0.0,66,2,3
41,0,1.0,0.0,142,8,1
31,0,1.0,0.0,75,2,1
45,0,1.0,0.0,40,1,3
44,1,1.0,34384.0,35,12,2
34,0,0.336986301369863,0.0,55,8,1
30,0,1.0,0.0,108,1,3
69,0,1.0,0.0,78,2,3
52,0,1.0,0.0,55,5,3
22,0,0.7479452054794521,0.0,18,2,1
48,0,1.0,0.0,65,6,3
59,0,1.0,0.0,44,6,1
58,0,0.5808219178082191,0.0,64,1,1
40,0,1.0,0.0,40,1,2
47,0,1.0,0.0,51,1,2
66,0,1.0,0.0,75,1,2
49,0,1.0,0.0,53,11,3
28,0,1.0,0.0,33,1,3
39,0,0.5452054794520548,0.0,33,5,1
50,0,1.0,0.0,48,1,2
36,0,0.33972602739726027,0.0,40,3,2
30,0,0.5808219178082191,0.0,33,12,2
27,0,1.0,0.0,55,12,1
44,0,1.0,0.0,66,1,2
33,0,0.4958904109589041,0.0,85,1,3
31,1,1.0,38640.0,37,8,1
62,0,1.0,0.0,82,10,3
38,0,1.0,0.0,66,7,2
51,0,0.4465753424657534,0.0,43,4,2
51,0,1.0,0.0,55,1,1
46,0,0.5205479452054794,0.0,42,6,1
31,0,1.0,0.0,40,9,2
57,0,1.0,0.0,69,11,2
30,0,1.0,0.0,51,1,3
65,0,1.0,0.0,40,9,1
43,0,0.08493150684931507,0.0,44,6,3
57,0,1.0,0.0,40,2,3
45,0,0.4191780821917808,0.0,48,5,3
26,0,1.0,0.0,65,3,1
57,1,1.0,5324.0,44,6,2
27,0,0.005479452054794521,0.0,44,1,1
22,0,1.0,0.0,55,6,1
38,0,1.0,0.0,38,11,1
48,0,1.0,0.0,21,6,1
73,0,1.0,0.0,40,6,0
44,0,1.0,0.0,44,11,2
70,0,1.0,0.0,30,1,3
51,0,1.0,0.0,37,8,3
27,0,1.0,0.0,40,1,3
66,0,0.589041095890411,0.0,92,1,3
64,0,1.0,0.0,93,2,2
36,0,1.0,0.0,77,5,3
33,0,0.33424657534246577,0.0,66,2,2
46,1,1.0,57540.0,44,2,2
38,0,1.0,0.0,55,12,1
36,0,1.0,0.0,60,1,1
50,0,1.0,0.0,43,9,2
51,0,0.9835616438356164,0.0,55,8,1
56,0,0.13972602739726028,0.0,85,2,2
50,0,1.0,0.0,48,9,1
34,0,1.0,0.0,33,1,2
65,0,1.0,0.0,25,2,3
33,0,1.0,0.0,48,11,2
36,0,1.0,0.0,33,9,2
24,1,0.5808219178082191,10988.0,65,1,3
45,0,0.2356164383561644,0.0,70,3,0
58,0,0.0273972602739726,0.0,37,10,1
58,0,1.0,0.0,33,4,1
40,2,0.8958904109589041,41479.0,51,1,3
48,0,1.0,0.0,60,7,1
49,0,0.7068493150684931,0.0,80,6,1
50,0,1.0,0.0,37,1,1
60,1,0.7835616438356164,57540.0,65,2,3
27,0,1.0,0.0,33,3,1
70,1,1.0,57540.0,44,1,2
36,0,1.0,0.0,51,1,2
52,0,0.5917808219178082,0.0,74,11,3
35,0,1.0,0.0,96,4,2
23,0,1.0,0.0,33,1,2
54,0,1.0,0.0,55,1,2
42,0,1.0,0.0,34,9,3
77,0,1.0,0.0,59,2,3
72,0,1.0,0.0,55,6,3
57,0,1.0,0.0,85,11,1
41,0,1.0,0.0,43,6,3
32,0,1.0,0.0,51,7,2
36,0,0.7041095890410959,0.0,43,1,1
36,0,1.0,0.0,55,5,3
55,0,1.0,0.0,55,8,2
26,1,0.2465753424657534,12440.0,33,3,2
40,0,1.0,0.0,33,1,3
54,0,1.0,0.0,77,2,2
52,0,0.2465753424657534,0.0,40,2,1
46,0,0.40273972602739727,0.0,47,1,3
39,0,1.0,0.0,53,1,3
48,0,1.0,0.0,86,8,1
66,0,1.0,0.0,43,1,2
59,0,1.0,0.0,96,5,1
29,0,1.0,0.0,66,11,1
27,0,1.0,0.0,40,2,1
65,0,1.0,0.0,66,10,3
29,0,1.0,0.0,66,1,1
68,0,0.873972602739726,0.0,44,3,2
65,0,1.0,0.0,66,1,1
57,0,1.0,0.0,38,1,1
50,0,1.0,0.0,40,1,1
65,0,1.0,0.0,44,1,1
47,0,0.8383561643835616,0.0,200,2,3
57,0,0.26575342465753427,0.0,55,6,2
60,0,1.0,0.0,59,1,1
30,0,1.0,0.0,85,2,1
51,1,1.0,38009.0,55,1,1
39,0,0.2547945205479452,0.0,55,6,1
61,0,1.0,0.0,45,1,1
36,0,1.0,0.0,39,7,1
48,0,1.0,0.0,60,8,1
60,1,1.0,500000.0,50,1,1
63,0,1.0,0.0,43,1,2
45,1,0.7726027397260274,57540.0,46,6,1
68,0,1.0,0.0,77,12,2
36,0,1.0,0.0,29,6,3
40,0,0.5041095890410959,0.0,60,2,1
64,0,1.0,0.0,55,7,2
33,0,1.0,0.0,55,1,3
44,0,1.0,0.0,34,6,2
32,0,1.0,0.0,44,14,3
49,0,0.6575342465753424,0.0,44,1,1
55,1,1.0,3485.0,37,1,3
63,1,1.0,10999.0,40,2,3
58,0,1.0,0.0,39,9,2
50,0,1.0,0.0,123,1,1
43,0,1.0,0.0,44,5,2
56,0,0.5808219178082191,0.0,82,1,1
47,0,1.0,0.0,47,8,1
51,0,1.0,0.0,65,1,2
38,0,0.4301369863013699,0.0,35,1,1
55,1,1.0,5494.0,55,5,3
41,0,1.0,0.0,96,2,3
42,0,1.0,0.0,77,9,3
43,0,1.0,0.0,55,1,1
46,0,1.0,0.0,53,1,3
60,0,0.043835616438356165,0.0,99,6,3
37,0,0.7479452054794521,0.0,75,1,2
29,0,0.6027397260273972,0.0,40,1,1
52,0,0.25205479452054796,0.0,68,1,2
44,0,1.0,0.0,66,3,1
54,0,1.0,0.0,53,1,1
42,0,1.0,0.0,55,2,2
43,0,1.0,0.0,89,2,2
36,0,1.0,0.0,49,1,2
61,0,1.0,0.0,85,1,2
31,0,1.0,0.0,39,2,2
38,0,1.0,0.0,66,5,3
37,0,1.0,0.0,65,8,3
46,0,1.0,0.0,66,1,3
48,0,1.0,0.0,74,9,1
40,0,1.0,0.0,43,1,3
72,0,1.0,0.0,98,1,1
48,1,1.0,2634.0,51,8,3
51,0,1.0,0.0,103,5,3
69,0,1.0,0.0,90,1,2
42,0,0.2465753424657534,0.0,51,2,2
34,0,1.0,0.0,65,12,2
38,0,1.0,0.0,85,7,1
29,0,1.0,0.0,110,1,3
67,1,1.0,2856.0,33,2,2
61,0,1.0,0.0,66,9,3
35,0,0.7479452054794521,0.0,55,2,1
54,0,1.0,0.0,73,1,2
51,2,1.0,7587.0,80,1,1
53,0,1.0,0.0,63,1,3
28,0,1.0,0.0,80,1,1
47,0,0.5232876712328767,0.0,66,4,2
37,0,1.0,0.0,49,11,1
50,0,1.0,0.0,50,11,1
62,0,0.5041095890410959,0.0,51,2,1
31,0,1.0,0.0,33,1,1
49,0,1.0,0.0,32,10,1
23,0,0.25205479452054796,0.0,40,6,3
36,0,1.0,0.0,53,2,2
44,0,0.16164383561643836,0.0,39,2,1
54,0,1.0,0.0,70,4,3
29,0,1.0,0.0,55,1,3
32,0,0.09863013698630137,0.0,66,1,1
37,0,1.0,0.0,60,6,2
38,0,1.0,0.0,140,1,1
73,0,1.0,0.0,65,3,1
53,0,1.0,0.0,61,5,1
53,0,1.0,0.0,40,11,1
37,1,1.0,2505.0,55,1,3
59,0,1.0,0.0,43,8,1
50,0,1.0,0.0,55,11,2
45,0,1.0,0.0,47,2,2
58,1,1.0,90511.0,43,2,1
46,0,1.0,0.0,85,2,3
34,0,0.9041095890410958,0.0,50,3,1
76,0,0.07123287671232877,0.0,66,3,2
38,0,1.0,0.0,33,12,3
35,0,0.0410958904109589,0.0,44,1,1
48,0,1.0,0.0,33,5,1
53,0,1.0,0.0,49,2,3
55,0,1.0,0.0,31,1,2
24,0,1.0,0.0,66,6,3
65,0,1.0,0.0,44,3,2
59,0,1.0,0.0,37,1,1
56,0,1.0,0.0,54,1,2
45,0,1.0,0.0,51,2,3
66,0,0.5671232876712329,0.0,52,11,1
71,0,1.0,0.0,44,7,1
32,0,1.0,0.0,53,1,1
29,0,1.0,0.0,85,6,3
70,0,1.0,0.0,41,2,2
36,0,1.0,0.0,53,5,1
28,0,1.0,0.0,43,4,3
28,0,1.0,0.0,44,10,2
32,0,1.0,0.0,47,4,3
27,1,1.0,10941.0,43,2,1
27,0,0.44931506849315067,0.0,86,1,2
36,0,0.30684931506849317,0.0,66,1,3
54,0,0.4191780821917808,0.0,66,1,3
72,0,1.0,0.0,40,2,2
51,0,1.0,0.0,42,1,2
30,0,0.1095890410958904,0.0,66,6,1
59,0,0.810958904109589,0.0,48,8,2
28,0,1.0,0.0,44,2,3
81,1,0.16986301369863013,57540.0,43,11,1
54,0,1.0,0.0,33,1,1
33,0,1.0,0.0,35,1,2
69,0,0.4054794520547945,0.0,21,11,1
40,0,0.7534246575342466,0.0,47,6,1
26,0,1.0,0.0,69,10,3
51,0,1.0,0.0,55,2,2
30,0,1.0,0.0,85,1,1
48,0,1.0,0.0,44,5,1
75,0,1.0,0.0,55,1,3
70,0,1.0,0.0,66,1,2
40,1,1.0,2849.0,66,6,1
52,0,1.0,0.0,74,7,2
49,0,1.0,0.0,55,1,2
25,0,0.6931506849315069,0.0,39,5,1
46,0,0.8328767123287671,0.0,40,4,2
47,0,1.0,0.0,43,1,1
48,0,1.0,0.0,52,6,3
52,0,1.0,0.0,60,5,2
35,0,1.0,0.0,50,1,1
49,0,0.6657534246575343,0.0,85,8,1
38,0,0.9945205479452055,0.0,50,5,3
60,0,0.5013698630136987,0.0,32,1,1
47,0,1.0,0.0,55,1,3
56,0,1.0,0.0,25,10,2
36,0,1.0,0.0,43,1,2
66,0,1.0,0.0,70,1,1
30,0,1.0,0.0,65,1,2
43,0,1.0,0.0,74,8,1
36,0,1.0,0.0,50,12,1
40,0,0.2958904109589041,0.0,37,5,3
66,0,1.0,0.0,66,1,2
39,0,0.7232876712328767,0.0,53,1,1
64,2,1.0,186543.0,40,2,1
48,0,1.0,0.0,55,2,1
50,0,1.0,0.0,55,1,1
28,0,0.7534246575342466,0.0,57,2,3
47,0,1.0,0.0,90,12,3
25,0,1.0,0.0,55,4,2
34,0,0.8438356164383561,0.0,44,1,2
67,0,0.7287671232876712,0.0,85,1,3
59,0,0.20821917808219179,0.0,44,12,1
39,0,1.0,0.0,44,4,3
45,0,0.7479452054794521,0.0,65,2,2
46,0,1.0,0.0,66,2,1
60,1,1.0,64362.0,96,3,1
48,0,0.8712328767123287,0.0,53,12,1
37,0,1.0,0.0,55,10,2
59,0,1.0,0.0,55,1,1
79,0,1.0,0.0,55,1,2
44,0,0.7232876712328767,0.0,40,1,1
30,0,1.0,0.0,80,2,2
38,0,1.0,0.0,21,6,2
44,0,1.0,0.0,55,2,3
63,0,0.3315068493150685,0.0,37,4,1
33,0,1.0,0.0,40,1,3
67,0,1.0,0.0,93,2,1
35,0,1.0,0.0,62,7,2
34,0,0.7287671232876712,0.0,44,1,2
47,0,1.0,0.0,64,16,1
71,0,1.0,0.0,39,7,3
51,0,1.0,0.0,65,6,1
46,0,1.0,0.0,40,1,1
51,1,1.0,3018.0,40,1,3
40,0,1.0,0.0,47,6,1
26,0,1.0,0.0,47,1,2
61,0,1.0,0.0,37,3,3
36,1,1.0,8670.0,44,2,3
43,0,1.0,0.0,55,1,1
26,0,1.0,0.0,40,10,3
59,0,1.0,0.0,40,7,1
57,0,1.0,0.0,40,6,1
63,0,0.6,0.0,60,1,2
32,0,1.0,0.0,48,7,2
49,0,1.0,0.0,34,10,1
31,1,1.0,60465.0,34,8,3
40,0,1.0,0.0,61,1,1
23,0,0.8,0.0,77,1,2
44,0,1.0,0.0,25,4,2
38,0,0.08493150684931507,0.0,50,5,3
33,0,0.5205479452054794,0.0,49,6,1
33,0,0.2821917808219178,0.0,55,1,1
53,0,1.0,0.0,44,1,1
37,0,1.0,0.0,29,2,2
62,0,1.0,0.0,106,1,2
38,0,1.0,0.0,37,2,1
27,0,1.0,0.0,43,1,1
54,0,1.0,0.0,55,1,2
61,0,1.0,0.0,49,3,2
61,0,1.0,0.0,33,2,1
75,0,1.0,0.0,69,1,1
44,0,0.726027397260274,0.0,96,1,1
35,0,1.0,0.0,58,2,3
68,0,0.8958904109589041,0.0,49,10,2
29,0,1.0,0.0,73,1,2
29,0,1.0,0.0,40,1,3
52,0,0.16164383561643836,0.0,55,1,1
57,1,0.7479452054794521,121902.0,147,1,2
46,0,1.0,0.0,33,1,3
61,0,1.0,0.0,32,8,2
47,0,1.0,0.0,44,9,2
52,0,1.0,0.0,43,1,1
67,0,1.0,0.0,53,3,3
33,0,0.5808219178082191,0.0,107,4,2
33,0,0.3561643835616438,0.0,44,2,2
30,0,1.0,0.0,55,1,2
64,0,1.0,0.0,33,7,3
47,0,0.5123287671232877,0.0,78,7,1
27,0,1.0,0.0,55,2,1
41,0,1.0,0.0,65,1,2
54,0,0.8849315068493151,0.0,48,11,3
45,0,1.0,0.0,66,6,2
20,0,1.0,0.0,66,2,3
72,1,1.0,5662.0,103,1,1
46,0,1.0,0.0,44,2,2
42,0,1.0,0.0,51,5,1
28,1,0.6794520547945205,2607.0,33,2,3
66,0,0.5287671232876713,0.0,55,7,1
45,0,1.0,0.0,40,2,3
47,0,1.0,0.0,53,1,1
31,0,1.0,0.0,44,11,3
22,0,1.0,0.0,36,3,2
40,0,1.0,0.0,98,11,1
44,0,0.26575342465753427,0.0,53,15,1
37,1,1.0,3842.0,65,8,1
50,0,1.0,0.0,40,2,1
39,0,1.0,0.0,60,2,1
67,0,1.0,0.0,40,2,1
28,0,0.08493150684931507,0.0,51,3,1
30,1,1.0,65471.0,67,9,1
45,1,1.0,2390.0,33,1,3
36,0,0.6410958904109589,0.0,48,6,2
37,0,1.0,0.0,63,2,1
52,0,0.7561643835616438,0.0,44,9,1
56,0,1.0,0.0,100,12,2
39,0,1.0,0.0,76,1,3
27,0,1.0,0.0,50,2,1
53,2,1.0,51155.0,55,1,3
74,0,1.0,0.0,55,17,1
65,0,1.0,0.0,71,1,2
52,0,1.0,0.0,55,3,3
76,0,1.0,0.0,85,11,1
84,0,1.0,0.0,66,11,1
27,0,1.0,0.0,54,1,1
37,0,1.0,0.0,55,1,3
52,0,1.0,0.0,44,6,1
50,0,1.0,0.0,42,11,3
45,0,1.0,0.0,40,1,1
39,0,1.0,0.0,44,1,2
56,0,1.0,0.0,39,7,2
50,0,0.6876712328767123,0.0,55,6,1
27,0,1.0,0.0,55,7,1
65,0,1.0,0.0,55,1,1
74,0,1.0,0.0,55,12,1
35,0,0.4191780821917808,0.0,29,1,1
27,0,1.0,0.0,51,12,3
34,0,0.021917808219178082,0.0,77,3,1
77,0,1.0,0.0,42,1,1
59,0,1.0,0.0,37,2,2
55,0,0.4273972602739726,0.0,37,7,1
28,0,1.0,0.0,46,1,3
41,0,1.0,0.0,51,10,1
54,0,1.0,0.0,98,11,2
30,0,1.0,0.0,44,1,3
71,0,1.0,0.0,43,1,1
26,0,0.6657534246575343,0.0,43,10,2
42,0,1.0,0.0,52,9,1
39,0,1.0,0.0,85,8,1
43,0,1.0,0.0,37,1,1
62,0,1.0,0.0,76,8,3
68,0,0.8602739726027397,0.0,60,5,2
45,0,1.0,0.0,39,9,2
28,0,1.0,0.0,44,1,3
41,0,1.0,0.0,68,12,3
43,0,1.0,0.0,55,1,3
60,0,1.0,0.0,66,1,2
62,0,1.0,0.0,69,2,3
59,0,1.0,0.0,39,2,3
69,0,1.0,0.0,47,2,2
65,0,1.0,0.0,37,7,3
43,0,1.0,0.0,79,4,1
33,0,1.0,0.0,68,1,3
46,0,1.0,0.0,40,1,3
74,0,1.0,0.0,34,10,3
47,0,1.0,0.0,37,1,3
23,0,0.8383561643835616,0.0,36,7,3
35,0,1.0,0.0,43,1,2
35,0,0.3835616438356164,0.0,47,11,3
30,1,1.0,122741.0,45,7,1
65,0,1.0,0.0,55,1,1
57,0,1.0,0.0,100,1,1
73,0,1.0,0.0,62,1,3
45,0,0.3643835616438356,0.0,40,2,3
47,0,1.0,0.0,32,6,1
52,0,1.0,0.0,43,15,2
28,0,0.5041095890410959,0.0,52,11,1
31,0,1.0,0.0,47,1,3
73,1,1.0,40784.0,33,8,1
33,0,0.09315068493150686,0.0,40,1,1
65,0,1.0,0.0,50,1,3
48,0,1.0,0.0,81,1,2
35,2,1.0,80030.0,66,2,3
60,0,1.0,0.0,48,9,3
59,0,0.22465753424657534,0.0,73,6,2
73,0,1.0,0.0,66,1,2
37,0,0.4767123287671233,0.0,40,1,1
38,0,1.0,0.0,66,8,1
68,0,1.0,0.0,39,6,2
44,0,0.410958904109589,0.0,53,4,2
48,0,1.0,0.0,65,5,2
25,1,1.0,2269.0,40,2,1
33,0,0.1095890410958904,0.0,75,12,3
37,0,1.0,0.0,59,1,2
49,0,0.030136986301369864,0.0,53,3,1
49,0,1.0,0.0,75,1,3
57,0,1.0,0.0,40,12,1
33,0,1.0,0.0,44,1,3
43,0,1.0,0.0,43,3,3
54,0,1.0,0.0,53,10,1
50,0,1.0,0.0,66,1,1
44,0,0.7698630136986301,0.0,60,9,3
38,0,1.0,0.0,51,2,1
38,0,0.2465753424657534,0.0,47,1,3
44,0,0.06301369863013699,0.0,43,1,1
62,0,1.0,0.0,39,2,2
52,1,1.0,4912.0,66,3,3
46,0,1.0,0.0,67,2,3
38,0,0.16712328767123288,0.0,40,5,1
62,0,1.0,0.0,38,1,3
69,0,1.0,0.0,32,6,2
89,0,0.019178082191780823,0.0,47,11,1
50,0,1.0,0.0,66,6,1
51,0,1.0,0.0,93,10,3
31,0,0.1643835616438356,0.0,45,11,2
78,0,1.0,0.0,70,11,2
31,0,1.0,0.0,63,5,2
49,1,1.0,5408.0,40,1,1
21,0,1.0,0.0,37,6,1
46,0,1.0,0.0,72,3,2
28,0,1.0,0.0,51,1,2
52,0,1.0,0.0,60,3,2
55,0,1.0,0.0,47,1,3
53,0,0.4136986301369863,0.0,39,12,2
29,0,1.0,0.0,60,6,1
46,0,1.0,0.0,55,3,2
78,0,1.0,0.0,114,11,2
43,0,1.0,0.0,33,10,2
38,0,1.0,0.0,48,11,2
41,0,1.0,0.0,83,5,3
64,0,1.0,0.0,48,1,3
37,2,1.0,124509.0,82,1,1
43,0,1.0,0.0,47,1,3
44,0,1.0,0.0,98,1,1
63,0,1.0,0.0,40,5,2
70,0,1.0,0.0,64,3,3
40,0,0.5808219178082191,0.0,85,6,1
56,0,1.0,0.0,43,10,2
36,0,0.4849315068493151,0.0,85,10,1
49,0,1.0,0.0,47,6,2
46,0,1.0,0.0,53,10,1
30,0,1.0,0.0,33,1,1
67,0,1.0,0.0,40,1,1
41,1,1.0,55000.0,42,1,3
53,0,1.0,0.0,55,2,1
30,0,1.0,0.0,50,2,3
37,0,1.0,0.0,43,1,2
36,0,0.5095890410958904,0.0,50,6,1
23,0,1.0,0.0,37,5,1
53,0,1.0,0.0,89,12,1
35,0,1.0,0.0,55,6,1
55,0,1.0,0.0,38,1,1
43,0,1.0,0.0,37,9,1
44,0,1.0,0.0,83,5,2
26,1,1.0,2607.0,44,4,2
43,0,0.6657534246575343,0.0,85,2,1
43,0,0.29863013698630136,0.0,68,9,3
34,0,1.0,0.0,43,4,2
50,0,1.0,0.0,72,12,1
56,0,1.0,0.0,66,1,1
66,0,1.0,0.0,55,5,3
34,0,0.5643835616438356,0.0,48,12,3
48,0,0.7123287671232876,0.0,44,1,3
56,0,1.0,0.0,42,1,2
24,0,1.0,0.0,37,3,2
70,0,1.0,0.0,40,1,1
71,0,1.0,0.0,25,9,3
54,0,1.0,0.0,48,1,1
30,0,1.0,0.0,53,12,3
51,0,1.0,0.0,55,1,2
55,0,1.0,0.0,46,1,1
38,0,1.0,0.0,40,12,1
36,0,0.7780821917808219,0.0,42,2,1
27,1,1.0,8712.0,55,1,1
40,0,1.0,0.0,40,3,1
34,0,1.0,0.0,37,3,1
34,0,1.0,0.0,78,1,1
40,1,0.8,230385.0,46,2,1
53,0,1.0,0.0,66,1,2
44,0,0.8575342465753425,0.0,33,12,3
42,0,0.6356164383561644,0.0,47,6,1
34,0,1.0,0.0,43,12,3
76,0,1.0,0.0,47,1,3
48,0,1.0,0.0,55,1,2
27,0,0.030136986301369864,0.0,83,1,2
44,0,1.0,0.0,40,4,2
48,0,1.0,0.0,58,1,2
66,1,0.15616438356164383,68653.0,66,3,2
38,0,1.0,0.0,47,1,1
64,0,0.1917808219178082,0.0,59,1,2
53,0,0.873972602739726,0.0,37,11,2
39,0,1.0,0.0,57,2,2
27,0,1.0,0.0,53,1,3
35,0,1.0,0.0,44,10,1
56,0,1.0,0.0,65,8,3
50,0,1.0,0.0,52,1,2
71,0,1.0,0.0,51,1,2
50,0,1.0,0.0,33,6,1
74,0,1.0,0.0,64,2,1
69,0,0.23013698630136986,0.0,53,2,2
66,0,1.0,0.0,48,1,0
54,0,0.4958904109589041,0.0,40,2,2
65,0,1.0,0.0,40,4,1
53,0,1.0,0.0,37,1,1
42,0,0.6520547945205479,0.0,40,6,1
59,0,1.0,0.0,44,6,3
61,0,1.0,0.0,33,4,2
34,0,0.2356164383561644,0.0,40,1,3
73,1,1.0,22189.0,42,11,3
39,0,1.0,0.0,34,9,3
29,0,1.0,0.0,57,2,1
57,0,1.0,0.0,40,2,3
51,0,1.0,0.0,75,1,1
39,1,1.0,34856.0,47,1,2
27,0,0.2273972602739726,0.0,33,1,1
65,0,1.0,0.0,81,3,1
49,0,1.0,0.0,40,1,1
29,0,1.0,0.0,60,2,3
66,0,1.0,0.0,85,5,3
43,0,1.0,0.0,36,1,3
49,0,0.915068493150685,0.0,41,1,2
40,1,1.0,6642.0,53,2,2
45,0,1.0,0.0,65,1,3
52,0,1.0,0.0,39,2,1
75,0,1.0,0.0,60,1,1
41,0,0.18356164383561643,0.0,88,1,3
82,0,1.0,0.0,68,5,2
38,1,1.0,2607.0,65,7,2
28,0,1.0,0.0,55,12,3
68,0,0.08493150684931507,0.0,53,2,2
81,0,1.0,0.0,97,1,2
64,0,1.0,0.0,66,10,1
60,0,0.8958904109589041,0.0,68,1,1
55,1,0.46301369863013697,7876.0,60,1,2
50,0,1.0,0.0,83,1,1
49,1,1.0,3022.0,55,7,2
65,0,1.0,0.0,50,6,1
62,0,1.0,0.0,37,5,1
31,0,0.8493150684931506,0.0,55,1,3
52,0,1.0,0.0,45,1,1
71,0,1.0,0.0,53,11,2
60,0,1.0,0.0,85,1,3
47,0,1.0,0.0,60,12,3
36,0,0.5808219178082191,0.0,66,1,3
51,0,1.0,0.0,40,2,1
56,0,1.0,0.0,73,1,3
69,0,1.0,0.0,60,6,3
69,0,1.0,0.0,45,12,2
56,0,0.08493150684931507,0.0,55,1,2
39,0,1.0,0.0,48,3,3
34,0,1.0,0.0,66,8,1
27,0,0.6383561643835617,0.0,105,2,1
22,1,0.8328767123287671,5850.0,21,1,3
21,0,1.0,0.0,40,1,1
26,0,1.0,0.0,33,5,3
20,0,0.19726027397260273,0.0,33,2,2
31,0,1.0,0.0,43,5,3
27,0,0.4986301369863014,0.0,43,5,1
69,1,1.0,7284.0,63,1,1
45,0,1.0,0.0,60,2,3
45,0,1.0,0.0,89,1,1
57,0,0.9041095890410958,0.0,95,12,3
63,0,0.33424657534246577,0.0,101,3,3
62,0,1.0,0.0,68,12,3
37,0,1.0,0.0,103,1,2
41,0,1.0,0.0,76,1,3
30,0,1.0,0.0,37,8,3
36,0,1.0,0.0,34,1,1
59,0,1.0,0.0,34,1,1
55,0,1.0,0.0,33,8,3
61,0,1.0,0.0,44,1,3
35,0,1.0,0.0,40,11,1
28,0,1.0,0.0,66,5,1
33,0,0.41643835616438357,0.0,44,2,1
29,0,1.0,0.0,55,1,2
71,0,1.0,0.0,50,11,1
57,0,1.0,0.0,40,1,2
64,0,1.0,0.0,66,7,3
32,0,1.0,0.0,47,2,1
71,0,0.2602739726027397,0.0,83,1,1
48,0,1.0,0.0,44,2,1
71,1,1.0,6066.0,82,7,2
70,0,1.0,0.0,38,7,1
54,0,1.0,0.0,66,14,1
31,0,1.0,0.0,75,1,2
67,0,1.0,0.0,85,12,1
43,0,1.0,0.0,39,13,2
46,1,1.0,65000.0,60,10,3
33,0,0.20821917808219179,0.0,40,7,2
26,0,1.0,0.0,83,2,3
27,0,1.0,0.0,33,5,3
27,0,0.26575342465753427,0.0,44,1,3
34,0,0.6136986301369863,0.0,164,6,3
35,0,1.0,0.0,55,1,2
24,0,1.0,0.0,43,1,1
52,0,1.0,0.0,50,1,2
53,0,0.0027397260273972603,0.0,40,1,3
38,0,0.2547945205479452,0.0,51,6,2
55,0,1.0,0.0,55,12,1
24,1,0.7589041095890411,105000.0,116,1,3
68,0,1.0,0.0,51,1,2
49,0,0.2958904109589041,0.0,44,2,2
38,0,0.6657534246575343,0.0,66,1,3
44,0,1.0,0.0,85,1,2
64,0,1.0,0.0,54,1,3
60,0,1.0,0.0,33,7,2
30,0,0.2602739726027397,0.0,65,1,1
43,0,1.0,0.0,55,1,3
55,0,1.0,0.0,85,1,3
39,0,1.0,0.0,73,13,1
63,0,0.4,0.0,41,3,1
40,0,1.0,0.0,68,10,2
41,0,1.0,0.0,29,2,1
44,0,1.0,0.0,66,12,1
33,0,1.0,0.0,21,3,1
31,0,1.0,0.0,40,2,2
37,0,0.8986301369863013,0.0,40,3,1
45,1,1.0,300.0,43,10,2
21,0,1.0,0.0,43,1,2
55,1,1.0,40849.0,39,14,3
44,0,0.8328767123287671,0.0,54,1,1
38,0,1.0,0.0,44,8,2
26,0,1.0,0.0,55,2,1
39,0,1.0,0.0,50,2,3
23,0,0.4986301369863014,0.0,60,1,3
26,0,1.0,0.0,59,3,3
39,0,1.0,0.0,54,8,2
40,0,1.0,0.0,74,1,2
56,0,1.0,0.0,84,8,1
43,0,1.0,0.0,65,7,2
40,0,1.0,0.0,48,1,3
41,0,1.0,0.0,66,1,1
37,0,0.5452054794520548,0.0,66,1,1
62,0,0.4958904109589041,0.0,40,2,2
44,0,0.6191780821917808,0.0,33,3,3
44,0,0.673972602739726,0.0,74,1,3
47,0,1.0,0.0,53,2,3
40,0,1.0,0.0,55,1,1
30,0,1.0,0.0,83,1,2
23,1,0.7589041095890411,2650.0,40,5,2
36,0,1.0,0.0,33,1,3
56,0,1.0,0.0,68,10,2
28,0,1.0,0.0,47,8,3
27,0,0.7452054794520548,0.0,51,1,1
24,0,1.0,0.0,66,1,2
24,1,1.0,6656.0,66,6,2
58,0,1.0,0.0,53,1,1
48,1,1.0,29011.0,75,1,3
52,0,1.0,0.0,40,5,3
24,0,0.9863013698630136,0.0,55,1,1
55,0,1.0,0.0,66,1,1
73,0,1.0,0.0,44,1,3
63,0,1.0,0.0,44,1,2
77,0,1.0,0.0,47,8,1
37,0,0.7479452054794521,0.0,66,1,1
65,0,0.7095890410958904,0.0,55,11,1
32,0,1.0,0.0,54,10,2
76,0,1.0,0.0,60,1,2
52,0,1.0,0.0,68,1,1
31,0,0.947945205479452,0.0,34,1,2
52,0,1.0,0.0,40,2,3
33,0,1.0,0.0,46,12,3
74,0,1.0,0.0,50,2,1
58,0,1.0,0.0,61,5,3
54,0,1.0,0.0,69,3,2
51,0,1.0,0.0,66,2,2
59,0,1.0,0.0,55,1,2
54,0,1.0,0.0,66,1,2
59,0,0.6301369863013698,0.0,44,2,3
38,1,1.0,60765.0,55,1,3
58,0,1.0,0.0,85,1,1
25,0,1.0,0.0,66,2,3
60,0,1.0,0.0,40,1,3
27,0,1.0,0.0,56,1,1
35,0,0.4246575342465753,0.0,40,3,2
26,0,1.0,0.0,66,1,1
48,0,1.0,0.0,37,12,1
56,0,1.0,0.0,68,9,1
36,0,1.0,0.0,58,2,1
33,0,0.4191780821917808,0.0,65,1,1
45,0,1.0,0.0,48,8,1
42,0,1.0,0.0,89,1,2
40,0,1.0,0.0,40,11,2
47,0,1.0,0.0,60,12,1
56,1,1.0,57540.0,33,1,2
79,0,1.0,0.0,55,12,1
56,0,1.0,0.0,33,14,1
47,0,1.0,0.0,50,1,3
60,0,1.0,0.0,48,1,1
57,0,1.0,0.0,38,8,1
72,0,1.0,0.0,40,2,3
61,0,0.08493150684931507,0.0,110,7,3
74,0,0.7315068493150685,0.0,66,8,3
67,0,1.0,0.0,67,3,3
67,0,1.0,0.0,76,3,3
45,0,1.0,0.0,55,2,1
54,0,0.8082191780821918,0.0,64,12,1
38,0,1.0,0.0,51,6,1
75,0,0.25205479452054796,0.0,33,1,1
65,0,1.0,0.0,33,5,1
58,0,1.0,0.0,66,3,2
75,0,1.0,0.0,37,11,3
24,0,0.8027397260273973,0.0,34,11,3
21,0,1.0,0.0,40,1,3
40,0,1.0,0.0,48,1,3
49,0,1.0,0.0,51,6,2
26,0,0.3150684931506849,0.0,43,3,1
53,0,1.0,0.0,43,11,3
71,1,1.0,60984.0,39,2,3
38,0,1.0,0.0,66,6,1
49,0,1.0,0.0,71,1,1
49,0,0.18904109589041096,0.0,55,2,2
44,0,0.9205479452054794,0.0,77,1,2
42,0,1.0,0.0,74,1,3
54,0,1.0,0.0,48,2,2
53,0,1.0,0.0,39,1,2
53,0,1.0,0.0,40,1,2
70,0,1.0,0.0,48,1,1
68,0,1.0,0.0,60,1,3
38,0,0.0027397260273972603,0.0,44,2,3
25,0,1.0,0.0,55,6,1
57,0,0.136986301369863,0.0,66,1,1
26,0,0.4136986301369863,0.0,60,1,2
44,0,1.0,0.0,59,1,1
65,0,1.0,0.0,30,2,3
60,0,1.0,0.0,35,2,1
36,0,1.0,0.0,65,2,1
26,0,1.0,0.0,55,2,1
42,0,1.0,0.0,48,11,2
70,0,1.0,0.0,66,1,3
26,1,1.0,6172.0,73,16,1
49,0,1.0,0.0,33,1,3
21,0,0.9260273972602739,0.0,68,5,1
66,0,1.0,0.0,44,1,1
46,0,0.6712328767123288,0.0,55,2,3
32,0,1.0,0.0,55,1,3
56,0,0.4986301369863014,0.0,60,1,3
40,0,0.915068493150685,0.0,66,1,3
68,0,1.0,0.0,60,1,1
22,0,0.8164383561643835,0.0,33,1,2
66,0,1.0,0.0,55,1,1
64,0,1.0,0.0,55,9,1
39,0,1.0,0.0,55,1,1
78,0,1.0,0.0,66,6,1
26,1,1.0,6502.0,53,1,3
47,0,1.0,0.0,55,7,1
49,0,1.0,0.0,55,5,2
24,0,1.0,0.0,66,3,3
69,0,1.0,0.0,55,1,1
40,0,1.0,0.0,40,2,3
51,0,1.0,0.0,77,8,3
39,0,0.25753424657534246,0.0,57,2,2
33,0,1.0,0.0,95,2,2
36,0,1.0,0.0,68,7,2
68,0,0.947945205479452,0.0,85,6,1
60,0,1.0,0.0,59,12,1
67,1,1.0,5566.0,44,2,1
42,0,0.40273972602739727,0.0,55,1,3
35,1,1.0,6050.0,66,8,1
49,0,0.052054794520547946,0.0,47,6,2
61,0,1.0,0.0,55,1,1
70,0,0.08493150684931507,0.0,66,10,3
75,0,1.0,0.0,44,2,3
67,1,1.0,6284.0,40,9,2
29,0,1.0,0.0,43,5,1
46,0,1.0,0.0,51,2,1
30,1,1.0,5178.0,47,10,3
51,0,1.0,0.0,40,2,1
72,0,1.0,0.0,85,10,2
43,0,1.0,0.0,65,2,1
37,0,1.0,0.0,40,1,1
57,0,1.0,0.0,65,1,1
36,0,1.0,0.0,50,8,1
56,0,1.0,0.0,66,12,2
67,0,0.6164383561643836,0.0,75,1,3
58,0,1.0,0.0,52,2,1
70,0,1.0,0.0,98,1,3
26,0,0.3315068493150685,0.0,40,1,3
24,0,0.3287671232876712,0.0,44,1,1
64,0,1.0,0.0,45,1,3
77,0,1.0,0.0,40,1,2
81,0,1.0,0.0,67,2,3
46,0,1.0,0.0,60,2,3
58,0,1.0,0.0,50,1,3
27,1,1.0,2607.0,47,2,1
46,0,1.0,0.0,66,11,1
40,1,1.0,9304.0,73,1,2
49,0,1.0,0.0,64,2,2
24,0,0.7479452054794521,0.0,29,8,3
38,0,1.0,0.0,36,2,1
72,0,1.0,0.0,40,1,3
32,0,1.0,0.0,44,1,2
39,0,1.0,0.0,53,10,2
66,0,1.0,0.0,47,2,2
48,0,1.0,0.0,66,1,3
26,0,0.8876712328767123,0.0,68,1,1
30,0,1.0,0.0,66,4,3
26,0,1.0,0.0,34,1,1
63,0,1.0,0.0,47,3,3
38,1,1.0,49150.0,39,3,3
58,0,1.0,0.0,44,3,3
29,1,1.0,4780.0,85,12,3
24,0,0.3835616438356164,0.0,59,1,1
48,0,1.0,0.0,46,1,3
40,0,1.0,0.0,40,8,3
48,0,1.0,0.0,71,8,2
67,0,1.0,0.0,44,2,2
28,0,1.0,0.0,42,6,1
32,0,1.0,0.0,77,1,1
70,0,0.5808219178082191,0.0,46,6,3
36,0,1.0,0.0,66,1,3
32,0,0.4383561643835616,0.0,44,1,2
58,0,1.0,0.0,53,5,2
36,0,1.0,0.0,39,11,2
59,0,0.3287671232876712,0.0,85,7,3
47,0,0.23835616438356164,0.0,40,6,2
25,1,1.0,2607.0,43,5,3
28,0,1.0,0.0,44,3,3
41,0,1.0,0.0,39,1,3
32,0,1.0,0.0,66,1,1
40,0,0.1780821917808219,0.0,55,6,1
55,0,1.0,0.0,87,2,3
30,0,1.0,0.0,95,1,3
43,0,0.6328767123287671,0.0,50,3,0
57,1,1.0,5850.0,68,5,1
55,0,1.0,0.0,33,6,1
59,1,1.0,200000.0,38,2,1
66,1,1.0,384770.0,54,2,2
32,0,1.0,0.0,39,1,2
64,0,1.0,0.0,40,1,3
54,0,1.0,0.0,55,8,3
23,0,1.0,0.0,37,5,3
27,0,0.4657534246575342,0.0,50,8,1
29,0,1.0,0.0,65,2,2
54,1,1.0,6066.0,37,2,1
60,0,1.0,0.0,53,1,1
83,0,0.3041095890410959,0.0,31,8,2
56,0,1.0,0.0,64,1,2
35,0,1.0,0.0,55,1,1
44,0,1.0,0.0,66,1,1
29,1,1.0,57540.0,55,7,1
69,0,1.0,0.0,68,12,2
44,0,1.0,0.0,65,1,1
29,0,1.0,0.0,74,12,1
30,0,1.0,0.0,108,6,3
48,0,1.0,0.0,92,1,1
73,0,0.4520547945205479,0.0,54,1,2
72,0,1.0,0.0,90,10,1
77,1,1.0,73734.0,32,2,3
75,0,1.0,0.0,44,1,3
68,0,1.0,0.0,82,6,2
50,0,1.0,0.0,56,1,1
75,0,1.0,0.0,55,8,2
27,0,1.0,0.0,125,11,2
47,0,1.0,0.0,54,6,2
57,0,0.3972602739726027,0.0,63,7,3
35,0,0.03561643835616438,0.0,87,11,1
30,1,1.0,57540.0,55,12,3
41,1,0.6876712328767123,445409.0,173,6,1
36,0,1.0,0.0,42,1,1
26,0,0.9945205479452055,0.0,25,12,2
54,0,1.0,0.0,66,12,1
43,0,0.14520547945205478,0.0,55,3,1
43,0,1.0,0.0,33,5,1
66,0,1.0,0.0,44,1,3
24,2,1.0,126868.0,44,4,3
72,0,1.0,0.0,70,1,2
46,0,1.0,0.0,40,1,1
73,0,0.4958904109589041,0.0,41,2,3
52,0,1.0,0.0,47,1,3
28,0,1.0,0.0,74,1,3
40,0,1.0,0.0,38,1,1
21,0,1.0,0.0,36,4,3
46,0,1.0,0.0,67,4,1
60,0,1.0,0.0,40,11,1
76,0,1.0,0.0,25,7,3
30,0,1.0,0.0,70,1,1
59,1,0.4191780821917808,2988.0,54,6,1
29,0,0.7561643835616438,0.0,88,3,2
73,1,1.0,43705.0,50,1,1
43,2,1.0,154852.0,33,4,2
59,0,1.0,0.0,66,1,1
21,1,1.0,2723.0,40,1,1
66,0,0.9452054794520548,0.0,74,1,1
69,0,1.0,0.0,90,10,1
64,0,1.0,0.0,55,5,1
35,0,1.0,0.0,40,11,3
69,0,1.0,0.0,44,2,2
24,0,1.0,0.0,54,1,1
44,0,1.0,0.0,40,1,3
67,0,1.0,0.0,48,1,2
43,0,1.0,0.0,36,9,1
33,0,1.0,0.0,65,6,1
46,2,1.0,30115.0,47,1,1
36,0,1.0,0.0,84,10,1
44,0,1.0,0.0,44,5,2
76,2,1.0,9371.0,66,2,3
53,0,1.0,0.0,67,6,2
54,0,0.4136986301369863,0.0,66,10,2
52,0,0.26575342465753427,0.0,40,1,2
71,0,1.0,0.0,43,1,2
42,0,1.0,0.0,40,10,2
37,0,1.0,0.0,47,2,2
45,0,1.0,0.0,51,3,3
24,0,1.0,0.0,51,9,1
49,0,1.0,0.0,54,2,3
32,0,1.0,0.0,66,3,3
72,0,1.0,0.0,60,13,3
54,1,0.9068493150684932,37200.0,55,2,3
54,0,1.0,0.0,103,6,1
73,0,1.0,0.0,87,1,2
39,0,0.08767123287671233,0.0,41,1,1
41,0,1.0,0.0,44,2,1
37,0,1.0,0.0,44,2,1
51,0,0.08493150684931507,0.0,68,10,2
50,0,1.0,0.0,47,1,1
44,0,1.0,0.0,40,13,1
62,0,1.0,0.0,55,1,2
67,0,1.0,0.0,40,1,2
31,0,1.0,0.0,76,1,3
47,0,1.0,0.0,47,1,3
65,0,1.0,0.0,81,1,3
23,0,0.4273972602739726,0.0,55,1,3
44,0,0.27671232876712326,0.0,70,9,3
66,0,1.0,0.0,49,9,3
37,1,0.547945205479452,410.0,77,2,1
34,1,1.0,21409.0,50,3,1
43,0,1.0,0.0,66,9,1
45,0,1.0,0.0,44,2,2
30,0,1.0,0.0,65,1,2
41,0,1.0,0.0,60,2,1
38,0,1.0,0.0,66,2,3
69,0,1.0,0.0,89,1,1
37,0,1.0,0.0,43,4,2
38,1,1.0,8770.0,44,1,3
50,0,0.35342465753424657,0.0,69,6,3
51,0,1.0,0.0,40,1,2
42,0,0.16164383561643836,0.0,40,11,1
42,0,0.863013698630137,0.0,44,1,1
62,0,1.0,0.0,66,1,2
28,0,0.273972602739726,0.0,60,2,1
67,0,0.8082191780821918,0.0,50,1,1
35,0,1.0,0.0,48,2,1
29,0,1.0,0.0,39,5,3
81,0,1.0,0.0,32,11,1
40,0,1.0,0.0,51,2,3
73,0,1.0,0.0,55,5,3
39,0,0.3287671232876712,0.0,44,1,3
44,1,0.2136986301369863,63289.0,47,4,3
78,0,1.0,0.0,33,1,3
30,1,0.1178082191780822,37744.0,65,5,1
41,1,1.0,38565.0,55,1,3
56,0,1.0,0.0,47,2,2
29,0,0.08767123287671233,0.0,51,11,1
39,1,0.5068493150684932,3405.0,50,5,2
28,0,1.0,0.0,60,1,2
52,0,1.0,0.0,51,2,1
33,0,1.0,0.0,63,2,3
26,0,0.8493150684931506,0.0,66,1,1
52,0,1.0,0.0,81,9,3
66,0,1.0,0.0,51,2,1
54,1,1.0,2989.0,73,1,2
44,0,1.0,0.0,59,1,3
43,0,1.0,0.0,66,2,1
45,0,1.0,0.0,66,1,1
66,0,1.0,0.0,35,6,1
46,0,1.0,0.0,66,14,3
35,0,1.0,0.0,39,1,3
45,0,1.0,0.0,39,10,1
31,0,1.0,0.0,33,1,2
28,0,1.0,0.0,62,1,3
73,0,1.0,0.0,50,1,1
50,0,1.0,0.0,48,1,1
36,1,1.0,57540.0,44,1,2
54,0,1.0,0.0,104,2,2
66,0,1.0,0.0,66,6,1
39,0,1.0,0.0,36,1,1
53,0,1.0,0.0,66,12,2
40,0,0.4986301369863014,0.0,65,2,2
78,0,1.0,0.0,66,1,1
64,0,1.0,0.0,48,2,1
76,0,1.0,0.0,36,1,2
25,0,1.0,0.0,65,5,3
56,0,1.0,0.0,86,1,2
32,0,0.7534246575342466,0.0,51,1,1
24,0,1.0,0.0,75,2,3
45,0,1.0,0.0,44,15,1
36,0,1.0,0.0,40,1,1
42,0,1.0,0.0,55,8,2
28,0,0.6520547945205479,0.0,66,2,1
48,2,1.0,42659.0,85,6,3
44,0,1.0,0.0,81,6,2
54,0,1.0,0.0,89,14,3
24,0,0.958904109589041,0.0,40,6,1
62,0,0.3041095890410959,0.0,50,11,2
26,0,1.0,0.0,44,2,2
37,1,1.0,88135.0,33,2,1
47,0,1.0,0.0,84,3,3
58,0,1.0,0.0,72,2,3
33,1,1.0,30000.0,84,10,1
60,0,0.8246575342465754,0.0,44,1,1
41,0,1.0,0.0,42,5,1
76,0,1.0,0.0,40,3,2
31,0,0.3315068493150685,0.0,40,2,3
27,0,0.3041095890410959,0.0,40,10,3
32,0,0.9013698630136986,0.0,60,2,2
51,0,0.29863013698630136,0.0,70,1,1
43,0,1.0,0.0,54,1,2
57,0,1.0,0.0,59,2,3
62,0,1.0,0.0,44,1,2
49,0,1.0,0.0,63,1,1
81,0,0.5863013698630137,0.0,43,5,3
36,1,1.0,5850.0,47,6,0
79,0,1.0,0.0,89,11,3
72,0,1.0,0.0,40,1,3
62,0,1.0,0.0,60,11,3
60,0,1.0,0.0,66,2,1
25,0,1.0,0.0,43,11,3
32,0,0.8904109589041096,0.0,37,1,1
77,0,0.18904109589041096,0.0,132,2,3
24,0,0.06575342465753424,0.0,57,2,3
69,0,1.0,0.0,50,2,1
57,0,1.0,0.0,40,1,1
33,0,1.0,0.0,62,1,2
58,0,0.0684931506849315,0.0,40,2,1
24,1,1.0,101480.0,44,6,1
34,0,1.0,0.0,43,1,1
32,0,1.0,0.0,43,5,1
26,0,1.0,0.0,140,11,1
30,1,0.3287671232876712,5942.0,55,1,1
32,0,1.0,0.0,47,2,1
35,1,1.0,8673.0,55,1,1
41,0,0.08493150684931507,0.0,110,1,2
69,0,1.0,0.0,51,7,2
37,0,1.0,0.0,55,1,3
70,0,1.0,0.0,100,11,3
32,0,1.0,0.0,54,1,2
46,0,1.0,0.0,77,2,1
29,0,0.4958904109589041,0.0,40,1,1
29,0,1.0,0.0,44,2,2
73,0,1.0,0.0,63,2,3
43,0,1.0,0.0,83,2,2
37,0,0.6657534246575343,0.0,40,2,1
27,0,1.0,0.0,53,1,2
43,0,1.0,0.0,66,6,2
53,0,0.2356164383561644,0.0,42,1,1
34,0,1.0,0.0,50,1,1
25,0,0.4520547945205479,0.0,50,12,3
59,0,1.0,0.0,40,10,3
47,0,1.0,0.0,66,4,2
61,0,1.0,0.0,44,1,2
31,0,1.0,0.0,60,9,1
40,0,1.0,0.0,37,1,1
52,1,1.0,350000.0,40,2,1
43,0,1.0,0.0,39,5,1
38,0,0.6575342465753424,0.0,37,4,3
28,0,0.4958904109589041,0.0,47,1,3
66,0,1.0,0.0,65,6,2
49,0,1.0,0.0,83,11,3
56,0,1.0,0.0,55,3,1
55,0,0.7561643835616438,0.0,55,1,1
36,1,1.0,57540.0,55,12,1
51,0,1.0,0.0,60,15,2
28,0,1.0,0.0,43,2,3
70,0,1.0,0.0,48,1,3
43,0,1.0,0.0,43,1,3
74,1,1.0,2607.0,55,10,1
41,0,1.0,0.0,98,11,3
25,0,1.0,0.0,46,2,3
57,1,1.0,125602.0,55,1,2
55,0,0.810958904109589,0.0,33,10,1
59,0,1.0,0.0,68,3,2
38,1,1.0,173101.0,60,2,3
48,2,1.0,8684.0,64,6,1
63,0,1.0,0.0,33,2,1
25,0,0.4986301369863014,0.0,77,1,3
29,0,0.2821917808219178,0.0,58,2,1
35,0,1.0,0.0,55,1,1
34,0,1.0,0.0,66,1,0
22,0,1.0,0.0,55,12,1
43,0,0.8027397260273973,0.0,60,19,1
41,0,1.0,0.0,48,6,3
54,0,1.0,0.0,40,11,2
49,1,0.3835616438356164,62881.0,48,1,3
35,0,0.5972602739726027,0.0,68,1,1
32,0,1.0,0.0,74,11,2
78,0,0.11232876712328767,0.0,65,15,1
42,1,1.0,233640.0,55,1,3
74,0,1.0,0.0,32,8,1
43,0,1.0,0.0,74,1,1
28,0,0.9726027397260274,0.0,55,16,3
40,0,1.0,0.0,48,15,3
39,0,0.7342465753424657,0.0,66,12,3
35,1,1.0,5850.0,66,5,2
80,0,1.0,0.0,40,5,3
31,0,0.547945205479452,0.0,55,1,1
40,2,1.0,5336.0,82,1,1
54,0,0.23835616438356164,0.0,54,4,1
28,0,0.043835616438356165,0.0,49,1,1
37,0,1.0,0.0,66,6,1
36,0,0.7123287671232876,0.0,40,11,2
34,0,1.0,0.0,40,1,3
75,0,1.0,0.0,85,12,2
29,0,1.0,0.0,50,1,1
28,0,1.0,0.0,40,2,3
56,0,1.0,0.0,38,1,2
27,0,1.0,0.0,66,8,3
69,0,1.0,0.0,66,10,2
67,0,1.0,0.0,100,1,1
44,0,1.0,0.0,55,11,3
38,0,1.0,0.0,97,1,1
73,0,1.0,0.0,42,1,1
66,0,1.0,0.0,66,2,3
49,1,0.1643835616438356,62173.0,43,8,3
41,0,0.5616438356164384,0.0,33,2,1
46,0,1.0,0.0,108,11,1
57,0,1.0,0.0,33,1,3
26,0,1.0,0.0,60,6,3
54,0,0.26575342465753427,0.0,64,3,1
42,0,1.0,0.0,40,12,1
44,0,0.7561643835616438,0.0,55,1,3
34,0,1.0,0.0,39,1,3
51,0,1.0,0.0,44,11,2
25,0,1.0,0.0,47,12,1
69,1,0.6356164383561644,2849.0,44,1,3
57,0,1.0,0.0,54,8,1
57,0,1.0,0.0,48,11,2
65,0,1.0,0.0,43,2,2
29,0,1.0,0.0,55,9,1
51,0,0.9671232876712329,0.0,35,8,2
38,0,1.0,0.0,53,5,3
41,0,0.38082191780821917,0.0,43,11,3
50,2,1.0,102740.0,55,1,3
67,0,1.0,0.0,41,6,1
57,0,1.0,0.0,43,12,2
63,0,0.7479452054794521,0.0,69,1,1
28,0,0.6657534246575343,0.0,40,1,3
81,0,1.0,0.0,33,2,3
41,0,1.0,0.0,55,2,2
46,0,1.0,0.0,44,2,2
60,0,1.0,0.0,68,1,1
70,0,1.0,0.0,40,1,2
66,0,1.0,0.0,66,1,3
31,0,1.0,0.0,32,1,1
33,1,1.0,8457.0,66,8,1
28,1,0.8054794520547945,57540.0,53,4,2
45,0,1.0,0.0,59,11,3
38,0,0.38082191780821917,0.0,60,1,2
47,1,1.0,5850.0,75,7,1
35,0,1.0,0.0,55,1,1
68,0,0.1095890410958904,0.0,98,5,3
39,0,1.0,0.0,53,1,1
74,0,1.0,0.0,66,6,1
48,0,1.0,0.0,44,12,1
43,0,0.4191780821917808,0.0,50,1,3
54,0,1.0,0.0,52,9,1
35,0,0.11232876712328767,0.0,55,1,2
27,0,1.0,0.0,85,1,3
64,0,1.0,0.0,65,1,3
78,0,1.0,0.0,34,8,3
36,0,1.0,0.0,48,11,3
30,0,1.0,0.0,66,1,2
34,0,1.0,0.0,49,2,2
49,1,1.0,2850.0,55,1,3
27,2,1.0,115651.0,55,1,2
50,0,1.0,0.0,33,1,2
58,0,1.0,0.0,55,11,2
73,0,1.0,0.0,66,4,1
25,0,0.7479452054794521,0.0,66,12,3
33,0,0.0547945205479452,0.0,63,14,0
40,0,1.0,0.0,55,12,0
41,0,1.0,0.0,85,1,1
47,0,1.0,0.0,44,10,2
40,1,1.0,2390.0,57,1,1
47,0,1.0,0.0,41,2,3
32,0,1.0,0.0,60,1,1
36,0,1.0,0.0,85,1,1
46,0,1.0,0.0,33,2,1
59,0,1.0,0.0,92,1,2
43,0,1.0,0.0,29,2,1
40,0,1.0,0.0,48,2,1
52,0,1.0,0.0,50,1,1
24,0,1.0,0.0,54,1,3
50,1,0.5589041095890411,81000.0,50,8,2
39,0,1.0,0.0,47,3,0
68,0,0.5424657534246575,0.0,85,1,3
51,0,1.0,0.0,40,3,2
39,0,1.0,0.0,25,3,3
48,0,1.0,0.0,43,12,1
28,0,0.6904109589041096,0.0,39,1,1
40,1,0.9835616438356164,2933.0,64,11,2
20,0,0.0958904109589041,0.0,58,6,2
72,0,0.31232876712328766,0.0,39,5,3
30,0,1.0,0.0,47,1,1
32,0,1.0,0.0,43,1,1
59,0,1.0,0.0,51,6,2
66,0,1.0,0.0,63,6,1
36,0,0.33972602739726027,0.0,36,8,1
47,0,1.0,0.0,66,2,1
73,0,1.0,0.0,43,2,2
42,2,0.7479452054794521,10526.0,55,2,3
49,1,1.0,6776.0,83,4,2
38,0,0.7890410958904109,0.0,55,12,2
51,0,1.0,0.0,63,2,1
29,0,1.0,0.0,40,7,3
55,0,1.0,0.0,66,2,1
74,0,1.0,0.0,55,1,2
70,0,1.0,0.0,64,2,3
38,0,1.0,0.0,47,2,1
65,0,1.0,0.0,44,2,1
62,0,1.0,0.0,77,1,1
44,0,1.0,0.0,66,1,3
21,1,0.7698630136986301,3630.0,74,2,2
46,0,1.0,0.0,46,16,1
57,0,1.0,0.0,39,1,1
55,1,1.0,34870.0,65,3,3
28,0,1.0,0.0,66,12,1
70,0,1.0,0.0,44,1,1
37,0,1.0,0.0,65,6,1
32,0,1.0,0.0,43,5,1
60,0,1.0,0.0,85,12,3
62,0,1.0,0.0,33,1,1
27,0,0.821917808219178,0.0,47,5,2
47,0,1.0,0.0,110,1,2
43,0,0.7671232876712328,0.0,37,3,2
40,0,1.0,0.0,98,11,1
66,0,1.0,0.0,69,2,2
56,0,1.0,0.0,44,2,1
26,0,0.3835616438356164,0.0,44,1,2
77,1,1.0,64939.0,100,1,0
67,0,1.0,0.0,93,1,2
55,0,1.0,0.0,55,14,2
36,0,1.0,0.0,85,2,1
63,0,1.0,0.0,85,2,3
54,0,1.0,0.0,50,10,2
27,0,1.0,0.0,65,1,1
52,0,1.0,0.0,51,5,3
25,0,0.3287671232876712,0.0,29,5,3
35,1,1.0,2607.0,135,3,2
38,1,0.810958904109589,10140.0,40,1,2
49,0,0.4136986301369863,0.0,40,5,1
37,0,1.0,0.0,44,2,2
70,0,1.0,0.0,66,1,2
29,0,1.0,0.0,75,1,1
65,0,1.0,0.0,39,9,1
36,0,1.0,0.0,55,1,2
71,0,1.0,0.0,37,12,1
32,0,0.08493150684931507,0.0,66,1,2
47,0,1.0,0.0,66,2,3
35,0,1.0,0.0,59,7,2
49,0,1.0,0.0,66,5,2
67,0,1.0,0.0,54,9,1
53,0,1.0,0.0,33,6,1
59,0,1.0,0.0,76,5,2
60,1,1.0,5850.0,68,1,1
46,0,1.0,0.0,47,1,1
37,0,0.7698630136986301,0.0,66,1,1
47,0,1.0,0.0,74,11,1
66,0,1.0,0.0,42,2,3
55,0,1.0,0.0,34,8,1
62,0,1.0,0.0,95,12,3
32,1,1.0,65423.0,66,5,1
46,0,1.0,0.0,78,12,2
40,0,0.8602739726027397,0.0,33,1,1
59,1,1.0,5566.0,40,1,3
52,0,1.0,0.0,47,7,1
31,0,1.0,0.0,55,5,1
73,0,1.0,0.0,65,2,3
39,0,1.0,0.0,44,7,2
60,0,1.0,0.0,83,1,3
45,0,1.0,0.0,40,1,1
44,0,1.0,0.0,40,1,3
34,0,1.0,0.0,54,1,2
55,1,0.915068493150685,5850.0,50,1,2
55,0,0.6547945205479452,0.0,51,2,1
35,0,1.0,0.0,53,7,2
43,0,1.0,0.0,43,6,2
52,0,1.0,0.0,65,6,1
60,1,1.0,121902.0,85,5,3
38,1,1.0,12000.0,66,12,1
28,0,1.0,0.0,51,6,1
54,0,1.0,0.0,75,6,3
41,0,0.8328767123287671,0.0,56,6,2
58,0,1.0,0.0,40,6,1
28,0,1.0,0.0,47,11,2
44,0,1.0,0.0,61,1,1
65,0,1.0,0.0,85,1,1
39,0,1.0,0.0,44,19,3
33,0,1.0,0.0,51,1,2
32,0,1.0,0.0,61,6,2
51,0,1.0,0.0,66,2,3
69,0,1.0,0.0,58,6,1
76,0,0.7397260273972602,0.0,37,1,3
47,1,1.0,2541.0,55,6,2
67,0,1.0,0.0,55,1,2
29,0,1.0,0.0,40,1,2
84,0,1.0,0.0,44,2,1
53,0,1.0,0.0,40,5,2
51,0,1.0,0.0,40,1,3
43,0,1.0,0.0,40,1,2
57,0,1.0,0.0,43,1,3
33,0,1.0,0.0,70,12,3
47,0,1.0,0.0,44,1,2
95,0,0.36712328767123287,0.0,61,13,3
49,0,1.0,0.0,40,1,3
26,0,1.0,0.0,40,2,3
64,0,1.0,0.0,51,1,1
24,0,0.3287671232876712,0.0,61,1,2
46,0,1.0,0.0,50,8,2
51,1,1.0,40909.0,51,2,2
63,0,1.0,0.0,84,2,1
83,0,1.0,0.0,33,1,3
48,0,1.0,0.0,81,3,1
48,0,0.4465753424657534,0.0,51,1,2
35,0,1.0,0.0,53,1,2
30,0,1.0,0.0,75,8,2
57,0,1.0,0.0,60,9,3
48,0,0.7479452054794521,0.0,107,10,2
51,1,1.0,5626.0,51,1,1
72,0,1.0,0.0,53,1,3
44,1,1.0,73104.0,41,4,2
32,0,0.01643835616438356,0.0,39,12,3
33,0,1.0,0.0,67,6,3
28,0,1.0,0.0,66,1,2
51,0,0.11232876712328767,0.0,40,3,2
30,0,0.21095890410958903,0.0,40,1,3
76,0,1.0,0.0,55,12,1
66,0,1.0,0.0,46,2,1
42,1,1.0,27877.0,61,5,2
58,0,1.0,0.0,48,6,2
45,0,1.0,0.0,66,1,2
41,0,0.8438356164383561,0.0,42,7,2
41,0,1.0,0.0,92,2,1
24,0,1.0,0.0,33,2,2
60,0,1.0,0.0,88,1,1
39,0,1.0,0.0,57,1,3
32,0,1.0,0.0,40,1,1
52,0,0.8246575342465754,0.0,68,3,1
46,0,1.0,0.0,64,1,1
42,0,1.0,0.0,33,11,3
64,0,1.0,0.0,55,5,2
29,0,1.0,0.0,85,6,3
53,0,1.0,0.0,55,3,1
73,0,1.0,0.0,33,1,1
40,0,1.0,0.0,42,9,2
64,0,1.0,0.0,37,6,2
47,1,1.0,57540.0,68,7,3
65,1,1.0,8457.0,51,1,1
34,0,1.0,0.0,66,5,2
48,0,0.2191780821917808,0.0,40,2,2
67,0,1.0,0.0,69,1,1
40,1,0.23013698630136986,7380.0,43,9,2
31,0,1.0,0.0,40,5,1
35,0,0.8712328767123287,0.0,47,1,1
35,0,1.0,0.0,62,1,1
39,0,1.0,0.0,44,1,2
25,0,1.0,0.0,37,1,1
42,0,1.0,0.0,44,10,3
33,0,0.1863013698630137,0.0,53,1,3
46,0,1.0,0.0,55,2,3
42,0,0.6958904109589041,0.0,40,5,1
37,0,1.0,0.0,65,1,3
29,1,1.0,6290.0,61,5,1
74,0,1.0,0.0,93,6,2
63,0,1.0,0.0,33,1,1
48,0,1.0,0.0,33,1,2
62,0,0.7616438356164383,0.0,80,9,3
57,0,1.0,0.0,54,11,1
26,0,0.7808219178082192,0.0,60,2,3
37,0,1.0,0.0,44,2,2
42,0,1.0,0.0,61,1,3
51,0,1.0,0.0,65,2,2
25,1,1.0,14972.0,69,2,3
44,0,0.4301369863013699,0.0,79,8,2
24,0,1.0,0.0,40,1,3
55,0,1.0,0.0,40,11,2
49,0,0.5643835616438356,0.0,76,1,3
63,0,1.0,0.0,75,2,1
25,0,1.0,0.0,50,1,3
49,0,1.0,0.0,37,3,3
26,0,1.0,0.0,63,12,1
40,0,1.0,0.0,57,1,1
56,0,1.0,0.0,70,1,3
43,0,0.6438356164383562,0.0,33,12,3
23,0,1.0,0.0,55,6,1
27,0,1.0,0.0,68,3,2
53,0,1.0,0.0,33,6,1
44,0,1.0,0.0,33,12,1
37,1,1.0,1258238.0,48,5,2
31,2,1.0,79320.0,60,1,1
27,0,1.0,0.0,69,8,1
25,1,1.0,22461.0,66,8,1
86,0,0.15616438356164383,0.0,77,1,2
63,0,1.0,0.0,47,3,3
29,0,1.0,0.0,55,9,1
33,0,0.17534246575342466,0.0,32,10,2
62,0,1.0,0.0,51,1,3
64,0,1.0,0.0,93,1,3
43,0,1.0,0.0,85,7,1
28,0,0.5945205479452055,0.0,43,6,3
56,0,1.0,0.0,66,1,1
56,0,0.5013698630136987,0.0,55,6,1
23,0,0.7479452054794521,0.0,34,1,1
53,0,0.2465753424657534,0.0,75,10,1
55,0,1.0,0.0,54,7,1
45,0,1.0,0.0,44,1,3
53,1,1.0,5408.0,66,11,1
51,0,1.0,0.0,50,1,1
26,1,0.336986301369863,6066.0,44,1,2
39,0,1.0,0.0,47,1,2
50,0,0.8410958904109589,0.0,43,1,1
61,0,1.0,0.0,53,13,2
39,0,0.2410958904109589,0.0,64,1,3
68,0,1.0,0.0,47,6,3
52,0,1.0,0.0,51,6,1
69,0,1.0,0.0,48,2,3
64,0,1.0,0.0,98,6,1
33,0,0.00821917808219178,0.0,40,2,1
75,0,1.0,0.0,53,3,3
55,0,0.8438356164383561,0.0,40,3,1
23,0,1.0,0.0,40,7,3
65,0,1.0,0.0,43,8,1
43,0,1.0,0.0,33,19,3
40,0,1.0,0.0,55,1,1
48,0,1.0,0.0,41,1,1
51,0,1.0,0.0,40,1,1
25,0,1.0,0.0,37,1,3
29,0,0.8301369863013699,0.0,88,2,2
41,0,1.0,0.0,40,11,3
48,0,1.0,0.0,81,1,3
27,0,1.0,0.0,43,1,1
27,0,0.7671232876712328,0.0,40,1,2
57,1,1.0,5850.0,83,1,2
40,0,1.0,0.0,66,12,3
42,0,0.6684931506849315,0.0,66,2,1
32,1,0.5863013698630137,3072.0,37,9,1
54,1,1.0,6066.0,40,1,3
40,0,1.0,0.0,49,13,1
36,0,1.0,0.0,98,2,2
23,0,0.8164383561643835,0.0,40,5,2
38,0,0.5342465753424658,0.0,66,1,3
68,0,1.0,0.0,53,6,3
53,0,0.7643835616438356,0.0,47,1,1
71,0,1.0,0.0,25,1,2
57,0,1.0,0.0,66,9,3
60,0,1.0,0.0,46,1,2
52,0,1.0,0.0,55,1,1
28,0,1.0,0.0,44,12,3
73,0,1.0,0.0,47,2,1
50,1,1.0,6066.0,44,16,3
28,1,1.0,8139.0,50,2,1
77,0,1.0,0.0,40,2,2
29,0,0.16164383561643836,0.0,40,2,2
36,0,1.0,0.0,63,10,2
65,0,1.0,0.0,47,6,1
38,0,1.0,0.0,40,12,2
40,0,1.0,0.0,65,1,1
24,0,1.0,0.0,40,12,3
56,0,1.0,0.0,43,1,2
31,0,1.0,0.0,40,1,1
46,1,1.0,81932.0,79,1,3
36,0,1.0,0.0,53,5,2
58,0,1.0,0.0,37,9,2
46,0,0.9095890410958904,0.0,43,1,2
63,0,1.0,0.0,55,1,3
37,0,1.0,0.0,33,12,2
45,0,0.6657534246575343,0.0,44,2,1
58,0,1.0,0.0,98,2,1
62,0,1.0,0.0,81,10,3
87,0,1.0,0.0,66,10,2
55,0,1.0,0.0,25,9,3
26,0,0.5917808219178082,0.0,50,4,3
27,0,0.9945205479452055,0.0,49,16,3
61,0,1.0,0.0,52,1,1
29,2,1.0,259087.0,40,10,2
48,0,0.9178082191780822,0.0,55,6,2
32,0,1.0,0.0,85,1,1
68,0,1.0,0.0,54,1,3
35,0,1.0,0.0,40,7,2
58,0,1.0,0.0,40,8,3
24,0,1.0,0.0,41,12,3
31,0,1.0,0.0,57,10,3
27,0,1.0,0.0,33,1,3
63,0,1.0,0.0,44,1,3
53,0,1.0,0.0,43,2,2
75,0,1.0,0.0,85,1,3
21,0,1.0,0.0,43,3,3
37,1,1.0,2426.0,63,1,2
31,0,1.0,0.0,59,2,3
47,0,1.0,0.0,54,4,2
50,0,1.0,0.0,81,12,2
36,0,1.0,0.0,51,2,2
32,0,1.0,0.0,60,1,2
74,0,1.0,0.0,96,3,3
76,0,0.6767123287671233,0.0,47,1,1
79,1,1.0,56481.0,51,6,2
64,0,1.0,0.0,66,10,2
22,0,1.0,0.0,50,6,3
31,0,1.0,0.0,40,2,1
51,0,1.0,0.0,66,14,2
53,0,1.0,0.0,79,5,3
69,0,1.0,0.0,47,7,3
42,0,0.6684931506849315,0.0,33,6,2
51,1,1.0,3606.0,44,8,2
42,1,1.0,3430.0,100,1,2
46,0,1.0,0.0,50,1,2
51,1,1.0,5324.0,33,2,1
49,0,0.4575342465753425,0.0,40,2,2
21,0,1.0,0.0,37,1,1
44,0,1.0,0.0,37,3,3
57,0,1.0,0.0,33,2,2
29,0,0.8712328767123287,0.0,39,1,2
27,0,1.0,0.0,44,11,1
52,0,1.0,0.0,70,5,1
44,0,1.0,0.0,49,2,2
38,0,1.0,0.0,43,1,2
33,0,1.0,0.0,51,12,1
24,0,0.5068493150684932,0.0,55,1,1
69,0,1.0,0.0,85,2,3
65,0,0.9397260273972603,0.0,75,10,2
40,0,0.08493150684931507,0.0,55,3,2
53,0,1.0,0.0,138,1,3
53,0,1.0,0.0,55,11,1
69,0,1.0,0.0,55,10,3
62,1,1.0,5324.0,60,1,1
48,0,0.8684931506849315,0.0,80,13,2
42,0,0.8054794520547945,0.0,51,6,1
78,1,0.24383561643835616,131431.0,80,2,1
84,0,1.0,0.0,44,3,1
76,0,1.0,0.0,35,1,3
22,0,1.0,0.0,51,2,1
56,0,1.0,0.0,66,5,1
77,0,0.4191780821917808,0.0,110,1,1
47,0,1.0,0.0,33,2,1
63,0,1.0,0.0,66,4,1
38,0,0.5068493150684932,0.0,53,12,2
53,0,1.0,0.0,65,12,2
26,0,1.0,0.0,40,12,1
74,0,1.0,0.0,40,1,2
30,0,0.6712328767123288,0.0,55,6,2
43,1,1.0,5856.0,77,1,1
23,0,1.0,0.0,51,7,3
60,0,1.0,0.0,48,2,1
66,0,1.0,0.0,70,1,2
44,0,1.0,0.0,43,1,2
68,0,1.0,0.0,74,8,1
81,0,1.0,0.0,60,1,3
49,0,1.0,0.0,66,1,3
63,0,1.0,0.0,33,1,2
44,0,1.0,0.0,49,6,1
53,0,1.0,0.0,43,1,2
43,0,0.2219178082191781,0.0,66,5,1
53,0,1.0,0.0,59,12,3
58,0,1.0,0.0,82,2,1
59,2,1.0,90641.0,47,8,2
26,0,1.0,0.0,46,6,1
41,0,0.2465753424657534,0.0,63,5,2
34,0,1.0,0.0,43,1,1
34,0,1.0,0.0,51,2,0
41,1,1.0,65000.0,85,6,3
69,0,1.0,0.0,66,6,2
68,0,1.0,0.0,51,2,2
44,0,1.0,0.0,40,12,1
27,0,1.0,0.0,40,1,2
63,0,1.0,0.0,63,5,1
39,0,1.0,0.0,66,4,1
23,1,1.0,121902.0,44,6,2
27,0,1.0,0.0,50,9,3
39,0,1.0,0.0,40,5,1
41,0,0.9424657534246575,0.0,63,2,1
49,0,0.005479452054794521,0.0,74,2,2
53,0,1.0,0.0,68,12,1
28,3,0.8356164383561644,87050.0,44,5,1
41,0,0.4383561643835616,0.0,79,5,1
29,1,0.8356164383561644,2608.0,55,1,1
74,0,1.0,0.0,43,2,1
56,0,1.0,0.0,43,8,3
26,0,1.0,0.0,37,11,2
32,0,1.0,0.0,40,2,2
60,0,0.7698630136986301,0.0,75,1,1
30,0,1.0,0.0,65,1,2
42,0,1.0,0.0,65,1,1
64,0,1.0,0.0,81,16,2
61,0,1.0,0.0,90,1,2
64,0,1.0,0.0,48,1,1
60,0,1.0,0.0,73,1,2
66,0,1.0,0.0,54,10,3
26,0,1.0,0.0,39,8,1
34,0,1.0,0.0,66,1,2
39,0,1.0,0.0,33,1,1
66,2,0.9726027397260274,135053.0,37,1,1
59,0,0.4136986301369863,0.0,47,1,1
49,2,0.3698630136986301,198972.0,47,1,2
64,0,1.0,0.0,50,12,1
68,0,1.0,0.0,65,5,2
42,0,1.0,0.0,56,1,1
57,0,0.7643835616438356,0.0,42,1,1
29,0,0.6575342465753424,0.0,37,12,3
39,0,0.19726027397260273,0.0,85,20,1
75,0,1.0,0.0,54,1,1
41,0,1.0,0.0,85,6,1
63,0,1.0,0.0,55,1,1
46,1,1.0,1634.0,50,2,2
54,1,1.0,9366.0,44,1,1
58,1,1.0,121902.0,48,1,1
57,0,0.7534246575342466,0.0,55,2,1
69,0,1.0,0.0,44,2,2
61,0,1.0,0.0,40,6,3
34,0,1.0,0.0,65,1,3
53,0,0.27671232876712326,0.0,55,1,2
32,0,0.5972602739726027,0.0,48,10,2
64,0,1.0,0.0,50,2,1
57,0,1.0,0.0,40,7,0
57,0,1.0,0.0,44,6,2
29,0,1.0,0.0,77,5,1
73,0,1.0,0.0,40,1,2
68,0,1.0,0.0,55,1,2
60,1,1.0,57540.0,33,11,2
29,0,1.0,0.0,44,20,2
51,0,1.0,0.0,39,9,1
40,1,1.0,2607.0,55,2,1
49,0,1.0,0.0,90,10,3
39,0,1.0,0.0,45,1,2
30,0,0.1232876712328767,0.0,55,2,1
33,0,1.0,0.0,44,1,1
42,0,0.8054794520547945,0.0,66,1,1
39,0,1.0,0.0,54,11,3
58,0,1.0,0.0,66,12,3
73,0,1.0,0.0,63,5,1
45,0,1.0,0.0,92,6,3
35,0,1.0,0.0,51,2,1
49,0,0.7945205479452054,0.0,40,1,1
62,0,0.473972602739726,0.0,43,3,3
33,0,1.0,0.0,80,1,0
42,0,0.5041095890410959,0.0,51,1,2
46,0,1.0,0.0,42,1,1
77,1,1.0,5566.0,37,3,1
38,0,0.8438356164383561,0.0,55,2,1
29,0,0.8246575342465754,0.0,40,6,1
47,0,1.0,0.0,100,8,1
83,0,1.0,0.0,97,1,3
33,0,1.0,0.0,47,6,1
54,0,1.0,0.0,81,7,2
61,0,0.2465753424657534,0.0,60,2,3
42,0,1.0,0.0,57,2,2
63,0,0.9753424657534246,0.0,90,1,2
27,0,0.684931506849315,0.0,51,7,1
30,0,1.0,0.0,70,3,1
69,0,1.0,0.0,44,14,1
29,0,1.0,0.0,54,3,2
32,0,0.4136986301369863,0.0,85,11,1
49,0,1.0,0.0,73,1,2
30,0,1.0,0.0,55,2,1
37,0,1.0,0.0,110,2,3
70,0,1.0,0.0,66,11,2
47,0,1.0,0.0,60,1,2
66,0,1.0,0.0,51,1,3
70,0,1.0,0.0,25,6,1
39,0,1.0,0.0,66,12,1
24,0,1.0,0.0,37,12,3
60,0,1.0,0.0,40,1,3
58,0,1.0,0.0,74,3,1
35,0,1.0,0.0,40,9,1
42,0,1.0,0.0,55,3,2
38,0,1.0,0.0,59,1,2
72,0,1.0,0.0,37,1,0
50,0,1.0,0.0,58,6,2
65,0,1.0,0.0,85,11,3
29,0,1.0,0.0,33,9,1
69,0,1.0,0.0,53,11,2
50,0,1.0,0.0,53,1,2
66,0,1.0,0.0,36,5,1
27,0,1.0,0.0,51,7,1
42,0,1.0,0.0,31,4,2
43,0,0.336986301369863,0.0,40,1,1
46,1,1.0,43493.0,66,2,3
55,0,1.0,0.0,68,11,2
51,0,1.0,0.0,33,1,3
32,0,1.0,0.0,40,1,1
45,0,1.0,0.0,80,1,2
25,0,0.021917808219178082,0.0,40,6,1
58,0,1.0,0.0,62,1,1
62,0,1.0,0.0,55,2,3
51,0,1.0,0.0,33,8,2
41,0,0.8383561643835616,0.0,33,7,2
26,0,1.0,0.0,47,10,2
65,0,1.0,0.0,108,1,2
49,0,1.0,0.0,48,1,1
52,0,1.0,0.0,48,1,1
62,0,1.0,0.0,74,3,1
41,0,1.0,0.0,40,1,2
51,0,1.0,0.0,56,1,1
66,0,1.0,0.0,37,5,2
37,0,1.0,0.0,51,1,2
60,0,1.0,0.0,68,10,1
61,0,1.0,0.0,66,6,2
46,0,1.0,0.0,40,9,1
49,0,1.0,0.0,33,8,3
39,0,1.0,0.0,33,5,2
31,0,0.8356164383561644,0.0,105,3,2
64,0,1.0,0.0,48,2,1
58,0,1.0,0.0,55,2,3
84,0,1.0,0.0,40,3,3
33,0,1.0,0.0,53,2,1
54,0,0.7205479452054795,0.0,55,1,1
26,0,0.7205479452054795,0.0,44,13,1
44,0,1.0,0.0,81,1,2
37,0,1.0,0.0,50,8,3
55,0,1.0,0.0,55,1,1
42,0,0.3178082191780822,0.0,66,6,2
30,0,1.0,0.0,55,12,1
36,0,0.8547945205479452,0.0,51,1,3
50,0,1.0,0.0,57,1,2
53,0,1.0,0.0,44,1,2
46,0,0.38082191780821917,0.0,60,2,2
50,0,1.0,0.0,66,1,2
25,0,1.0,0.0,42,7,3
36,0,0.7424657534246575,0.0,44,7,1
22,0,1.0,0.0,81,11,1
76,0,1.0,0.0,81,11,0
38,0,1.0,0.0,50,8,3
71,0,1.0,0.0,55,1,2
41,1,1.0,48565.0,55,1,1
37,0,1.0,0.0,60,1,2
66,0,1.0,0.0,33,1,2
64,0,0.16164383561643836,0.0,33,1,2
76,0,1.0,0.0,55,7,2
57,0,1.0,0.0,77,1,3
67,0,1.0,0.0,33,3,1
53,0,1.0,0.0,38,1,2
62,0,1.0,0.0,51,1,2
56,0,1.0,0.0,55,1,1
28,0,1.0,0.0,53,12,3
36,0,1.0,0.0,46,2,1
73,0,1.0,0.0,47,2,3
34,0,1.0,0.0,40,1,1
35,0,1.0,0.0,43,13,3
46,0,1.0,0.0,43,1,1
70,0,1.0,0.0,40,7,1
38,0,1.0,0.0,40,3,2
57,0,1.0,0.0,47,1,1
47,1,1.0,12329.0,147,4,1
77,0,1.0,0.0,77,1,1
43,0,0.16712328767123288,0.0,33,5,2
52,0,1.0,0.0,55,1,3
40,0,1.0,0.0,50,2,2
63,0,1.0,0.0,40,6,2
43,1,1.0,4452.0,40,5,2
27,0,1.0,0.0,85,6,3
41,0,1.0,0.0,55,1,2
29,0,0.6136986301369863,0.0,55,2,3
50,0,1.0,0.0,40,1,1
46,0,1.0,0.0,33,1,1
34,0,1.0,0.0,39,7,2
32,0,1.0,0.0,66,2,1
66,0,0.6958904109589041,0.0,55,2,3
45,0,1.0,0.0,40,9,2
55,0,0.8054794520547945,0.0,40,2,3
47,0,0.16164383561643836,0.0,47,1,2
34,0,1.0,0.0,74,1,1
68,0,1.0,0.0,65,1,1
34,0,1.0,0.0,47,14,2
35,2,1.0,12426.0,55,2,1
29,1,0.9835616438356164,60147.0,33,1,1
73,1,0.8547945205479452,63316.0,60,1,2
42,1,1.0,6776.0,42,7,1
43,0,1.0,0.0,40,9,1
65,0,1.0,0.0,40,16,2
28,0,0.915068493150685,0.0,53,2,1
26,0,1.0,0.0,59,10,1
41,0,1.0,0.0,60,10,1
66,0,1.0,0.0,55,6,3
44,0,0.10136986301369863,0.0,55,2,3
35,0,1.0,0.0,55,1,2
50,0,1.0,0.0,37,3,1
50,0,1.0,0.0,39,12,3
51,0,1.0,0.0,55,2,2
37,0,0.9068493150684932,0.0,55,11,1
61,0,0.0027397260273972603,0.0,42,3,1
27,0,1.0,0.0,40,2,3
39,0,1.0,0.0,52,1,2
77,0,1.0,0.0,51,2,1
69,0,1.0,0.0,44,10,3
72,0,1.0,0.0,78,3,1
67,0,0.2054794520547945,0.0,42,1,2
77,0,1.0,0.0,83,2,1
53,0,1.0,0.0,73,1,3
51,0,1.0,0.0,65,3,3
48,0,1.0,0.0,89,6,1
37,0,1.0,0.0,55,9,3
38,0,1.0,0.0,115,11,3
30,0,1.0,0.0,40,2,2
41,0,1.0,0.0,80,2,2
31,0,1.0,0.0,55,6,1
57,0,1.0,0.0,67,1,3
57,1,1.0,65000.0,68,4,1
31,0,1.0,0.0,66,2,2
32,0,1.0,0.0,55,1,3
26,2,0.8767123287671232,125000.0,55,6,1
51,1,1.0,6066.0,115,2,1
69,0,1.0,0.0,83,6,1
50,0,1.0,0.0,48,3,1
61,0,0.7013698630136986,0.0,59,12,2
42,0,0.8876712328767123,0.0,57,3,1
43,0,1.0,0.0,40,9,1
40,0,0.5671232876712329,0.0,74,11,2
41,0,1.0,0.0,47,1,3
24,1,0.7808219178082192,10000.0,51,1,3
77,0,1.0,0.0,50,1,1
48,0,1.0,0.0,68,1,3
46,0,1.0,0.0,55,6,3
26,0,0.2465753424657534,0.0,33,11,1
35,0,0.9780821917808219,0.0,64,1,1
33,0,0.9643835616438357,0.0,40,1,1
63,1,1.0,55000.0,47,21,1
53,0,0.8465753424657534,0.0,39,7,2
67,0,1.0,0.0,59,23,2
44,0,0.3424657534246575,0.0,66,1,3
36,0,1.0,0.0,44,1,1
47,0,0.4657534246575342,0.0,32,1,2
63,0,1.0,0.0,40,1,2
25,1,1.0,6292.0,66,1,1
49,1,1.0,2607.0,77,1,1
44,0,0.7205479452054795,0.0,55,2,2
46,0,1.0,0.0,44,3,2
36,0,1.0,0.0,66,1,2
42,0,0.33424657534246577,0.0,37,2,1
63,0,0.4958904109589041,0.0,66,1,1
45,0,0.915068493150685,0.0,70,1,1
48,0,0.27671232876712326,0.0,65,1,3
28,0,1.0,0.0,55,6,1
36,1,1.0,6922.0,54,1,1
56,0,1.0,0.0,55,1,1
65,0,0.26301369863013696,0.0,35,1,3
64,0,1.0,0.0,55,4,2
41,0,1.0,0.0,40,1,2
42,0,0.8383561643835616,0.0,60,6,1
52,0,1.0,0.0,40,2,3
47,0,1.0,0.0,43,1,3
41,0,1.0,0.0,90,3,3
45,0,1.0,0.0,44,2,1
70,0,1.0,0.0,62,1,2
55,0,1.0,0.0,44,2,2
38,0,1.0,0.0,54,2,2
48,0,0.3452054794520548,0.0,43,10,1
42,0,1.0,0.0,74,6,2
29,0,1.0,0.0,33,4,2
66,0,0.6383561643835617,0.0,60,13,1
29,0,0.15342465753424658,0.0,89,1,3
28,0,1.0,0.0,64,9,2
50,0,1.0,0.0,55,1,3
73,0,1.0,0.0,58,1,1
36,1,1.0,2645.0,70,10,2
20,0,1.0,0.0,21,1,1
34,0,0.536986301369863,0.0,48,6,1
38,0,0.6958904109589041,0.0,68,2,1
54,0,1.0,0.0,57,1,1
66,0,0.019178082191780823,0.0,47,1,3
58,0,0.16164383561643836,0.0,40,1,1
42,0,1.0,0.0,34,5,2
35,0,1.0,0.0,58,1,1
31,0,1.0,0.0,98,11,3
57,0,1.0,0.0,37,3,2
52,0,1.0,0.0,33,1,3
42,0,0.7753424657534247,0.0,51,2,1
39,0,1.0,0.0,63,1,1
42,0,1.0,0.0,40,2,1
48,0,0.2328767123287671,0.0,44,7,1
37,1,0.4958904109589041,7898.0,55,3,1
57,0,1.0,0.0,55,6,2
34,0,1.0,0.0,39,7,1
31,0,1.0,0.0,66,1,1
50,0,1.0,0.0,44,1,3
34,0,0.9287671232876712,0.0,138,1,3
32,0,1.0,0.0,51,5,3
47,0,0.547945205479452,0.0,66,1,3
26,0,1.0,0.0,42,1,1
36,0,1.0,0.0,66,3,2
49,0,1.0,0.0,55,1,2
38,0,1.0,0.0,85,3,3
38,0,1.0,0.0,47,6,2
41,0,1.0,0.0,66,1,2
40,0,1.0,0.0,77,5,1
36,0,1.0,0.0,55,6,2
30,2,1.0,13844.0,40,1,3
24,0,0.043835616438356165,0.0,60,10,3
38,0,0.3452054794520548,0.0,44,11,1
39,0,1.0,0.0,75,16,2
52,0,1.0,0.0,66,1,3
36,0,1.0,0.0,66,1,1
30,1,1.0,57540.0,83,2,1
43,0,1.0,0.0,59,10,1
73,1,1.0,49517.0,54,3,1
36,1,1.0,60147.0,66,2,1
43,0,1.0,0.0,40,5,2
25,2,0.6191780821917808,73325.0,33,2,1
42,1,1.0,13100.0,77,1,3
47,1,0.9753424657534246,2607.0,66,3,3
56,0,1.0,0.0,46,2,1
23,0,1.0,0.0,60,1,2
26,1,0.7808219178082192,3054.0,66,2,3
52,2,1.0,13178.0,55,2,2
50,0,1.0,0.0,66,10,1
45,0,1.0,0.0,29,10,3
52,0,1.0,0.0,42,2,2
63,2,1.0,141447.0,50,6,2
49,0,0.2465753424657534,0.0,67,10,1
26,0,1.0,0.0,66,1,1
23,1,1.0,3328.0,50,4,1
45,1,1.0,5408.0,50,2,1
42,0,1.0,0.0,63,6,2
31,1,0.2958904109589041,18150.0,94,1,2
57,0,1.0,0.0,54,5,3
57,0,1.0,0.0,51,2,1
66,0,1.0,0.0,55,9,1
37,0,1.0,0.0,40,3,3
26,0,1.0,0.0,85,1,3
21,0,1.0,0.0,66,2,3
49,0,1.0,0.0,51,1,1
22,0,1.0,0.0,75,3,1
68,1,1.0,22285.0,53,4,2
48,0,0.049315068493150684,0.0,32,2,2
41,1,1.0,1368566.0,37,1,3
34,0,0.7698630136986301,0.0,40,3,2
74,1,1.0,4983.0,100,5,2
26,1,0.7479452054794521,32115.0,42,2,1
49,0,1.0,0.0,44,2,3
30,0,0.5041095890410959,0.0,43,9,3
36,0,1.0,0.0,60,1,1
71,0,1.0,0.0,55,1,0
40,1,0.8438356164383561,28268.0,49,1,3
53,0,0.24383561643835616,0.0,85,1,1
38,0,1.0,0.0,40,1,3
65,0,1.0,0.0,51,1,1
49,0,1.0,0.0,66,1,1
74,0,1.0,0.0,55,2,1
65,1,1.0,57540.0,55,9,2
59,0,1.0,0.0,59,2,1
74,0,0.13150684931506848,0.0,43,2,1
36,1,1.0,45000.0,25,1,2
36,1,0.9178082191780822,186653.0,62,11,1
59,1,1.0,6414.0,40,12,1
33,0,1.0,0.0,43,1,1
63,0,0.7561643835616438,0.0,55,12,1
30,0,1.0,0.0,60,9,1
62,0,1.0,0.0,44,13,1
68,0,1.0,0.0,40,8,1
35,0,1.0,0.0,55,4,1
38,0,0.043835616438356165,0.0,32,2,1
47,0,1.0,0.0,51,2,3
39,0,1.0,0.0,55,1,1
50,1,0.915068493150685,224466.0,39,1,2
32,0,1.0,0.0,55,1,3
72,0,1.0,0.0,69,2,3
33,1,1.0,6510.0,68,1,1
26,0,1.0,0.0,55,3,2
37,0,1.0,0.0,40,2,2
38,0,1.0,0.0,47,10,2
40,0,1.0,0.0,44,1,3
68,0,1.0,0.0,79,8,1
46,0,1.0,0.0,41,2,1
30,1,1.0,5850.0,100,2,1
69,1,0.6684931506849315,62736.0,55,8,2
57,0,1.0,0.0,59,1,1
71,0,1.0,0.0,48,2,1
23,0,1.0,0.0,58,2,2
74,1,1.0,5408.0,66,2,1
22,0,0.0821917808219178,0.0,66,6,1
40,0,1.0,0.0,100,12,2
47,0,1.0,0.0,43,2,3
49,1,1.0,3104.0,40,1,2
27,0,0.3506849315068493,0.0,79,2,3
45,1,1.0,19105.0,93,1,1
61,0,1.0,0.0,83,1,3
57,0,1.0,0.0,77,6,3
50,2,1.0,17495.0,33,11,3
44,0,1.0,0.0,98,1,2
42,0,1.0,0.0,72,3,3
32,0,0.8767123287671232,0.0,64,12,2
31,0,1.0,0.0,48,6,2
48,0,0.7479452054794521,0.0,55,1,2
59,0,1.0,0.0,33,6,2
40,0,1.0,0.0,54,11,1
49,0,1.0,0.0,51,12,3
46,0,0.9780821917808219,0.0,84,1,2
24,0,0.8438356164383561,0.0,66,1,1
31,0,1.0,0.0,74,2,2
65,0,1.0,0.0,52,1,3
42,1,1.0,62959.0,65,1,2
27,1,1.0,66460.0,79,8,3
69,0,1.0,0.0,65,2,3
69,0,1.0,0.0,40,11,2
47,0,1.0,0.0,66,3,3
42,0,1.0,0.0,66,10,2
75,0,1.0,0.0,39,1,3
51,0,1.0,0.0,46,5,2
55,0,1.0,0.0,75,3,1
24,0,1.0,0.0,42,1,1
25,0,1.0,0.0,33,1,1
35,0,0.08493150684931507,0.0,55,1,1
72,0,1.0,0.0,57,8,1
38,0,1.0,0.0,39,1,3
29,0,1.0,0.0,33,1,2
37,0,1.0,0.0,66,1,1
67,0,1.0,0.0,63,1,3
45,0,0.6657534246575343,0.0,61,1,1
36,0,1.0,0.0,66,7,3
33,0,1.0,0.0,43,2,2
39,0,0.5808219178082191,0.0,94,1,3
60,0,1.0,0.0,43,1,3
48,0,1.0,0.0,65,7,3
42,0,0.5260273972602739,0.0,43,6,3
52,0,1.0,0.0,55,1,1
35,0,1.0,0.0,62,7,2
32,0,0.5589041095890411,0.0,66,2,1
30,0,0.5534246575342465,0.0,40,5,1
41,0,1.0,0.0,110,1,3
41,0,1.0,0.0,66,1,1
43,0,1.0,0.0,47,12,2
48,0,0.5041095890410959,0.0,25,3,3
65,0,0.07397260273972603,0.0,42,13,2
74,0,1.0,0.0,44,6,1
66,0,0.5123287671232877,0.0,32,4,1
48,0,1.0,0.0,55,10,3
36,0,0.7479452054794521,0.0,65,1,1
56,0,1.0,0.0,40,3,2
49,1,1.0,7441.0,65,17,3
77,0,1.0,0.0,110,1,2
57,0,1.0,0.0,81,3,3
45,1,1.0,80000.0,55,6,2
42,0,1.0,0.0,75,12,1
26,0,1.0,0.0,66,1,2
56,0,1.0,0.0,47,11,2
58,0,0.1589041095890411,0.0,85,1,3
61,0,1.0,0.0,55,1,2
46,0,1.0,0.0,65,1,3
31,1,1.0,4478.0,65,1,3
49,0,0.5342465753424658,0.0,47,1,2
31,0,1.0,0.0,33,14,1
21,0,0.9095890410958904,0.0,108,6,2
60,0,0.2876712328767123,0.0,51,2,1
27,0,1.0,0.0,31,5,1
41,0,0.5534246575342465,0.0,89,1,3
69,0,1.0,0.0,66,1,3
51,0,1.0,0.0,33,2,2
68,0,1.0,0.0,82,1,1
32,0,1.0,0.0,44,12,3
30,0,0.7616438356164383,0.0,48,3,1
67,0,1.0,0.0,76,1,2
24,0,1.0,0.0,59,3,3
28,0,0.07945205479452055,0.0,56,7,3
51,0,1.0,0.0,83,1,2
75,0,1.0,0.0,40,3,1
68,0,1.0,0.0,50,11,3
42,0,1.0,0.0,83,1,1
47,0,0.5095890410958904,0.0,37,8,2
70,0,1.0,0.0,43,2,1
62,0,1.0,0.0,45,7,1
61,0,1.0,0.0,50,2,1
38,0,0.6657534246575343,0.0,70,11,1
30,0,1.0,0.0,47,1,3
65,0,1.0,0.0,33,2,3
36,0,0.06027397260273973,0.0,44,1,1
43,0,1.0,0.0,85,1,1
67,0,1.0,0.0,52,11,3
71,0,1.0,0.0,83,1,2
32,0,1.0,0.0,40,7,2
71,1,1.0,63087.0,33,1,3
75,0,1.0,0.0,75,1,1
36,0,1.0,0.0,54,1,2
28,0,1.0,0.0,44,11,1
30,0,1.0,0.0,55,3,2
42,0,1.0,0.0,66,2,3
42,0,1.0,0.0,55,2,2
59,0,1.0,0.0,40,10,3
33,0,0.030136986301369864,0.0,44,1,2
50,0,1.0,0.0,54,1,2
28,0,1.0,0.0,51,12,1
25,0,0.3150684931506849,0.0,51,1,1
74,0,1.0,0.0,101,8,2
21,0,1.0,0.0,47,1,1
44,0,1.0,0.0,50,1,2
57,0,1.0,0.0,53,12,1
30,0,1.0,0.0,39,12,1
66,0,1.0,0.0,43,1,1
23,0,1.0,0.0,49,6,1
36,0,1.0,0.0,43,3,2
43,0,1.0,0.0,42,12,3
56,0,1.0,0.0,58,2,3
46,0,1.0,0.0,51,2,3
71,0,1.0,0.0,95,1,2
42,0,1.0,0.0,63,6,1
32,0,1.0,0.0,47,2,1
67,0,1.0,0.0,81,10,1
61,1,1.0,2723.0,65,6,1
37,0,1.0,0.0,110,2,2
67,0,0.852054794520548,0.0,51,2,3
26,0,0.9726027397260274,0.0,102,1,2
51,0,0.4986301369863014,0.0,43,1,1
72,0,1.0,0.0,40,1,3
86,0,1.0,0.0,49,12,1
34,0,0.9041095890410958,0.0,42,1,3
37,0,1.0,0.0,40,2,1
33,0,1.0,0.0,40,5,1
24,0,0.8493150684931506,0.0,55,12,1
37,0,1.0,0.0,40,12,2
45,0,0.8958904109589041,0.0,40,6,1
58,0,1.0,0.0,64,6,3
31,0,1.0,0.0,52,12,1
49,0,1.0,0.0,55,2,3
50,0,0.4821917808219178,0.0,36,4,3
50,0,1.0,0.0,70,2,2
43,1,1.0,31744.0,110,1,2
48,0,1.0,0.0,64,1,2
50,0,0.019178082191780823,0.0,34,2,2
32,1,0.8273972602739726,26177.0,43,2,3
31,0,1.0,0.0,40,3,3
34,0,0.5013698630136987,0.0,65,5,3
35,0,1.0,0.0,55,8,1
49,0,1.0,0.0,33,2,3
61,1,1.0,14158.0,55,2,2
62,0,1.0,0.0,43,10,1
27,0,1.0,0.0,53,1,2
71,0,1.0,0.0,65,2,1
55,1,1.0,3842.0,55,3,1
36,0,0.021917808219178082,0.0,47,2,3
34,0,1.0,0.0,73,6,1
64,0,1.0,0.0,55,1,3
37,0,0.5178082191780822,0.0,51,1,1
63,0,1.0,0.0,44,6,3
67,0,1.0,0.0,96,2,1
71,0,1.0,0.0,44,9,3
77,0,1.0,0.0,47,1,2
47,0,0.6,0.0,44,18,2
42,0,1.0,0.0,56,1,3
49,0,0.11506849315068493,0.0,47,2,2
28,0,1.0,0.0,55,1,1
61,0,1.0,0.0,84,2,1
31,0,1.0,0.0,74,11,2
35,0,1.0,0.0,45,4,3
30,0,1.0,0.0,65,2,2
41,0,0.3287671232876712,0.0,65,1,3
48,0,1.0,0.0,73,1,3
43,0,0.6383561643835617,0.0,84,2,3
67,1,0.5808219178082191,57540.0,69,2,1
58,0,0.29315068493150687,0.0,85,8,3
29,0,1.0,0.0,70,2,3
63,0,1.0,0.0,52,1,0
40,0,1.0,0.0,55,2,2
42,0,1.0,0.0,33,8,1
48,0,1.0,0.0,66,12,1
42,0,1.0,0.0,50,7,3
56,1,1.0,6066.0,47,6,3
43,0,1.0,0.0,50,10,1
28,0,0.915068493150685,0.0,33,4,3
61,0,1.0,0.0,60,1,1
62,0,1.0,0.0,66,3,1
57,1,1.0,57540.0,55,3,1
49,0,1.0,0.0,47,7,3
77,1,1.0,11950.0,69,1,1
36,0,1.0,0.0,82,6,3
48,0,1.0,0.0,63,8,1
41,0,1.0,0.0,34,2,3
59,0,1.0,0.0,43,11,2
60,0,1.0,0.0,110,7,2
65,0,1.0,0.0,57,6,2
53,0,0.3178082191780822,0.0,33,2,3
26,0,0.9452054794520548,0.0,44,2,3
41,0,1.0,0.0,40,1,3
66,0,1.0,0.0,66,1,1
51,0,1.0,0.0,50,1,1
59,0,0.589041095890411,0.0,43,1,3
70,0,1.0,0.0,66,11,3
35,0,0.04657534246575343,0.0,51,1,2
68,0,1.0,0.0,48,2,1
56,0,1.0,0.0,81,1,1
67,0,1.0,0.0,39,1,3
68,0,1.0,0.0,47,1,2
68,0,0.4986301369863014,0.0,39,1,1
50,0,1.0,0.0,40,1,1
31,0,1.0,0.0,65,3,1
52,0,1.0,0.0,55,1,2
41,1,1.0,39200.0,48,11,1
39,0,1.0,0.0,51,1,2
48,0,1.0,0.0,57,1,2
35,0,1.0,0.0,33,1,2
72,1,1.0,48217.0,33,5,1
34,0,1.0,0.0,55,1,2
53,0,1.0,0.0,90,2,3
28,0,1.0,0.0,54,1,1
46,0,1.0,0.0,37,3,3
75,0,1.0,0.0,47,1,3
53,0,1.0,0.0,43,15,3
67,0,1.0,0.0,55,1,3
72,0,1.0,0.0,47,12,1
59,0,1.0,0.0,55,11,2
28,0,0.8904109589041096,0.0,54,1,0
35,1,1.0,60000.0,39,5,3
36,0,1.0,0.0,66,5,1
36,0,1.0,0.0,66,1,3
27,0,0.4246575342465753,0.0,80,1,2
40,0,1.0,0.0,47,1,1
47,0,1.0,0.0,68,1,3
28,0,1.0,0.0,55,11,2
52,0,1.0,0.0,44,2,1
25,1,1.0,240.0,53,2,2
67,0,1.0,0.0,55,2,2
47,0,0.1863013698630137,0.0,100,1,3
29,1,1.0,8673.0,85,5,3
64,0,1.0,0.0,85,1,2
55,0,0.06301369863013699,0.0,90,4,2
40,0,1.0,0.0,40,12,1
41,0,1.0,0.0,55,10,1
71,0,1.0,0.0,41,2,2
42,0,1.0,0.0,66,5,1
22,0,1.0,0.0,60,1,2
46,1,1.0,25166.0,50,8,1
38,0,1.0,0.0,43,1,3
31,1,1.0,5822.0,55,1,3
42,1,1.0,5082.0,50,7,1
44,1,1.0,241792.0,40,2,2
64,0,1.0,0.0,55,6,2
44,0,1.0,0.0,51,2,1
36,0,0.989041095890411,0.0,55,1,2
42,0,0.23835616438356164,0.0,44,1,2
45,0,1.0,0.0,44,10,3
39,0,1.0,0.0,44,3,2
46,0,1.0,0.0,55,4,1
44,0,0.7643835616438356,0.0,66,1,2
80,0,1.0,0.0,50,6,3
26,1,1.0,39226.0,108,1,3
51,0,1.0,0.0,33,1,3
29,0,0.8301369863013699,0.0,66,3,1
61,0,0.4136986301369863,0.0,33,3,2
57,0,1.0,0.0,40,1,1
48,0,0.410958904109589,0.0,40,12,1
39,0,1.0,0.0,53,1,1
57,0,1.0,0.0,43,1,1
54,0,1.0,0.0,54,1,2
42,0,1.0,0.0,68,2,1
27,0,1.0,0.0,47,1,1
67,0,0.2356164383561644,0.0,33,1,3
68,0,1.0,0.0,65,6,1
51,0,1.0,0.0,82,2,2
27,0,1.0,0.0,55,2,1
24,0,1.0,0.0,145,6,2
38,0,0.11232876712328767,0.0,55,5,2
74,0,1.0,0.0,53,2,3
22,0,1.0,0.0,49,1,1
60,0,1.0,0.0,33,1,1
37,0,1.0,0.0,47,1,1
43,0,1.0,0.0,141,1,1
57,0,1.0,0.0,44,12,1
59,0,0.8493150684931506,0.0,66,1,2
74,0,1.0,0.0,55,7,2
51,0,0.9753424657534246,0.0,40,1,1
32,0,1.0,0.0,33,2,2
47,0,1.0,0.0,47,2,3
54,0,1.0,0.0,40,6,3
30,0,1.0,0.0,79,6,2
33,0,1.0,0.0,55,1,1
36,0,0.3863013698630137,0.0,98,2,2
33,0,1.0,0.0,48,8,2
56,0,1.0,0.0,85,6,1
38,0,1.0,0.0,55,6,1
66,0,0.0027397260273972603,0.0,40,10,1
66,0,1.0,0.0,40,11,2
49,1,1.0,5770.0,74,5,1
69,0,1.0,0.0,37,11,2
47,1,1.0,121902.0,55,2,1
53,0,1.0,0.0,40,2,3
53,0,0.3287671232876712,0.0,66,10,1
55,1,1.0,10000.0,55,8,3
30,0,1.0,0.0,48,5,2
34,0,1.0,0.0,70,2,1
57,0,0.03561643835616438,0.0,57,2,3
83,1,1.0,5850.0,76,1,1
47,0,1.0,0.0,40,1,2
50,0,0.4410958904109589,0.0,43,1,3
30,0,1.0,0.0,49,5,1
69,0,1.0,0.0,60,5,3
38,0,0.3287671232876712,0.0,47,12,1
83,0,1.0,0.0,65,12,1
45,0,0.8904109589041096,0.0,66,1,3
41,0,1.0,0.0,50,7,3
65,0,0.6219178082191781,0.0,40,1,1
58,0,1.0,0.0,85,14,3
43,0,1.0,0.0,77,6,1
47,0,1.0,0.0,40,12,1
29,2,1.0,62754.0,38,10,1
47,0,1.0,0.0,101,1,2
22,0,1.0,0.0,39,2,2
44,0,1.0,0.0,66,13,3
61,0,1.0,0.0,66,2,2
24,0,1.0,0.0,73,1,3
50,0,1.0,0.0,66,10,2
56,0,1.0,0.0,55,15,2
45,0,0.1780821917808219,0.0,66,1,1
62,0,1.0,0.0,56,7,2
37,0,0.9287671232876712,0.0,44,1,1
59,0,0.810958904109589,0.0,47,1,1
78,0,1.0,0.0,43,7,1
44,0,1.0,0.0,55,1,2
44,0,1.0,0.0,59,6,2
45,1,1.0,8378.0,43,1,1
36,0,1.0,0.0,33,1,1
47,0,1.0,0.0,51,3,3
36,0,0.9123287671232877,0.0,27,1,1
72,1,1.0,5324.0,44,1,1
55,0,1.0,0.0,40,1,2
44,0,0.5178082191780822,0.0,50,2,1
73,0,1.0,0.0,66,1,1
55,0,1.0,0.0,96,1,3
44,0,1.0,0.0,55,2,1
52,0,1.0,0.0,66,4,1
34,0,1.0,0.0,64,2,2
30,0,0.8328767123287671,0.0,77,1,2
75,0,1.0,0.0,51,2,2
46,0,1.0,0.0,66,1,1
78,0,1.0,0.0,44,1,1
59,0,1.0,0.0,55,5,1
28,0,0.9205479452054794,0.0,52,7,3
63,0,1.0,0.0,43,1,2
37,0,1.0,0.0,40,3,2
39,0,1.0,0.0,33,11,2
55,0,1.0,0.0,32,11,2
65,0,1.0,0.0,70,5,1
47,0,0.23013698630136986,0.0,44,2,3
72,0,1.0,0.0,34,6,1
38,0,1.0,0.0,47,1,2
57,0,1.0,0.0,50,12,2
48,0,1.0,0.0,65,1,1
35,0,1.0,0.0,65,3,2
39,0,1.0,0.0,59,2,3
28,0,1.0,0.0,40,12,1
69,0,1.0,0.0,58,1,2
65,0,0.3863013698630137,0.0,27,2,1
61,0,1.0,0.0,55,13,1
49,0,1.0,0.0,66,9,3
35,1,1.0,48400.0,44,2,3
31,0,1.0,0.0,37,2,3
47,0,1.0,0.0,63,1,3
41,0,0.5041095890410959,0.0,45,3,0
75,1,1.0,6922.0,55,8,2
31,0,1.0,0.0,47,6,2
53,0,1.0,0.0,51,8,1
60,1,1.0,5396.0,40,1,2
35,0,1.0,0.0,51,2,2
63,0,1.0,0.0,66,1,2
54,0,0.08493150684931507,0.0,54,5,2
57,0,1.0,0.0,55,1,3
43,0,0.6821917808219178,0.0,33,7,3
71,0,1.0,0.0,55,1,3
42,0,0.4958904109589041,0.0,81,1,1
42,0,1.0,0.0,25,1,2
32,0,1.0,0.0,55,5,3
29,0,1.0,0.0,74,5,1
37,0,1.0,0.0,43,6,2
76,1,1.0,57540.0,47,12,1
62,0,1.0,0.0,77,1,2
43,0,1.0,0.0,50,3,3
25,0,1.0,0.0,33,4,3
64,0,1.0,0.0,98,1,2
81,0,0.29315068493150687,0.0,33,1,2
39,1,1.0,57840.0,44,1,3
70,0,1.0,0.0,66,1,1
33,0,0.08493150684931507,0.0,51,1,1
57,0,0.9808219178082191,0.0,51,11,1
28,0,1.0,0.0,44,1,2
73,0,1.0,0.0,62,7,3
25,0,1.0,0.0,51,5,2
55,0,1.0,0.0,63,1,1
34,0,0.8273972602739726,0.0,52,2,3
52,0,0.0958904109589041,0.0,50,1,1
30,0,1.0,0.0,80,1,1
51,0,1.0,0.0,36,3,1
52,0,1.0,0.0,65,1,2
34,0,1.0,0.0,55,1,3
47,0,1.0,0.0,79,12,3
47,1,1.0,2876.0,43,10,3
29,0,1.0,0.0,55,1,2
41,0,1.0,0.0,33,3,2
45,0,1.0,0.0,68,5,3
36,0,0.7863013698630137,0.0,55,1,3
36,0,0.16986301369863013,0.0,90,1,1
62,0,0.8575342465753425,0.0,42,3,1
51,0,1.0,0.0,47,1,2
42,0,1.0,0.0,81,3,1
50,0,1.0,0.0,55,3,1
36,0,1.0,0.0,55,1,2
36,0,1.0,0.0,50,2,1
52,1,1.0,3019.0,47,3,1
61,0,1.0,0.0,48,1,3
71,0,1.0,0.0,40,12,1
43,0,1.0,0.0,54,8,1
43,0,1.0,0.0,90,1,1
38,0,1.0,0.0,47,1,1
35,0,1.0,0.0,90,9,1
42,0,1.0,0.0,80,1,1
51,0,1.0,0.0,33,1,2
73,0,1.0,0.0,43,8,1
29,2,1.0,64074.0,40,1,1
35,1,1.0,2607.0,44,1,3
24,0,1.0,0.0,44,15,1
63,0,1.0,0.0,33,2,3
26,0,1.0,0.0,93,7,2
32,0,0.5726027397260274,0.0,74,1,1
34,0,1.0,0.0,100,1,2
32,0,1.0,0.0,65,1,1
71,0,0.3452054794520548,0.0,65,1,3
60,0,1.0,0.0,83,6,3
31,0,1.0,0.0,55,2,2
54,0,0.08493150684931507,0.0,34,1,1
63,0,1.0,0.0,50,2,1
49,0,0.8328767123287671,0.0,69,1,1
41,0,1.0,0.0,53,5,1
36,0,0.4,0.0,42,1,2
45,0,1.0,0.0,48,1,2
22,0,0.07671232876712329,0.0,55,1,1
31,0,1.0,0.0,51,11,2
21,0,0.7315068493150685,0.0,44,2,3
62,0,1.0,0.0,55,1,1
23,0,1.0,0.0,29,1,2
26,0,1.0,0.0,103,1,3
57,0,1.0,0.0,85,1,1
42,0,0.16164383561643836,0.0,65,2,1
65,0,1.0,0.0,66,8,1
56,0,0.25205479452054796,0.0,55,5,2
55,0,1.0,0.0,55,6,2
34,1,1.0,2704.0,66,7,2
72,0,1.0,0.0,55,2,1
46,0,1.0,0.0,53,1,3
48,0,1.0,0.0,104,7,3
34,0,0.057534246575342465,0.0,57,1,1
26,1,0.4246575342465753,485000.0,74,1,1
30,0,1.0,0.0,50,1,2
45,0,1.0,0.0,42,2,2
59,0,0.8328767123287671,0.0,36,1,2
74,0,1.0,0.0,40,1,1
33,0,0.12054794520547946,0.0,64,7,2
51,0,1.0,0.0,80,1,3
54,0,0.5041095890410959,0.0,55,8,1
44,0,1.0,0.0,108,12,1
43,0,1.0,0.0,85,10,3
62,0,0.9643835616438357,0.0,44,10,1
69,0,1.0,0.0,25,12,1
32,0,1.0,0.0,43,2,3
48,0,0.18904109589041096,0.0,65,1,1
42,0,1.0,0.0,43,1,1
62,0,1.0,0.0,53,7,2
47,0,1.0,0.0,75,12,3
53,0,1.0,0.0,77,6,1
27,0,1.0,0.0,51,2,2
26,0,1.0,0.0,88,1,2
39,0,1.0,0.0,55,2,1
70,0,1.0,0.0,76,12,1
41,1,1.0,3405.0,100,1,3
29,0,1.0,0.0,42,1,1
49,0,1.0,0.0,65,1,1
34,0,1.0,0.0,51,11,2
41,0,0.1726027397260274,0.0,40,2,3
55,0,1.0,0.0,40,7,1
24,0,1.0,0.0,47,2,3
48,0,0.6657534246575343,0.0,50,12,2
30,1,1.0,6870.0,64,2,2
57,1,1.0,39560.0,44,1,2
58,0,1.0,0.0,58,4,2
40,0,1.0,0.0,47,1,1
18,0,0.0958904109589041,0.0,68,5,2
50,0,1.0,0.0,48,1,3
58,0,1.0,0.0,47,2,2
46,0,1.0,0.0,55,3,1
53,0,1.0,0.0,110,1,2
51,0,1.0,0.0,90,2,1
29,0,1.0,0.0,40,3,3
77,0,1.0,0.0,40,8,3
46,0,1.0,0.0,44,1,1
30,0,1.0,0.0,65,12,3
36,0,0.3726027397260274,0.0,66,1,1
62,0,1.0,0.0,46,2,2
56,0,1.0,0.0,55,5,1
25,0,1.0,0.0,74,2,3
25,0,1.0,0.0,53,5,1
40,0,1.0,0.0,64,12,1
66,1,1.0,2747.0,49,1,3
38,0,1.0,0.0,55,1,1
70,1,1.0,28188.0,42,11,1
61,0,1.0,0.0,48,1,1
45,0,1.0,0.0,44,11,2
27,1,1.0,9140.0,44,5,2
73,0,1.0,0.0,70,1,1
32,0,1.0,0.0,103,6,3
67,0,1.0,0.0,90,6,3
34,0,1.0,0.0,43,2,2
26,0,1.0,0.0,52,1,1
44,0,1.0,0.0,43,1,2
42,0,0.3726027397260274,0.0,53,1,3
83,0,1.0,0.0,29,2,2
57,0,1.0,0.0,34,1,1
61,0,0.8191780821917808,0.0,66,1,3
57,0,1.0,0.0,41,1,2
52,0,1.0,0.0,115,12,1
46,0,1.0,0.0,40,6,1
71,0,1.0,0.0,40,1,1
44,0,1.0,0.0,39,1,1
53,0,1.0,0.0,44,3,1
28,0,1.0,0.0,37,2,1
66,0,1.0,0.0,59,11,1
22,0,0.5342465753424658,0.0,43,10,1
43,0,1.0,0.0,54,2,3
37,0,0.7616438356164383,0.0,33,1,1
55,0,1.0,0.0,66,1,2
23,1,0.3780821917808219,68010.0,53,1,2
53,0,1.0,0.0,64,2,1
76,0,1.0,0.0,90,1,1
30,1,1.0,2607.0,55,7,1
64,1,0.36712328767123287,5736.0,85,6,1
66,0,1.0,0.0,85,1,1
49,0,1.0,0.0,85,2,2
40,0,1.0,0.0,55,7,2
51,0,1.0,0.0,55,1,1
42,0,1.0,0.0,75,1,3
45,0,1.0,0.0,33,1,2
36,0,1.0,0.0,55,10,1
29,0,0.7479452054794521,0.0,55,7,3
36,0,1.0,0.0,50,1,1
46,1,1.0,75000.0,40,1,1
36,0,0.7671232876712328,0.0,42,13,1
47,1,1.0,29647.0,44,1,3
29,0,1.0,0.0,29,2,1
45,0,0.5726027397260274,0.0,110,9,3
69,0,1.0,0.0,66,1,1
51,0,1.0,0.0,55,2,2
47,0,1.0,0.0,48,1,2
48,0,1.0,0.0,32,6,3
53,0,1.0,0.0,29,1,1
35,0,1.0,0.0,67,1,3
42,0,1.0,0.0,33,1,3
61,0,1.0,0.0,43,13,3
50,0,1.0,0.0,95,1,2
25,1,1.0,6350.0,55,1,1
27,0,1.0,0.0,40,12,2
77,0,1.0,0.0,132,6,1
36,0,1.0,0.0,50,3,3
51,0,1.0,0.0,54,1,3
29,0,1.0,0.0,47,1,1
30,0,0.39452054794520547,0.0,55,7,1
64,0,0.08493150684931507,0.0,33,1,2
70,0,1.0,0.0,50,1,3
38,0,1.0,0.0,75,6,2
68,0,1.0,0.0,55,11,1
36,0,1.0,0.0,77,2,2
39,0,1.0,0.0,66,10,1
25,0,0.7424657534246575,0.0,48,7,1
55,0,1.0,0.0,95,5,2
46,0,1.0,0.0,66,1,1
40,0,1.0,0.0,66,6,2
61,0,1.0,0.0,40,1,3
36,0,0.9013698630136986,0.0,96,4,1
62,0,1.0,0.0,74,3,3
38,0,0.09315068493150686,0.0,43,1,1
47,1,1.0,4948.0,48,10,1
50,0,1.0,0.0,63,2,2
38,1,1.0,9680.0,65,6,2
72,0,1.0,0.0,51,1,2
27,0,1.0,0.0,47,4,1
25,1,1.0,56481.0,55,11,2
24,1,1.0,32113.0,55,10,1
27,0,1.0,0.0,101,11,1
58,0,0.08767123287671233,0.0,46,4,1
58,0,1.0,0.0,55,7,1
53,1,1.0,62864.0,66,1,2
28,1,1.0,55000.0,64,1,2
73,1,1.0,60147.0,33,1,2
67,0,1.0,0.0,43,5,1
36,0,0.12876712328767123,0.0,65,12,1
36,0,0.4958904109589041,0.0,44,2,3
50,0,1.0,0.0,54,1,2
50,0,1.0,0.0,55,5,2
52,0,0.6301369863013698,0.0,55,1,2
54,0,1.0,0.0,29,2,1
30,0,1.0,0.0,66,3,2
34,0,1.0,0.0,46,3,1
51,0,1.0,0.0,35,3,2
51,0,0.6657534246575343,0.0,57,6,3
41,1,1.0,64362.0,55,5,1
74,0,1.0,0.0,47,3,1
55,1,1.0,5723.0,41,6,3
50,0,1.0,0.0,34,3,2
71,0,1.0,0.0,66,1,2
39,0,1.0,0.0,33,10,1
41,2,0.8986301369863013,6660.0,29,8,3
43,1,1.0,6922.0,85,7,2
38,0,1.0,0.0,41,2,2
39,0,1.0,0.0,40,1,2
75,0,1.0,0.0,43,1,2
41,0,1.0,0.0,84,6,1
26,0,1.0,0.0,38,1,2
70,0,1.0,0.0,48,9,2
33,1,1.0,6935.0,41,1,3
27,0,1.0,0.0,45,6,3
33,0,1.0,0.0,85,3,3
59,0,1.0,0.0,85,13,0
40,1,1.0,5034.0,55,1,1
37,0,1.0,0.0,37,12,2
28,0,0.1643835616438356,0.0,65,7,2
23,0,1.0,0.0,66,1,2
30,0,0.7479452054794521,0.0,40,1,1
53,0,0.9972602739726028,0.0,122,1,3
53,0,1.0,0.0,37,2,2
68,0,1.0,0.0,75,6,3
22,0,1.0,0.0,110,1,3
28,1,1.0,214193.0,55,1,2
36,0,0.2684931506849315,0.0,54,1,3
42,0,1.0,0.0,54,1,1
57,0,0.29041095890410956,0.0,90,8,3
69,0,1.0,0.0,54,13,2
44,0,1.0,0.0,135,9,3
65,1,1.0,62519.0,59,1,2
55,0,1.0,0.0,83,1,3
66,1,1.0,2925.0,55,3,2
54,0,1.0,0.0,40,1,1
38,0,1.0,0.0,73,2,1
42,0,1.0,0.0,51,6,1
53,0,1.0,0.0,48,7,3
55,0,1.0,0.0,55,4,3
37,1,1.0,5784.0,44,1,2
65,0,1.0,0.0,45,2,1
32,0,1.0,0.0,40,2,3
35,0,1.0,0.0,98,11,3
67,0,1.0,0.0,65,1,1
30,0,1.0,0.0,44,2,2
49,0,1.0,0.0,100,1,3
62,1,0.726027397260274,50000.0,66,5,1
76,0,1.0,0.0,40,3,3
58,0,1.0,0.0,62,11,2
76,0,1.0,0.0,80,1,3
67,0,0.6931506849315069,0.0,47,1,2
62,0,1.0,0.0,50,12,1
44,2,1.0,117687.0,32,10,2
35,0,1.0,0.0,40,1,1
76,0,1.0,0.0,66,3,2
32,0,0.17534246575342466,0.0,65,2,2
85,0,1.0,0.0,70,1,3
44,0,1.0,0.0,48,2,2
43,0,1.0,0.0,51,5,1
48,0,1.0,0.0,40,3,3
33,0,1.0,0.0,33,6,3
51,0,1.0,0.0,47,2,2
43,0,1.0,0.0,68,2,1
46,0,1.0,0.0,66,12,1
33,1,1.0,6066.0,55,11,2
52,0,1.0,0.0,66,9,3
66,0,1.0,0.0,48,6,2
66,0,0.5178082191780822,0.0,98,12,1
49,0,1.0,0.0,51,2,2
62,0,1.0,0.0,85,7,3
58,0,1.0,0.0,51,1,1
33,1,1.0,62930.0,55,1,1
39,0,0.0821917808219178,0.0,44,2,1
52,0,1.0,0.0,55,5,2
36,0,1.0,0.0,55,1,1
49,0,1.0,0.0,32,2,1
43,0,0.2465753424657534,0.0,25,10,2
41,0,1.0,0.0,43,11,1
38,1,1.0,61635.0,52,7,3
31,0,0.07945205479452055,0.0,47,6,2
63,0,1.0,0.0,51,1,2
27,0,1.0,0.0,66,11,3
42,0,1.0,0.0,26,1,3
33,0,1.0,0.0,95,13,1
35,1,0.6657534246575343,5324.0,51,2,3
37,0,1.0,0.0,55,12,2
63,0,1.0,0.0,66,7,1
73,0,1.0,0.0,66,2,3
40,0,1.0,0.0,60,2,3
68,0,1.0,0.0,55,8,3
61,0,1.0,0.0,37,5,1
56,0,0.736986301369863,0.0,66,2,1
35,0,0.16164383561643836,0.0,66,11,3
55,0,1.0,0.0,60,2,3
39,0,0.6821917808219178,0.0,60,9,3
53,0,1.0,0.0,33,3,2
46,0,1.0,0.0,43,8,3
54,0,1.0,0.0,51,2,2
32,0,1.0,0.0,44,7,1
60,0,0.0027397260273972603,0.0,59,1,2
60,0,1.0,0.0,40,8,3
61,0,1.0,0.0,33,6,2
37,0,0.6082191780821918,0.0,40,9,3
29,0,0.7479452054794521,0.0,31,10,0
37,0,1.0,0.0,43,2,1
38,1,1.0,55000.0,90,1,1
34,0,0.03561643835616438,0.0,33,10,3
30,1,0.7315068493150685,2644.0,75,4,3
35,0,1.0,0.0,59,2,1
49,0,1.0,0.0,55,6,3
41,0,1.0,0.0,50,4,3
60,0,1.0,0.0,37,2,3
20,0,1.0,0.0,47,1,3
56,0,1.0,0.0,66,5,2
42,1,1.0,105000.0,59,1,3
63,0,1.0,0.0,74,6,2
34,0,1.0,0.0,52,1,3
54,0,1.0,0.0,40,1,1
34,0,1.0,0.0,33,1,2
49,2,0.8328767123287671,115080.0,29,1,1
69,0,1.0,0.0,44,13,3
76,0,1.0,0.0,40,10,2
32,0,1.0,0.0,55,1,3
67,0,1.0,0.0,44,1,1
61,0,1.0,0.0,55,1,1
29,0,1.0,0.0,55,5,3
55,0,0.5808219178082191,0.0,70,1,1
38,0,0.9726027397260274,0.0,44,1,1
73,0,1.0,0.0,81,3,3
48,0,1.0,0.0,44,15,1
40,0,1.0,0.0,64,1,3
65,0,1.0,0.0,62,1,1
29,0,0.5068493150684932,0.0,40,10,3
67,0,1.0,0.0,65,4,2
49,4,0.6575342465753424,336355.0,60,1,2
40,0,0.2465753424657534,0.0,101,2,1
45,0,1.0,0.0,51,1,3
33,0,1.0,0.0,55,1,1
32,0,0.3041095890410959,0.0,33,1,2
53,0,1.0,0.0,55,7,3
30,0,0.6904109589041096,0.0,85,1,1
46,0,1.0,0.0,45,3,2
33,1,1.0,2856.0,33,12,2
29,0,1.0,0.0,66,12,2
36,0,1.0,0.0,55,2,1
72,0,1.0,0.0,66,2,2
27,0,1.0,0.0,66,2,2
35,0,1.0,0.0,84,1,3
53,0,1.0,0.0,68,5,1
51,0,1.0,0.0,102,12,1
47,0,1.0,0.0,39,1,1
29,1,0.4986301369863014,685000.0,74,11,3
32,0,1.0,0.0,69,1,2
61,0,1.0,0.0,67,4,1
34,0,1.0,0.0,59,1,3
38,0,1.0,0.0,47,1,3
64,0,1.0,0.0,66,2,3
43,0,0.16164383561643836,0.0,40,1,3
37,0,1.0,0.0,96,3,3
39,0,0.33424657534246577,0.0,50,2,3
31,0,0.8575342465753425,0.0,75,1,1
46,1,1.0,2607.0,40,1,2
57,0,1.0,0.0,66,12,3
47,0,0.915068493150685,0.0,55,1,3
45,0,1.0,0.0,29,3,2
29,0,1.0,0.0,50,4,1
45,0,1.0,0.0,85,12,1
48,0,1.0,0.0,43,2,1
65,0,1.0,0.0,85,1,2
40,0,1.0,0.0,61,6,2
54,0,1.0,0.0,63,12,3
70,0,1.0,0.0,55,3,1
28,1,0.5287671232876713,4452.0,70,6,1
54,0,1.0,0.0,55,9,2
41,0,1.0,0.0,34,1,2
49,0,1.0,0.0,59,15,1
45,0,0.6328767123287671,0.0,47,12,2
41,0,0.18082191780821918,0.0,66,2,2
45,0,1.0,0.0,29,1,1
45,0,1.0,0.0,66,2,1
44,0,1.0,0.0,48,6,1
43,0,1.0,0.0,74,3,1
39,0,0.947945205479452,0.0,104,11,1
41,0,0.11506849315068493,0.0,33,2,1
25,0,1.0,0.0,55,1,1
39,1,1.0,57540.0,51,1,2
65,0,1.0,0.0,48,1,2
39,0,0.8164383561643835,0.0,98,15,3
51,0,1.0,0.0,87,1,3
22,0,1.0,0.0,33,1,2
27,0,1.0,0.0,42,1,3
39,0,1.0,0.0,95,1,2
71,0,1.0,0.0,65,2,1
20,0,1.0,0.0,44,1,1
35,0,1.0,0.0,55,7,3
58,0,1.0,0.0,55,6,1
58,0,1.0,0.0,54,1,1
83,0,1.0,0.0,62,2,1
23,0,1.0,0.0,57,1,1
29,0,1.0,0.0,40,1,2
34,1,0.9260273972602739,121700.0,55,2,2
56,0,1.0,0.0,38,7,3
55,1,1.0,27811.0,33,10,1
71,0,1.0,0.0,53,2,1
64,0,1.0,0.0,55,1,1
40,0,1.0,0.0,40,9,3
37,0,0.9287671232876712,0.0,44,1,1
50,0,1.0,0.0,55,11,3
33,0,0.6657534246575343,0.0,42,1,2
35,0,1.0,0.0,95,1,3
37,1,1.0,18627.0,53,1,1
28,0,1.0,0.0,66,1,3
22,0,1.0,0.0,40,6,3
40,0,1.0,0.0,36,1,2
29,0,1.0,0.0,55,4,2
66,0,1.0,0.0,55,1,1
72,0,1.0,0.0,39,2,2
31,0,1.0,0.0,65,3,1
51,1,1.0,55000.0,85,1,1
40,0,0.27671232876712326,0.0,74,10,3
26,0,0.9780821917808219,0.0,55,2,3
30,0,1.0,0.0,65,1,1
32,0,1.0,0.0,49,1,2
43,0,1.0,0.0,60,10,1
45,0,0.5315068493150685,0.0,55,1,1
37,0,1.0,0.0,50,2,2
43,1,1.0,5178.0,81,1,2
53,0,1.0,0.0,55,8,1
31,0,0.8301369863013699,0.0,50,5,2
47,0,0.18904109589041096,0.0,60,1,3
60,0,0.038356164383561646,0.0,44,1,3
34,0,1.0,0.0,40,9,1
54,0,1.0,0.0,57,1,1
69,0,1.0,0.0,55,12,2
44,0,1.0,0.0,60,14,1
28,0,1.0,0.0,45,10,3
38,0,1.0,0.0,51,5,1
39,0,1.0,0.0,47,11,3
57,0,1.0,0.0,66,1,1
55,0,0.07671232876712329,0.0,75,2,1
31,0,1.0,0.0,55,2,1
63,0,0.5041095890410959,0.0,110,1,1
32,0,0.1780821917808219,0.0,39,5,2
41,0,1.0,0.0,66,1,2
53,0,1.0,0.0,98,6,1
44,0,1.0,0.0,48,1,2
59,0,1.0,0.0,30,1,1
43,0,1.0,0.0,47,1,2
20,0,1.0,0.0,40,11,1
61,0,1.0,0.0,65,1,2
39,0,1.0,0.0,64,2,2
42,0,1.0,0.0,47,1,3
65,0,1.0,0.0,77,5,3
24,0,0.5808219178082191,0.0,55,1,3
47,1,1.0,6066.0,37,10,2
43,0,0.5835616438356165,0.0,66,1,1
49,0,1.0,0.0,55,5,2
32,0,0.6657534246575343,0.0,66,6,2
38,0,0.06301369863013699,0.0,40,4,3
68,0,1.0,0.0,44,9,3
54,0,1.0,0.0,43,5,1
52,0,1.0,0.0,50,8,2
72,0,0.8547945205479452,0.0,105,2,1
37,0,0.7726027397260274,0.0,40,9,3
46,0,1.0,0.0,40,6,1
70,0,1.0,0.0,40,1,1
44,1,1.0,5214.0,32,2,3
54,0,1.0,0.0,51,10,1
46,0,1.0,0.0,51,1,3
46,0,1.0,0.0,78,1,3
44,0,1.0,0.0,55,2,1
30,0,1.0,0.0,40,1,1
47,0,1.0,0.0,55,2,1
35,1,1.0,57540.0,66,5,1
69,0,0.6657534246575343,0.0,66,1,2
51,0,0.08493150684931507,0.0,60,1,3
41,0,1.0,0.0,55,2,1
58,0,1.0,0.0,55,2,2
60,0,1.0,0.0,19,1,1
26,0,0.5726027397260274,0.0,55,2,3
45,1,0.5095890410958904,3405.0,53,4,1
72,0,1.0,0.0,33,9,2
54,0,1.0,0.0,96,6,3
63,0,1.0,0.0,57,2,1
27,0,1.0,0.0,55,4,1
35,0,1.0,0.0,55,2,1
29,0,1.0,0.0,21,12,2
51,1,1.0,55000.0,66,1,3
65,0,1.0,0.0,66,2,2
42,0,1.0,0.0,44,1,3
51,0,1.0,0.0,40,5,3
46,0,1.0,0.0,52,10,1
66,0,0.2,0.0,40,1,1
51,0,1.0,0.0,44,3,3
30,0,1.0,0.0,38,2,3
51,0,1.0,0.0,77,2,1
50,0,0.3287671232876712,0.0,37,11,2
62,0,1.0,0.0,60,1,2
28,0,1.0,0.0,49,5,3
53,0,1.0,0.0,40,2,1
44,0,1.0,0.0,44,6,1
39,1,1.0,2650.0,44,2,2
38,0,1.0,0.0,60,6,3
38,0,1.0,0.0,84,6,1
64,0,1.0,0.0,52,3,2
27,0,1.0,0.0,39,1,1
76,0,1.0,0.0,60,1,3
33,0,1.0,0.0,55,1,1
49,0,1.0,0.0,55,1,1
58,0,1.0,0.0,58,6,2
45,0,1.0,0.0,44,1,3
64,0,1.0,0.0,55,6,2
38,0,0.5863013698630137,0.0,50,6,2
63,0,1.0,0.0,43,14,2
47,0,1.0,0.0,33,1,2
59,0,1.0,0.0,88,5,3
70,0,1.0,0.0,43,1,2
40,0,1.0,0.0,43,1,3
31,0,1.0,0.0,43,9,2
67,0,1.0,0.0,66,1,1
23,0,1.0,0.0,55,13,2
74,0,1.0,0.0,47,1,3
38,0,1.0,0.0,60,6,0
48,1,0.8958904109589041,430958.0,73,8,1
55,0,1.0,0.0,39,2,0
31,1,0.4191780821917808,116060.0,66,6,1
43,0,1.0,0.0,66,7,1
45,0,1.0,0.0,53,2,2
29,0,0.915068493150685,0.0,40,7,3
31,0,0.6547945205479452,0.0,99,1,1
58,0,1.0,0.0,55,6,1
70,0,1.0,0.0,57,1,2
32,0,0.8547945205479452,0.0,73,3,3
43,0,1.0,0.0,68,1,2
78,0,1.0,0.0,44,8,3
40,0,0.4054794520547945,0.0,70,12,3
62,0,0.6657534246575343,0.0,54,6,1
38,0,1.0,0.0,55,2,1
29,0,1.0,0.0,40,10,1
79,0,1.0,0.0,54,1,2
38,0,1.0,0.0,54,1,1
44,0,1.0,0.0,40,8,1
50,0,1.0,0.0,40,1,1
63,0,1.0,0.0,55,6,1
29,0,1.0,0.0,39,2,3
63,0,0.915068493150685,0.0,32,5,2
61,0,0.8191780821917808,0.0,66,5,2
45,0,0.4767123287671233,0.0,39,1,2
57,0,0.3315068493150685,0.0,42,10,2
67,0,1.0,0.0,65,1,3
55,0,1.0,0.0,40,12,1
68,0,1.0,0.0,77,1,2
44,0,1.0,0.0,48,6,2
76,0,1.0,0.0,64,12,2
50,0,1.0,0.0,65,6,1
56,0,1.0,0.0,66,5,2
68,0,0.8273972602739726,0.0,66,1,2
27,0,0.8602739726027397,0.0,55,9,3
29,0,0.09863013698630137,0.0,51,6,1
47,0,1.0,0.0,35,1,1
29,0,1.0,0.0,51,11,1
31,0,1.0,0.0,51,2,1
47,0,1.0,0.0,51,1,1
54,0,1.0,0.0,55,7,1
41,2,1.0,109360.0,40,1,3
81,0,0.3452054794520548,0.0,66,3,3
20,0,1.0,0.0,68,3,1
37,0,1.0,0.0,63,10,2
21,0,0.6191780821917808,0.0,35,8,2
71,1,1.0,2607.0,55,2,3
53,0,1.0,0.0,51,10,2
49,1,1.0,6066.0,33,1,2
83,0,1.0,0.0,60,2,2
31,0,1.0,0.0,36,1,2
55,0,1.0,0.0,51,1,3
57,0,1.0,0.0,66,1,1
48,0,1.0,0.0,37,2,2
35,0,1.0,0.0,29,10,3
66,0,1.0,0.0,40,2,1
70,0,0.410958904109589,0.0,50,2,2
27,0,1.0,0.0,66,5,2
58,1,1.0,5214.0,66,3,1
67,0,0.4876712328767123,0.0,65,1,2
27,0,1.0,0.0,66,1,3
27,0,1.0,0.0,134,10,1
64,0,1.0,0.0,54,1,3
42,0,1.0,0.0,66,1,1
74,0,1.0,0.0,55,8,2
29,0,1.0,0.0,52,7,3
47,0,1.0,0.0,53,1,2
28,0,1.0,0.0,54,1,3
41,0,1.0,0.0,60,7,2
39,0,1.0,0.0,55,1,2
27,0,1.0,0.0,105,4,1
46,0,1.0,0.0,85,9,2
61,0,1.0,0.0,76,1,3
45,0,1.0,0.0,101,1,3
63,0,0.20273972602739726,0.0,78,8,3
30,0,1.0,0.0,25,1,2
66,0,1.0,0.0,107,10,1
49,0,0.2547945205479452,0.0,42,20,3
30,1,1.0,19362.0,55,1,1
40,0,1.0,0.0,38,2,1
53,0,0.958904109589041,0.0,65,1,1
45,0,1.0,0.0,42,1,1
51,1,1.0,106223.0,44,2,1
59,0,0.6876712328767123,0.0,43,1,1
56,0,1.0,0.0,65,5,1
51,0,0.3287671232876712,0.0,66,1,2
36,0,1.0,0.0,33,15,3
25,0,0.5041095890410959,0.0,65,1,1
47,0,1.0,0.0,62,1,1
49,0,0.8602739726027397,0.0,88,6,2
68,0,1.0,0.0,44,2,3
76,0,1.0,0.0,44,6,2
25,1,1.0,6534.0,42,1,1
42,0,1.0,0.0,43,1,1
26,0,1.0,0.0,66,12,1
64,0,1.0,0.0,65,9,1
33,0,1.0,0.0,83,6,2
54,0,1.0,0.0,44,5,2
77,0,1.0,0.0,100,1,2
34,0,1.0,0.0,100,9,1
26,0,1.0,0.0,57,1,1
52,0,1.0,0.0,43,6,1
57,0,0.10410958904109589,0.0,47,3,1
45,0,1.0,0.0,66,1,2
42,0,0.6657534246575343,0.0,48,6,2
52,0,1.0,0.0,40,3,1
60,0,1.0,0.0,68,2,2
43,0,1.0,0.0,77,5,2
45,0,1.0,0.0,66,7,1
57,0,0.08493150684931507,0.0,44,1,1
58,0,1.0,0.0,34,1,1
40,0,1.0,0.0,40,11,2
51,0,1.0,0.0,52,1,1
39,0,1.0,0.0,57,1,1
71,0,1.0,0.0,55,12,3
26,0,1.0,0.0,55,9,2
44,0,0.4575342465753425,0.0,94,12,1
24,0,0.024657534246575342,0.0,23,2,1
34,0,1.0,0.0,30,1,3
67,0,1.0,0.0,40,1,1
42,0,1.0,0.0,58,12,1
45,0,1.0,0.0,34,4,1
28,0,1.0,0.0,54,1,2
75,0,1.0,0.0,66,2,3
74,0,1.0,0.0,70,8,1
59,0,1.0,0.0,43,2,2
45,0,1.0,0.0,42,1,1
56,0,1.0,0.0,40,10,3
84,0,1.0,0.0,66,1,2
59,0,1.0,0.0,40,1,2
25,1,1.0,9529.0,51,5,1
42,0,1.0,0.0,44,6,2
43,0,1.0,0.0,84,2,3
32,0,1.0,0.0,110,2,1
58,0,1.0,0.0,65,1,1
51,0,1.0,0.0,44,1,1
42,0,1.0,0.0,33,6,1
53,1,1.0,40000.0,55,12,3
30,0,1.0,0.0,38,8,1
81,1,1.0,57540.0,62,2,1
32,0,1.0,0.0,58,6,1
41,0,1.0,0.0,44,1,1
28,0,0.6821917808219178,0.0,40,1,2
70,0,1.0,0.0,76,2,2
25,0,1.0,0.0,48,12,3
75,0,1.0,0.0,66,1,1
67,0,1.0,0.0,47,3,1
47,0,0.4958904109589041,0.0,60,1,1
62,0,1.0,0.0,74,12,1
59,0,1.0,0.0,44,2,3
48,0,1.0,0.0,72,6,3
84,0,1.0,0.0,50,5,3
52,0,1.0,0.0,44,1,1
41,1,1.0,175000.0,33,10,1
41,0,0.6054794520547945,0.0,33,1,3
32,0,1.0,0.0,85,15,1
43,0,1.0,0.0,73,8,2
60,0,0.7479452054794521,0.0,53,1,1
53,0,1.0,0.0,52,1,3
41,0,0.473972602739726,0.0,66,1,1
56,2,1.0,5928.0,40,5,1
72,1,1.0,65000.0,55,12,1
61,0,1.0,0.0,55,9,2
75,0,1.0,0.0,55,1,2
36,0,1.0,0.0,66,1,2
50,0,1.0,0.0,39,2,3
54,0,1.0,0.0,51,1,2
37,0,1.0,0.0,65,6,3
47,0,0.336986301369863,0.0,55,1,3
44,0,1.0,0.0,44,1,1
55,0,0.27123287671232876,0.0,33,2,1
50,0,0.2356164383561644,0.0,107,1,3
41,0,1.0,0.0,59,11,3
53,0,1.0,0.0,103,1,2
60,0,1.0,0.0,62,1,3
41,0,1.0,0.0,40,13,3
76,0,1.0,0.0,53,6,2
47,0,0.4958904109589041,0.0,47,1,2
28,0,1.0,0.0,34,5,3
40,0,1.0,0.0,43,1,1
66,0,1.0,0.0,54,12,2
24,0,1.0,0.0,55,9,2
46,0,1.0,0.0,65,11,3
48,0,1.0,0.0,33,2,1
60,0,1.0,0.0,66,1,1
39,0,1.0,0.0,70,2,2
66,0,1.0,0.0,43,1,2
68,0,1.0,0.0,95,6,2
46,0,1.0,0.0,57,3,1
25,0,0.7561643835616438,0.0,55,1,3
68,0,1.0,0.0,40,1,1
56,0,1.0,0.0,44,1,1
61,0,0.0684931506849315,0.0,85,3,1
41,0,0.8328767123287671,0.0,89,6,3
48,0,0.4958904109589041,0.0,68,11,2
45,0,1.0,0.0,55,2,1
40,0,1.0,0.0,43,8,1
44,1,1.0,3114.0,65,1,0
47,1,0.958904109589041,11871.0,55,1,1
35,0,0.6328767123287671,0.0,55,2,2
68,0,1.0,0.0,40,1,2
53,0,0.7479452054794521,0.0,53,1,2
37,0,1.0,0.0,55,1,2
51,0,0.16164383561643836,0.0,44,5,2
69,0,1.0,0.0,75,3,3
59,0,0.5808219178082191,0.0,77,1,2
25,0,1.0,0.0,40,6,2
59,0,1.0,0.0,42,11,3
41,0,0.6575342465753424,0.0,85,2,2
64,0,1.0,0.0,96,10,1
46,0,1.0,0.0,54,1,3
45,0,1.0,0.0,40,1,2
41,0,1.0,0.0,55,10,1
39,0,1.0,0.0,40,3,2
66,0,1.0,0.0,40,2,1
37,0,1.0,0.0,33,2,3
65,0,1.0,0.0,32,2,1
25,0,0.9178082191780822,0.0,43,11,3
28,0,0.13424657534246576,0.0,95,3,1
24,1,1.0,5978.0,81,6,1
47,0,1.0,0.0,65,1,1
33,0,1.0,0.0,55,9,3
37,0,1.0,0.0,108,1,3
70,0,1.0,0.0,78,13,1
58,0,0.08493150684931507,0.0,61,1,2
45,0,1.0,0.0,49,1,2
69,0,1.0,0.0,64,1,3
51,1,1.0,2496.0,60,3,3
65,0,0.6219178082191781,0.0,32,1,0
70,0,1.0,0.0,33,1,3
62,0,1.0,0.0,43,5,3
31,1,1.0,57540.0,91,1,3
33,0,1.0,0.0,40,6,1
65,0,0.3589041095890411,0.0,65,6,1
39,0,1.0,0.0,55,1,1
44,0,1.0,0.0,29,11,2
37,0,0.4767123287671233,0.0,66,1,3
48,1,0.915068493150685,69723.0,54,12,2
61,0,0.4958904109589041,0.0,110,6,2
56,0,0.21095890410958903,0.0,51,1,1
47,0,1.0,0.0,43,1,3
63,0,1.0,0.0,66,11,2
33,0,0.8986301369863013,0.0,59,1,1
26,0,1.0,0.0,55,6,3
46,0,1.0,0.0,48,5,1
59,0,0.7342465753424657,0.0,55,1,1
56,0,1.0,0.0,39,1,3
27,0,1.0,0.0,40,6,1
49,0,0.4958904109589041,0.0,39,2,1
71,0,1.0,0.0,37,5,2
44,0,1.0,0.0,80,6,3
58,0,1.0,0.0,74,6,1
63,0,1.0,0.0,51,6,2
33,1,1.0,6110.0,47,2,1
70,0,0.7424657534246575,0.0,74,3,3
28,0,0.8328767123287671,0.0,21,2,1
61,0,1.0,0.0,64,9,2
34,0,1.0,0.0,53,1,3
20,0,0.2684931506849315,0.0,36,10,3
54,0,1.0,0.0,39,1,2
54,0,0.3589041095890411,0.0,65,1,3
27,0,1.0,0.0,66,3,2
59,0,1.0,0.0,40,6,1
77,0,1.0,0.0,85,9,3
34,0,1.0,0.0,48,1,2
33,0,1.0,0.0,45,2,1
35,0,1.0,0.0,40,5,0
34,1,0.8191780821917808,2989.0,40,1,3
26,0,1.0,0.0,31,1,2
36,1,1.0,2287.0,39,1,1
55,0,1.0,0.0,54,7,2
61,0,0.25205479452054796,0.0,66,1,1
73,0,1.0,0.0,40,5,1
41,0,1.0,0.0,93,3,3
44,0,1.0,0.0,66,10,2
66,0,1.0,0.0,85,7,3
38,0,1.0,0.0,66,11,1
45,0,1.0,0.0,54,8,1
77,0,1.0,0.0,55,3,3
25,0,0.25753424657534246,0.0,44,1,2
77,0,0.4575342465753425,0.0,40,1,3
50,0,1.0,0.0,72,14,3
38,0,0.4958904109589041,0.0,73,1,3
49,0,1.0,0.0,68,10,2
59,0,1.0,0.0,27,1,1
56,0,1.0,0.0,60,1,3
25,2,1.0,55178.0,55,8,1
32,0,0.7917808219178082,0.0,33,1,3
25,0,1.0,0.0,40,1,1
55,0,1.0,0.0,51,5,3
34,1,0.8712328767123287,8116.0,85,2,3
26,0,1.0,0.0,39,11,3
41,0,1.0,0.0,73,1,2
51,1,0.7534246575342466,2831.0,50,1,2
48,0,0.0684931506849315,0.0,44,2,1
45,0,1.0,0.0,66,4,3
23,0,0.3232876712328767,0.0,49,3,3
24,0,1.0,0.0,33,1,2
37,0,1.0,0.0,60,1,1
30,0,0.5808219178082191,0.0,64,3,1
27,1,1.0,5808.0,64,1,3
43,0,0.8931506849315068,0.0,44,12,2
58,0,1.0,0.0,66,5,2
55,0,1.0,0.0,40,2,1
52,1,1.0,2723.0,85,1,1
53,0,1.0,0.0,74,1,1
33,0,1.0,0.0,101,11,2
44,0,1.0,0.0,74,14,3
61,0,1.0,0.0,108,1,1
63,0,1.0,0.0,55,15,3
58,0,1.0,0.0,44,6,2
64,1,1.0,60147.0,34,2,1
45,1,1.0,2710.0,55,11,2
30,0,1.0,0.0,65,11,3
28,0,1.0,0.0,66,2,1
27,0,1.0,0.0,77,3,3
53,0,1.0,0.0,81,6,3
36,1,1.0,4478.0,74,6,3
72,0,1.0,0.0,89,2,1
58,0,0.9671232876712329,0.0,63,4,2
37,0,1.0,0.0,60,12,2
45,1,1.0,200.0,75,2,1
61,0,1.0,0.0,51,3,2
43,0,1.0,0.0,50,6,3
61,0,1.0,0.0,44,1,3
68,0,1.0,0.0,60,6,3
25,1,1.0,57540.0,66,6,2
66,0,0.06301369863013699,0.0,39,1,1
47,0,1.0,0.0,45,3,3
61,0,1.0,0.0,65,2,2
35,0,1.0,0.0,40,6,3
53,1,0.34794520547945207,210930.0,39,12,3
47,0,1.0,0.0,75,5,3
58,0,1.0,0.0,135,12,3
65,0,1.0,0.0,60,1,1
34,0,0.410958904109589,0.0,65,15,1
76,1,1.0,122202.0,47,3,3
42,0,1.0,0.0,53,3,3
65,0,1.0,0.0,40,1,2
50,0,1.0,0.0,66,12,3
59,0,0.5616438356164384,0.0,44,1,2
36,0,1.0,0.0,51,3,1
73,0,1.0,0.0,44,9,1
40,0,1.0,0.0,34,2,2
57,0,1.0,0.0,40,6,3
51,0,1.0,0.0,40,6,1
24,0,1.0,0.0,53,1,1
47,0,1.0,0.0,50,1,1
68,0,1.0,0.0,44,1,3
45,1,1.0,73177.0,125,2,3
43,0,1.0,0.0,66,1,3
38,0,1.0,0.0,89,1,3
35,1,1.0,4948.0,85,2,1
48,0,0.5315068493150685,0.0,55,11,1
50,0,1.0,0.0,53,6,2
48,0,1.0,0.0,64,12,2
70,0,1.0,0.0,66,1,2
66,0,1.0,0.0,34,11,1
36,0,1.0,0.0,70,11,1
43,0,0.6301369863013698,0.0,66,1,2
64,0,1.0,0.0,69,8,3
51,0,1.0,0.0,35,6,3
54,0,1.0,0.0,39,1,3
30,0,0.6657534246575343,0.0,63,8,2
71,0,1.0,0.0,43,9,1
27,0,1.0,0.0,40,14,2
57,0,1.0,0.0,108,3,1
40,0,0.29315068493150687,0.0,40,5,1
45,0,1.0,0.0,40,13,3
33,0,0.6958904109589041,0.0,70,1,2
56,0,1.0,0.0,100,1,3
58,0,1.0,0.0,55,3,1
25,0,1.0,0.0,55,2,2
41,0,1.0,0.0,40,1,3
50,0,0.4136986301369863,0.0,44,1,1
31,0,1.0,0.0,40,6,1
76,0,1.0,0.0,47,2,2
47,1,1.0,2607.0,44,11,3
53,0,1.0,0.0,43,11,2
67,0,1.0,0.0,33,1,2
69,0,0.1232876712328767,0.0,68,2,3
37,0,1.0,0.0,51,3,1
66,0,1.0,0.0,40,3,1
38,0,1.0,0.0,51,1,3
69,0,1.0,0.0,55,12,2
43,0,1.0,0.0,51,1,3
49,0,1.0,0.0,51,9,3
81,0,1.0,0.0,43,7,3
51,0,1.0,0.0,50,6,1
32,0,1.0,0.0,104,9,2
52,0,0.6246575342465753,0.0,50,1,3
41,0,1.0,0.0,86,1,3
73,0,1.0,0.0,40,2,3
40,0,1.0,0.0,70,1,1
25,0,1.0,0.0,40,1,1
38,0,1.0,0.0,40,2,3
43,0,0.038356164383561646,0.0,125,2,2
78,0,1.0,0.0,36,2,2
47,0,1.0,0.0,39,2,1
35,0,1.0,0.0,55,1,3
42,0,1.0,0.0,141,1,1
46,1,1.0,5688.0,40,7,2
68,0,0.5726027397260274,0.0,83,1,2
33,0,0.7506849315068493,0.0,51,11,3
73,0,0.8465753424657534,0.0,55,9,1
52,0,1.0,0.0,88,1,2
41,0,1.0,0.0,43,1,1
43,2,1.0,127927.0,55,10,2
56,0,1.0,0.0,101,6,2
61,0,1.0,0.0,43,2,0
66,0,1.0,0.0,55,10,1
33,0,1.0,0.0,39,1,3
44,0,0.7863013698630137,0.0,81,1,2
33,0,1.0,0.0,54,9,1
27,1,0.3287671232876712,25372.0,66,1,2
42,0,1.0,0.0,51,7,1
30,0,0.34794520547945207,0.0,47,7,3
28,0,1.0,0.0,47,1,2
25,1,1.0,50000.0,65,3,2
40,0,0.26301369863013696,0.0,81,18,1
29,0,1.0,0.0,66,1,2
76,0,1.0,0.0,40,2,3
39,0,1.0,0.0,39,2,3
45,0,0.8328767123287671,0.0,55,7,3
71,0,1.0,0.0,75,1,1
45,1,1.0,2839.0,40,1,1
65,0,1.0,0.0,65,6,0
39,0,1.0,0.0,45,12,3
71,0,1.0,0.0,55,4,0
51,0,1.0,0.0,34,1,3
36,0,1.0,0.0,52,6,2
58,0,1.0,0.0,47,2,1
40,0,1.0,0.0,53,5,1
37,0,1.0,0.0,44,8,3
37,0,1.0,0.0,50,2,2
44,0,1.0,0.0,54,10,3
48,0,1.0,0.0,70,1,3
66,0,1.0,0.0,37,7,3
44,0,1.0,0.0,35,5,3
55,0,1.0,0.0,40,4,1
60,0,1.0,0.0,44,2,3
46,0,1.0,0.0,44,2,3
32,1,1.0,2026800.0,48,3,3
31,0,0.7150684931506849,0.0,66,11,2
54,0,1.0,0.0,39,9,2
28,0,1.0,0.0,46,1,1
40,1,1.0,40890.0,55,3,1
67,0,1.0,0.0,33,2,1
62,0,1.0,0.0,39,12,3
42,0,0.915068493150685,0.0,55,2,1
38,0,1.0,0.0,76,3,1
33,0,1.0,0.0,75,1,3
81,0,1.0,0.0,40,1,3
28,0,0.043835616438356165,0.0,44,1,1
40,0,1.0,0.0,110,12,1
35,0,1.0,0.0,88,5,2
24,1,0.3315068493150685,2505.0,55,2,1
50,0,1.0,0.0,40,12,1
32,1,0.4136986301369863,22634.0,40,1,1
52,0,1.0,0.0,54,15,1
69,0,1.0,0.0,66,1,1
34,1,1.0,43613.0,92,1,1
63,0,0.8876712328767123,0.0,48,1,2
44,0,1.0,0.0,51,1,2
49,1,0.6191780821917808,2685.0,53,2,2
24,0,1.0,0.0,66,1,3
34,0,0.6876712328767123,0.0,43,1,3
77,0,1.0,0.0,64,3,2
37,0,0.5643835616438356,0.0,54,2,1
43,0,1.0,0.0,98,12,1
31,0,0.8410958904109589,0.0,74,12,3
26,0,1.0,0.0,76,12,1
51,0,1.0,0.0,54,1,1
43,0,0.8876712328767123,0.0,55,3,1
59,0,1.0,0.0,54,11,2
49,0,1.0,0.0,51,7,2
24,0,1.0,0.0,51,2,2
77,0,0.25753424657534246,0.0,76,7,2
49,0,0.9534246575342465,0.0,66,5,2
36,1,0.7890410958904109,3405.0,85,1,1
64,0,1.0,0.0,52,2,1
35,0,0.5808219178082191,0.0,40,1,1
23,0,0.0027397260273972603,0.0,63,2,3
45,0,1.0,0.0,54,7,3
44,0,1.0,0.0,49,2,1
28,0,1.0,0.0,40,11,1
41,1,1.0,60147.0,35,1,2
44,0,1.0,0.0,51,3,3
57,0,1.0,0.0,55,1,3
50,0,1.0,0.0,55,5,1
41,0,1.0,0.0,61,1,3
44,0,1.0,0.0,39,2,3
21,1,1.0,4431.0,54,1,1
69,0,0.3095890410958904,0.0,66,7,3
54,0,1.0,0.0,42,6,2
54,0,1.0,0.0,55,1,3
50,0,1.0,0.0,48,1,1
47,0,1.0,0.0,60,1,1
25,0,1.0,0.0,35,4,1
45,0,1.0,0.0,66,1,1
26,0,0.9013698630136986,0.0,66,12,1
20,1,0.8136986301369863,121902.0,64,11,3
58,0,0.1780821917808219,0.0,85,1,1
66,0,1.0,0.0,85,1,3
52,0,1.0,0.0,33,1,2
55,0,1.0,0.0,40,1,2
32,0,1.0,0.0,44,1,2
64,0,0.9616438356164384,0.0,49,1,2
23,0,1.0,0.0,40,1,3
60,1,1.0,57540.0,34,1,1
37,1,0.8328767123287671,130575.0,66,1,1
75,0,0.40821917808219177,0.0,55,4,3
41,0,0.14794520547945206,0.0,55,2,1
46,0,1.0,0.0,86,1,1
47,0,0.2054794520547945,0.0,70,7,3
56,0,1.0,0.0,66,2,1
48,0,1.0,0.0,33,1,2
74,0,1.0,0.0,33,1,3
49,0,1.0,0.0,65,11,1
54,0,1.0,0.0,80,7,1
47,0,1.0,0.0,44,1,3
31,0,0.7479452054794521,0.0,40,2,1
43,0,1.0,0.0,52,1,2
64,0,1.0,0.0,43,1,2
44,1,1.0,10181.0,55,1,1
38,0,1.0,0.0,62,2,1
66,0,1.0,0.0,71,5,1
66,0,1.0,0.0,40,6,1
28,0,1.0,0.0,40,1,1
44,0,1.0,0.0,33,1,1
35,0,1.0,0.0,47,6,3
58,0,1.0,0.0,44,6,1
49,0,1.0,0.0,44,4,2
66,0,1.0,0.0,70,1,3
32,0,1.0,0.0,130,7,3
37,0,1.0,0.0,54,1,3
30,0,1.0,0.0,123,3,2
26,0,1.0,0.0,40,1,1
48,0,1.0,0.0,33,2,2
30,0,0.043835616438356165,0.0,47,1,1
76,0,1.0,0.0,65,8,1
48,0,1.0,0.0,40,2,3
47,0,1.0,0.0,51,9,3
22,0,0.35342465753424657,0.0,39,2,1
40,0,1.0,0.0,85,2,2
59,0,1.0,0.0,55,1,3
46,0,1.0,0.0,44,6,3
43,0,0.043835616438356165,0.0,74,2,3
50,0,1.0,0.0,51,2,1
53,0,1.0,0.0,37,1,1
53,0,0.8712328767123287,0.0,55,11,2
77,0,1.0,0.0,87,1,1
46,0,1.0,0.0,42,1,2
26,0,1.0,0.0,73,6,2
69,0,0.4958904109589041,0.0,44,2,1
82,1,0.8684931506849315,57540.0,25,5,2
44,0,1.0,0.0,60,1,2
35,0,1.0,0.0,70,10,1
65,0,1.0,0.0,57,1,1
52,0,1.0,0.0,60,1,1
35,0,1.0,0.0,76,11,1
44,0,1.0,0.0,32,4,1
26,0,1.0,0.0,47,1,1
41,0,1.0,0.0,100,1,2
43,0,1.0,0.0,55,1,2
34,0,1.0,0.0,40,1,3
32,0,1.0,0.0,55,2,2
30,0,1.0,0.0,58,1,2
46,0,1.0,0.0,85,1,3
57,0,0.8328767123287671,0.0,44,4,3
33,1,1.0,6066.0,66,15,2
64,0,0.30684931506849317,0.0,39,1,2
46,0,0.2958904109589041,0.0,47,1,2
69,0,1.0,0.0,51,1,1
39,0,1.0,0.0,38,12,2
49,0,1.0,0.0,66,1,1
35,0,1.0,0.0,42,1,2
36,0,1.0,0.0,73,7,1
38,0,1.0,0.0,66,2,1
39,0,0.6383561643835617,0.0,54,3,3
24,0,1.0,0.0,50,11,2
50,0,0.3726027397260274,0.0,40,5,1
34,0,1.0,0.0,51,9,1
66,0,1.0,0.0,40,2,2
46,0,1.0,0.0,38,8,3
50,0,1.0,0.0,60,1,1
61,0,1.0,0.0,55,6,1
53,0,1.0,0.0,66,1,1
29,0,1.0,0.0,44,1,2
33,0,0.4191780821917808,0.0,85,1,3
81,0,1.0,0.0,92,1,0
36,0,1.0,0.0,44,4,2
73,0,1.0,0.0,40,1,3
45,0,1.0,0.0,44,12,3
46,0,0.8383561643835616,0.0,47,2,1
32,0,1.0,0.0,47,12,3
66,0,1.0,0.0,57,1,3
39,0,1.0,0.0,42,12,3
43,0,1.0,0.0,63,1,2
50,0,1.0,0.0,60,1,3
55,0,0.33972602739726027,0.0,44,1,1
27,0,0.052054794520547946,0.0,40,1,1
52,0,1.0,0.0,39,12,1
33,0,1.0,0.0,51,1,2
43,0,1.0,0.0,82,11,2
45,0,1.0,0.0,40,14,2
25,0,0.23835616438356164,0.0,44,1,2
39,0,0.36164383561643837,0.0,48,1,2
23,0,0.18904109589041096,0.0,40,2,3
44,0,1.0,0.0,48,11,1
23,0,1.0,0.0,54,1,2
24,0,1.0,0.0,66,1,3
42,0,1.0,0.0,33,1,3
53,0,0.7479452054794521,0.0,55,9,1
80,0,1.0,0.0,93,2,3
29,0,1.0,0.0,45,11,3
53,0,1.0,0.0,66,1,3
78,0,1.0,0.0,79,1,3
29,0,0.5534246575342465,0.0,50,1,1
27,2,1.0,45847.0,83,6,2
53,0,1.0,0.0,85,10,1
42,0,1.0,0.0,43,5,1
71,1,1.0,5850.0,25,11,2
39,0,1.0,0.0,41,1,3
41,0,0.3287671232876712,0.0,88,1,3
64,0,1.0,0.0,51,1,2
26,1,0.3972602739726027,28429.0,66,11,1
40,0,1.0,0.0,85,1,3
69,0,1.0,0.0,36,1,2
29,1,1.0,8247.0,63,6,1
37,1,1.0,27192.0,47,1,1
45,0,1.0,0.0,68,2,2
43,0,1.0,0.0,37,12,2
40,0,1.0,0.0,44,2,3
60,0,1.0,0.0,55,11,1
69,0,1.0,0.0,43,10,1
64,0,1.0,0.0,55,2,1
45,0,1.0,0.0,50,9,1
56,0,1.0,0.0,33,1,2
32,0,1.0,0.0,55,5,3
37,1,1.0,172507.0,37,8,3
45,2,1.0,115080.0,40,1,2
31,0,1.0,0.0,60,1,3
54,0,1.0,0.0,43,4,2
35,1,1.0,7085.0,84,9,1
27,0,0.5342465753424658,0.0,60,1,3
45,0,0.9013698630136986,0.0,40,2,2
30,0,1.0,0.0,75,5,1
74,0,1.0,0.0,46,1,3
49,0,1.0,0.0,77,9,1
70,0,1.0,0.0,42,1,3
47,0,0.16712328767123288,0.0,43,14,3
60,0,1.0,0.0,40,2,3
28,1,1.0,65900.0,46,1,3
45,0,1.0,0.0,83,8,1
68,0,1.0,0.0,90,6,1
38,2,0.8,64038.0,64,1,1
60,0,0.873972602739726,0.0,90,2,2
34,0,1.0,0.0,46,8,3
68,0,1.0,0.0,85,12,1
73,0,1.0,0.0,94,3,3
63,0,1.0,0.0,44,2,3
30,0,1.0,0.0,40,1,1
39,0,1.0,0.0,70,2,2
32,0,0.6410958904109589,0.0,53,6,3
31,0,1.0,0.0,48,11,1
37,0,1.0,0.0,46,1,3
36,0,1.0,0.0,61,2,2
40,0,1.0,0.0,42,1,1
27,0,0.1726027397260274,0.0,40,12,3
52,0,1.0,0.0,41,2,3
42,0,0.958904109589041,0.0,37,1,3
30,0,0.0684931506849315,0.0,64,2,3
41,0,1.0,0.0,33,1,3
76,0,1.0,0.0,35,5,3
59,1,1.0,3255.0,55,2,3
53,0,1.0,0.0,49,2,3
48,0,0.915068493150685,0.0,55,2,1
70,0,1.0,0.0,59,10,1
49,0,0.9424657534246575,0.0,34,11,3
35,0,1.0,0.0,77,12,1
35,0,1.0,0.0,37,3,3
26,0,0.07397260273972603,0.0,108,1,1
61,0,1.0,0.0,50,6,2
45,1,1.0,5736.0,66,10,2
55,0,1.0,0.0,40,1,3
21,0,1.0,0.0,29,1,3
64,0,1.0,0.0,39,1,1
72,0,1.0,0.0,83,3,1
52,0,1.0,0.0,68,13,3
30,0,0.5616438356164384,0.0,47,2,1
52,0,1.0,0.0,43,7,3
55,0,1.0,0.0,44,15,1
32,0,0.12876712328767123,0.0,45,9,3
46,0,1.0,0.0,39,2,3
38,0,1.0,0.0,39,1,1
55,0,1.0,0.0,54,6,3
36,0,0.8410958904109589,0.0,32,1,3
33,0,0.6301369863013698,0.0,40,2,2
23,0,0.936986301369863,0.0,63,1,1
26,0,1.0,0.0,71,12,1
29,0,1.0,0.0,63,1,2
61,0,1.0,0.0,57,13,2
41,0,1.0,0.0,65,10,2
70,0,1.0,0.0,39,8,1
24,0,0.20273972602739726,0.0,37,1,1
51,0,1.0,0.0,40,5,1
42,0,0.16164383561643836,0.0,68,1,2
55,0,1.0,0.0,83,1,2
41,1,1.0,2856.0,74,11,1
69,0,1.0,0.0,53,2,3
62,0,1.0,0.0,60,7,3
41,1,1.0,39895.0,85,1,2
56,0,1.0,0.0,40,1,0
38,0,1.0,0.0,63,1,2
73,0,1.0,0.0,59,1,3
41,0,1.0,0.0,55,2,1
42,0,1.0,0.0,33,2,1
24,0,1.0,0.0,33,1,1
72,0,1.0,0.0,89,2,2
50,0,1.0,0.0,66,3,1
66,0,1.0,0.0,66,2,1
54,0,1.0,0.0,33,1,2
45,0,1.0,0.0,115,8,2
77,1,1.0,2857.0,50,3,3
51,0,1.0,0.0,44,5,3
48,0,1.0,0.0,126,12,2
45,0,0.4520547945205479,0.0,49,6,2
62,0,1.0,0.0,40,5,3
58,0,0.0958904109589041,0.0,43,7,1
32,0,1.0,0.0,65,12,1
63,0,1.0,0.0,53,1,3
70,0,1.0,0.0,33,2,2
44,0,0.8904109589041096,0.0,33,11,2
31,0,0.5835616438356165,0.0,40,1,3
41,0,1.0,0.0,63,9,1
41,0,0.4191780821917808,0.0,48,6,2
51,0,0.9534246575342465,0.0,40,1,2
40,0,1.0,0.0,55,10,3
39,0,1.0,0.0,67,15,2
58,0,1.0,0.0,75,12,3
31,1,0.7808219178082192,5214.0,50,1,3
41,0,0.8931506849315068,0.0,55,1,1
42,0,1.0,0.0,63,1,1
34,0,1.0,0.0,40,1,2
34,1,1.0,2607.0,47,2,1
30,0,0.16164383561643836,0.0,66,2,3
49,0,1.0,0.0,64,9,3
68,0,1.0,0.0,44,2,1
64,0,1.0,0.0,65,1,1
34,0,0.3041095890410959,0.0,66,2,2
33,0,1.0,0.0,74,1,3
57,0,1.0,0.0,44,2,3
28,0,0.9287671232876712,0.0,85,1,2
47,1,0.7479452054794521,4452.0,66,2,1
68,0,1.0,0.0,40,2,1
43,0,1.0,0.0,79,1,1
41,0,1.0,0.0,66,12,3
41,0,1.0,0.0,55,2,1
72,0,1.0,0.0,40,6,1
68,0,1.0,0.0,39,1,2
42,1,1.0,22779.0,55,1,2
34,0,1.0,0.0,40,1,1
31,0,0.7561643835616438,0.0,54,11,1
34,0,1.0,0.0,63,2,2
68,0,1.0,0.0,55,1,2
76,1,1.0,55000.0,83,2,3
38,1,0.5698630136986301,658993.0,43,2,3
54,0,1.0,0.0,66,2,2
37,0,1.0,0.0,59,11,1
36,0,1.0,0.0,74,1,1
44,0,0.19452054794520549,0.0,39,1,2
33,0,0.08493150684931507,0.0,40,1,1
52,0,1.0,0.0,33,1,1
49,0,1.0,0.0,40,1,3
51,0,0.2136986301369863,0.0,58,3,2
54,1,1.0,8673.0,32,7,3
49,0,1.0,0.0,50,2,1
69,0,1.0,0.0,66,2,2
32,0,1.0,0.0,40,1,1
41,0,1.0,0.0,55,6,2
67,0,0.336986301369863,0.0,65,2,1
46,0,0.8986301369863013,0.0,52,3,1
36,0,1.0,0.0,32,11,3
38,0,0.6712328767123288,0.0,47,12,1
33,0,1.0,0.0,33,11,3
53,0,1.0,0.0,55,5,1
55,0,0.6575342465753424,0.0,66,1,3
34,0,1.0,0.0,51,2,2
60,0,1.0,0.0,44,1,2
58,0,0.5068493150684932,0.0,40,3,2
46,1,1.0,3033.0,33,5,2
24,1,1.0,4047.0,43,9,1
39,0,1.0,0.0,53,2,2
60,0,1.0,0.0,69,9,1
61,0,1.0,0.0,44,8,2
26,0,1.0,0.0,55,1,2
36,0,1.0,0.0,40,10,2
65,0,1.0,0.0,40,7,1
31,0,0.019178082191780823,0.0,33,12,1
69,0,1.0,0.0,43,2,3
71,0,1.0,0.0,57,11,3
47,1,1.0,121902.0,40,7,1
65,0,0.25205479452054796,0.0,43,1,2
28,1,1.0,8457.0,43,1,3
42,0,1.0,0.0,49,1,1
49,0,0.936986301369863,0.0,44,1,1
61,0,1.0,0.0,43,2,1
27,0,0.28493150684931506,0.0,40,2,3
30,0,1.0,0.0,55,3,3
25,0,0.04657534246575343,0.0,73,3,3
70,0,1.0,0.0,47,2,1
38,0,0.4383561643835616,0.0,47,2,2
70,1,1.0,6922.0,32,11,3
58,0,1.0,0.0,43,6,1
45,1,0.5753424657534246,1938250.0,42,5,2
44,0,1.0,0.0,43,6,2
49,0,0.5808219178082191,0.0,66,12,2
32,0,0.038356164383561646,0.0,40,13,2
54,0,0.4383561643835616,0.0,85,6,1
77,0,1.0,0.0,47,12,1
35,0,0.08493150684931507,0.0,108,3,2
71,0,1.0,0.0,39,2,1
55,0,1.0,0.0,47,1,2
50,1,0.989041095890411,2685.0,50,1,3
42,0,0.03287671232876712,0.0,44,12,1
35,0,1.0,0.0,85,10,1
52,0,1.0,0.0,44,2,3
42,0,0.136986301369863,0.0,70,1,2
54,0,1.0,0.0,84,2,1
44,0,0.0273972602739726,0.0,57,1,1
31,0,1.0,0.0,82,9,2
43,0,1.0,0.0,74,2,2
40,0,1.0,0.0,75,1,1
63,0,1.0,0.0,43,11,1
29,0,1.0,0.0,47,12,2
73,0,1.0,0.0,110,1,2
24,0,1.0,0.0,43,11,2
34,0,1.0,0.0,54,1,3
52,1,1.0,11348.0,44,1,2
33,1,1.0,3227.0,55,1,1
41,0,1.0,0.0,63,7,2
42,0,1.0,0.0,26,1,2
28,0,0.08493150684931507,0.0,66,5,2
68,0,1.0,0.0,40,2,2
40,1,0.3095890410958904,57540.0,65,5,1
57,0,1.0,0.0,55,1,3
62,0,1.0,0.0,53,13,3
66,0,1.0,0.0,63,1,1
68,0,1.0,0.0,60,14,1
35,0,1.0,0.0,43,6,2
26,1,1.0,8457.0,39,2,1
67,0,1.0,0.0,37,6,2
45,0,1.0,0.0,69,2,3
39,0,1.0,0.0,29,3,3
60,0,1.0,0.0,48,9,2
29,0,1.0,0.0,42,6,3
31,0,1.0,0.0,100,7,2
69,0,1.0,0.0,90,1,3
40,0,0.08493150684931507,0.0,70,12,1
48,0,0.4136986301369863,0.0,40,4,2
38,0,1.0,0.0,40,12,2
59,0,1.0,0.0,44,1,2
59,0,0.08493150684931507,0.0,43,1,2
50,0,1.0,0.0,44,1,1
33,0,1.0,0.0,66,8,2
56,0,1.0,0.0,40,1,1
50,1,1.0,129557.0,44,1,3
25,0,1.0,0.0,138,6,1
43,0,0.9808219178082191,0.0,44,1,3
55,0,1.0,0.0,43,8,1
74,0,0.6082191780821918,0.0,40,9,3
58,0,1.0,0.0,60,11,2
57,0,1.0,0.0,55,10,1
27,0,0.4328767123287671,0.0,70,6,2
58,0,1.0,0.0,43,7,3
50,0,1.0,0.0,40,2,3
53,0,1.0,0.0,55,1,2
37,0,0.4273972602739726,0.0,38,1,1
45,0,1.0,0.0,66,1,1
77,0,1.0,0.0,43,10,1
68,0,1.0,0.0,47,1,1
36,0,0.9041095890410958,0.0,62,10,3
50,0,1.0,0.0,44,1,3
82,1,1.0,57540.0,40,1,2
64,0,1.0,0.0,51,1,3
41,0,0.5397260273972603,0.0,69,10,2
27,0,1.0,0.0,85,8,1
54,0,1.0,0.0,55,1,2
39,0,1.0,0.0,36,5,3
54,0,1.0,0.0,37,12,1
56,0,0.8821917808219178,0.0,66,1,1
42,0,0.4,0.0,53,3,3
30,0,1.0,0.0,55,5,2
47,0,0.8383561643835616,0.0,43,2,1
41,0,1.0,0.0,81,7,2
41,0,1.0,0.0,66,1,3
46,0,1.0,0.0,65,6,1
58,0,1.0,0.0,93,10,2
79,0,1.0,0.0,50,1,3
34,0,1.0,0.0,64,4,2
67,1,1.0,3842.0,51,12,3
47,0,0.4767123287671233,0.0,60,4,1
64,0,1.0,0.0,51,1,1
52,0,0.915068493150685,0.0,43,1,3
23,0,1.0,0.0,39,1,3
47,0,1.0,0.0,32,5,1
25,0,1.0,0.0,97,12,2
33,0,1.0,0.0,66,1,1
77,0,1.0,0.0,93,1,1
66,0,0.8164383561643835,0.0,88,2,3
69,0,1.0,0.0,57,1,1
44,0,0.11232876712328767,0.0,44,12,2
55,0,1.0,0.0,59,1,2
45,0,1.0,0.0,44,11,3
33,0,0.6410958904109589,0.0,52,8,2
73,0,1.0,0.0,51,1,1
49,0,1.0,0.0,40,1,2
62,0,1.0,0.0,83,12,1
34,2,0.8958904109589041,63390.0,42,2,1
47,0,1.0,0.0,40,12,2
68,0,1.0,0.0,34,1,2
75,0,1.0,0.0,54,1,2
56,0,1.0,0.0,64,2,1
56,0,1.0,0.0,53,12,1
68,0,1.0,0.0,47,1,3
45,0,1.0,0.0,60,9,1
53,0,0.26575342465753427,0.0,33,1,2
59,0,1.0,0.0,44,7,1
70,0,1.0,0.0,99,1,1
67,0,1.0,0.0,59,1,3
31,0,0.9068493150684932,0.0,44,11,1
67,0,1.0,0.0,110,1,1
30,1,1.0,57540.0,54,5,2
46,0,1.0,0.0,62,6,1
51,0,1.0,0.0,51,2,3
46,1,1.0,57540.0,50,5,2
43,0,1.0,0.0,66,6,3
49,0,1.0,0.0,30,1,1
43,0,1.0,0.0,33,4,1
72,0,1.0,0.0,100,1,3
37,0,0.2493150684931507,0.0,89,7,1
21,0,1.0,0.0,44,1,1
37,0,0.6657534246575343,0.0,55,3,1
26,3,1.0,20163.0,25,3,3
71,0,1.0,0.0,37,1,3
42,0,1.0,0.0,48,6,3
60,0,0.4383561643835616,0.0,47,1,3
43,0,1.0,0.0,33,1,1
65,0,1.0,0.0,58,2,2
45,0,0.32602739726027397,0.0,44,6,2
22,1,1.0,60147.0,58,1,1
47,0,0.3315068493150685,0.0,54,1,1
49,0,1.0,0.0,109,1,1
31,0,1.0,0.0,55,1,3
56,0,1.0,0.0,40,8,2
28,0,1.0,0.0,47,5,1
71,0,1.0,0.0,60,5,3
67,0,1.0,0.0,43,6,2
39,0,1.0,0.0,51,2,3
32,0,1.0,0.0,66,11,3
41,0,1.0,0.0,47,1,1
51,0,1.0,0.0,33,1,2
33,0,1.0,0.0,85,4,3
63,0,1.0,0.0,55,13,3
54,0,1.0,0.0,43,1,1
28,0,0.8027397260273973,0.0,39,2,3
67,0,1.0,0.0,40,1,1
72,0,1.0,0.0,62,6,3
34,0,1.0,0.0,83,9,1
48,1,1.0,49546.0,52,2,1
72,0,1.0,0.0,66,1,2
72,0,1.0,0.0,55,4,1
68,0,1.0,0.0,55,9,2
49,0,1.0,0.0,33,7,2
56,0,1.0,0.0,73,2,2
35,0,1.0,0.0,33,2,1
65,0,1.0,0.0,78,1,1
61,0,1.0,0.0,54,1,1
40,0,1.0,0.0,47,1,3
57,0,1.0,0.0,66,2,1
31,0,0.2465753424657534,0.0,43,2,2
66,0,1.0,0.0,51,1,1
26,0,1.0,0.0,55,11,2
53,0,1.0,0.0,42,10,1
30,1,1.0,2850.0,81,10,1
53,0,1.0,0.0,33,1,3
55,0,0.673972602739726,0.0,44,2,3
45,0,1.0,0.0,34,2,2
47,0,1.0,0.0,51,8,0
31,1,1.0,6066.0,70,11,1
25,0,1.0,0.0,54,1,1
79,0,0.3506849315068493,0.0,40,2,1
30,0,1.0,0.0,55,1,2
69,0,1.0,0.0,110,5,1
63,0,1.0,0.0,150,5,1
36,0,0.8904109589041096,0.0,54,1,3
39,0,1.0,0.0,54,11,2
37,0,0.5534246575342465,0.0,36,7,1
34,0,1.0,0.0,40,12,1
45,0,1.0,0.0,40,1,2
54,0,1.0,0.0,63,1,1
63,0,1.0,0.0,40,1,1
32,0,1.0,0.0,51,6,2
50,0,0.5342465753424658,0.0,51,1,1
42,0,0.2191780821917808,0.0,34,3,2
39,0,1.0,0.0,44,9,1
50,1,1.0,1142888.0,74,9,3
38,0,1.0,0.0,65,2,1
28,2,1.0,63202.0,53,11,3
40,0,1.0,0.0,33,1,3
21,0,1.0,0.0,43,6,2
40,0,0.10684931506849316,0.0,62,1,0
33,0,1.0,0.0,76,1,1
46,1,1.0,62494.0,33,8,1
41,0,1.0,0.0,51,8,1
54,0,1.0,0.0,50,2,1
44,0,1.0,0.0,55,8,1
62,0,1.0,0.0,58,1,2
43,0,0.6931506849315069,0.0,39,1,1
32,0,1.0,0.0,155,3,2
32,0,0.6328767123287671,0.0,34,1,1
45,0,1.0,0.0,25,1,3
67,0,0.29863013698630136,0.0,83,10,1
43,0,0.12876712328767123,0.0,54,7,1
31,0,0.9452054794520548,0.0,83,1,1
31,0,1.0,0.0,66,2,1
65,0,1.0,0.0,66,10,2
36,0,0.25753424657534246,0.0,40,1,2
66,0,1.0,0.0,54,11,2
51,0,1.0,0.0,73,3,3
49,0,1.0,0.0,40,6,2
57,0,1.0,0.0,75,4,3
35,0,0.2273972602739726,0.0,45,1,3
45,0,1.0,0.0,93,5,1
47,1,1.0,2607.0,40,1,1
48,0,1.0,0.0,42,2,3
52,0,0.7753424657534247,0.0,52,1,1
37,0,0.27123287671232876,0.0,55,11,1
36,0,0.9917808219178083,0.0,63,1,1
56,0,1.0,0.0,33,5,3
54,0,1.0,0.0,51,1,2
44,0,1.0,0.0,29,2,1
36,0,1.0,0.0,44,2,3
56,0,1.0,0.0,55,3,1
71,0,0.15342465753424658,0.0,66,2,1
47,0,1.0,0.0,55,1,1
57,1,1.0,6534.0,54,5,3
30,0,1.0,0.0,67,1,1
34,0,1.0,0.0,40,5,3
27,0,1.0,0.0,42,1,2
59,0,1.0,0.0,55,2,2
24,0,1.0,0.0,55,2,3
22,0,0.863013698630137,0.0,40,6,1
46,0,0.0821917808219178,0.0,60,2,3
72,0,1.0,0.0,44,1,2
28,0,1.0,0.0,110,6,1
80,1,0.9205479452054794,122359.0,33,1,3
38,0,1.0,0.0,64,1,3
37,0,0.20273972602739726,0.0,96,6,1
78,0,1.0,0.0,40,1,3
39,0,1.0,0.0,55,1,1
67,0,1.0,0.0,55,6,2
45,0,0.3150684931506849,0.0,33,2,2
48,0,1.0,0.0,38,2,2
40,0,1.0,0.0,85,8,1
34,0,0.8328767123287671,0.0,52,1,3
28,1,0.8684931506849315,27268.0,66,2,1
33,0,1.0,0.0,81,9,1
52,0,1.0,0.0,85,6,2
38,0,0.2465753424657534,0.0,43,2,1
20,1,1.0,2607.0,97,1,2
22,0,1.0,0.0,47,11,1
27,0,1.0,0.0,77,1,1
52,0,0.5698630136986301,0.0,44,9,3
70,0,1.0,0.0,66,5,1
38,0,1.0,0.0,65,5,1
25,0,1.0,0.0,44,12,1
31,1,0.2465753424657534,6292.0,49,2,1
44,0,1.0,0.0,66,5,3
48,0,1.0,0.0,55,11,3
61,1,1.0,11218.0,40,1,1
50,0,1.0,0.0,50,1,1
46,0,0.7068493150684931,0.0,138,5,2
40,0,1.0,0.0,66,5,3
63,0,1.0,0.0,37,7,1
47,0,1.0,0.0,51,1,1
34,1,1.0,6066.0,74,1,3
55,0,1.0,0.0,40,3,2
69,0,1.0,0.0,70,1,1
33,0,1.0,0.0,65,1,1
69,0,1.0,0.0,55,11,3
51,0,1.0,0.0,105,4,2
58,0,1.0,0.0,43,12,2
48,0,1.0,0.0,66,1,2
30,0,1.0,0.0,33,1,2
62,0,1.0,0.0,75,1,3
45,0,0.726027397260274,0.0,40,12,3
52,0,1.0,0.0,47,1,3
72,1,1.0,41413.0,51,1,2
44,0,0.5780821917808219,0.0,40,11,2
27,1,1.0,50000.0,44,2,2
30,0,1.0,0.0,40,5,1
71,0,1.0,0.0,55,2,2
39,0,1.0,0.0,54,1,2
69,0,1.0,0.0,49,1,2
57,0,1.0,0.0,40,8,1
77,0,1.0,0.0,53,1,3
53,0,1.0,0.0,90,2,1
74,0,1.0,0.0,65,1,1
52,1,1.0,2607.0,48,1,1
26,0,1.0,0.0,57,5,1
60,0,1.0,0.0,39,1,1
35,0,1.0,0.0,37,5,1
41,1,1.0,8116.0,80,6,3
50,0,0.6575342465753424,0.0,55,11,2
67,0,1.0,0.0,65,6,1
50,0,1.0,0.0,47,5,2
40,0,1.0,0.0,37,8,2
65,0,1.0,0.0,34,6,3
62,1,0.4246575342465753,26851.0,85,3,1
31,0,0.36712328767123287,0.0,43,10,2
58,0,1.0,0.0,74,2,3
51,0,0.5534246575342465,0.0,65,2,1
53,0,1.0,0.0,33,2,1
29,0,1.0,0.0,85,10,1
49,0,1.0,0.0,54,5,1
51,0,1.0,0.0,89,2,2
29,0,1.0,0.0,43,3,2
22,0,1.0,0.0,88,1,3
46,0,1.0,0.0,100,2,1
75,0,1.0,0.0,55,8,3
33,0,1.0,0.0,29,1,1
47,0,1.0,0.0,50,1,1
70,0,1.0,0.0,49,1,3
62,0,1.0,0.0,85,6,1
38,0,1.0,0.0,68,1,3
34,0,0.5068493150684932,0.0,55,1,2
67,0,1.0,0.0,43,2,1
46,0,1.0,0.0,53,9,1
74,0,1.0,0.0,40,1,2
42,0,0.12876712328767123,0.0,39,3,1
37,0,0.915068493150685,0.0,43,1,2
49,0,1.0,0.0,40,7,1
30,0,0.15616438356164383,0.0,40,1,3
28,0,1.0,0.0,68,2,3
74,0,0.20821917808219179,0.0,60,14,3
36,0,0.4849315068493151,0.0,33,1,1
20,0,0.9561643835616438,0.0,78,12,3
28,0,1.0,0.0,44,10,1
47,0,1.0,0.0,40,1,2
54,1,1.0,420.0,55,3,3
26,0,1.0,0.0,40,2,2
64,0,1.0,0.0,60,1,1
40,0,0.03561643835616438,0.0,85,11,3
61,0,1.0,0.0,40,1,3
24,0,0.9835616438356164,0.0,51,1,1
26,2,0.9753424657534246,141749.0,66,1,1
44,0,0.6438356164383562,0.0,60,1,2
61,0,1.0,0.0,40,4,2
25,0,1.0,0.0,44,1,2
61,0,0.4,0.0,36,8,1
26,0,1.0,0.0,40,15,1
79,0,0.1780821917808219,0.0,40,5,2
69,0,1.0,0.0,66,1,2
52,0,1.0,0.0,85,2,3
58,0,1.0,0.0,55,9,1
25,0,0.27671232876712326,0.0,132,2,1
75,1,1.0,3509.0,57,4,2
31,1,1.0,8457.0,44,5,2
29,0,1.0,0.0,51,2,1
43,0,0.684931506849315,0.0,55,1,1
50,1,0.7863013698630137,57540.0,70,2,1
66,0,0.41643835616438357,0.0,116,1,3
42,0,1.0,0.0,55,1,1
49,0,1.0,0.0,35,12,3
33,0,1.0,0.0,47,10,1
48,0,0.08493150684931507,0.0,55,1,1
35,0,1.0,0.0,66,1,1
52,0,1.0,0.0,66,1,3
89,0,1.0,0.0,43,1,2
71,0,1.0,0.0,73,16,3
27,0,0.5753424657534246,0.0,81,6,1
36,1,0.663013698630137,2840.0,37,10,1
30,0,1.0,0.0,54,8,1
32,0,1.0,0.0,40,5,2
64,0,1.0,0.0,66,1,1
64,0,1.0,0.0,43,1,3
55,0,1.0,0.0,42,3,1
52,1,1.0,3405.0,55,1,3
74,0,1.0,0.0,39,6,1
23,0,1.0,0.0,48,1,2
45,0,1.0,0.0,40,1,3
40,0,0.12602739726027398,0.0,33,1,2
47,0,0.7534246575342466,0.0,66,12,1
62,0,1.0,0.0,43,1,2
82,0,0.038356164383561646,0.0,37,5,3
63,0,1.0,0.0,44,2,1
34,0,1.0,0.0,51,2,3
49,0,1.0,0.0,52,2,1
44,0,0.4904109589041096,0.0,74,1,3
69,0,1.0,0.0,81,1,1
31,0,1.0,0.0,36,1,1
38,0,0.16164383561643836,0.0,102,4,1
71,0,0.4136986301369863,0.0,66,1,2
77,0,1.0,0.0,110,9,1
67,0,1.0,0.0,150,11,2
50,0,0.9342465753424658,0.0,85,11,3
30,0,0.9726027397260274,0.0,33,3,3
36,0,0.9205479452054794,0.0,66,1,1
34,0,1.0,0.0,55,11,1
40,0,1.0,0.0,40,1,2
28,0,0.915068493150685,0.0,102,3,1
64,0,1.0,0.0,40,2,1
47,0,1.0,0.0,55,2,3
20,0,1.0,0.0,30,3,3
23,0,0.8301369863013699,0.0,90,1,2
48,0,1.0,0.0,49,10,2
73,0,0.8328767123287671,0.0,50,1,2
28,0,1.0,0.0,74,6,3
57,0,1.0,0.0,44,6,1
58,0,0.6657534246575343,0.0,51,2,0
38,1,1.0,2685.0,83,13,2
33,1,1.0,57540.0,66,1,2
30,0,1.0,0.0,44,1,2
71,0,0.8328767123287671,0.0,55,10,2
37,0,1.0,0.0,151,3,2
58,0,1.0,0.0,55,1,2
58,0,0.9643835616438357,0.0,25,12,1
29,0,1.0,0.0,40,4,2
38,0,1.0,0.0,40,1,3
41,0,1.0,0.0,66,3,3
39,0,1.0,0.0,65,1,1
22,1,1.0,2726.0,32,1,1
46,0,1.0,0.0,110,1,1
63,0,1.0,0.0,33,2,2
44,0,1.0,0.0,60,6,2
49,0,1.0,0.0,33,5,3
23,0,0.915068493150685,0.0,68,12,3
37,0,0.4136986301369863,0.0,40,3,1
27,0,0.5123287671232877,0.0,59,6,2
62,0,1.0,0.0,40,2,2
80,0,1.0,0.0,37,8,3
57,0,1.0,0.0,42,10,2
46,0,1.0,0.0,65,1,1
33,0,0.6958904109589041,0.0,51,1,2
26,0,1.0,0.0,50,3,3
45,0,1.0,0.0,37,7,1
37,0,1.0,0.0,40,9,3
23,0,1.0,0.0,51,12,3
60,0,0.9616438356164384,0.0,33,4,2
34,0,0.10410958904109589,0.0,37,3,1
26,0,1.0,0.0,44,1,3
84,0,1.0,0.0,55,1,3
26,0,1.0,0.0,50,12,2
43,0,0.3863013698630137,0.0,61,1,1
67,0,1.0,0.0,33,1,1
66,0,1.0,0.0,45,2,1
52,0,0.9726027397260274,0.0,54,6,3
34,1,1.0,6882.0,55,1,1
32,0,1.0,0.0,55,2,3
38,0,1.0,0.0,33,2,1
34,0,0.0027397260273972603,0.0,77,2,2
37,0,1.0,0.0,60,2,2
50,0,0.2465753424657534,0.0,55,2,1
26,0,0.33424657534246577,0.0,33,13,1
53,1,1.0,20334.0,62,3,2
82,0,1.0,0.0,97,2,2
46,0,1.0,0.0,40,2,2
34,0,1.0,0.0,51,1,3
68,0,1.0,0.0,55,2,1
36,0,1.0,0.0,40,1,3
24,0,1.0,0.0,47,1,2
47,0,1.0,0.0,50,1,1
76,0,1.0,0.0,70,5,3
58,0,1.0,0.0,48,1,1
35,1,1.0,8576.0,33,10,3
28,0,1.0,0.0,39,6,1
59,0,0.6794520547945205,0.0,97,6,2
32,0,1.0,0.0,65,1,2
29,0,1.0,0.0,65,1,1
65,0,1.0,0.0,40,1,2
75,1,1.0,24068.0,40,1,1
44,0,0.821917808219178,0.0,40,1,2
64,0,0.4958904109589041,0.0,33,3,2
47,0,1.0,0.0,40,2,1
60,0,1.0,0.0,52,1,3
70,0,1.0,0.0,29,8,3
39,1,1.0,5494.0,46,6,3
48,1,1.0,255600.0,84,1,3
29,0,0.8767123287671232,0.0,40,6,1
53,0,1.0,0.0,60,2,1
74,0,1.0,0.0,40,12,2
43,1,0.6356164383561644,36104.0,40,12,3
80,0,1.0,0.0,33,8,3
50,0,1.0,0.0,65,1,2
24,0,0.7041095890410959,0.0,73,12,3
44,0,1.0,0.0,51,1,2
69,0,1.0,0.0,74,1,3
47,0,1.0,0.0,58,7,1
69,0,1.0,0.0,70,1,1
53,1,1.0,3842.0,66,1,3
35,2,0.9561643835616438,82029.0,65,1,3
51,0,1.0,0.0,40,1,1
39,0,1.0,0.0,55,1,1
40,0,1.0,0.0,66,6,2
48,0,0.8328767123287671,0.0,90,12,1
43,0,1.0,0.0,55,1,1
61,0,1.0,0.0,42,1,2
37,0,1.0,0.0,75,9,2
42,0,1.0,0.0,66,6,1
52,0,1.0,0.0,60,1,1
34,0,1.0,0.0,40,3,1
39,0,1.0,0.0,82,1,1
64,0,1.0,0.0,55,8,1
66,0,0.6794520547945205,0.0,108,2,2
23,0,1.0,0.0,38,5,2
40,0,1.0,0.0,48,2,1
59,0,1.0,0.0,55,4,1
24,0,1.0,0.0,26,2,2
40,0,1.0,0.0,34,9,1
30,0,1.0,0.0,110,5,1
45,1,1.0,42210.0,37,1,1
45,0,1.0,0.0,50,8,1
32,0,0.5424657534246575,0.0,43,11,3
40,0,1.0,0.0,43,5,3
46,0,1.0,0.0,55,10,1
49,0,1.0,0.0,56,7,2
55,0,1.0,0.0,54,1,2
28,0,1.0,0.0,34,6,3
43,0,1.0,0.0,74,1,3
66,0,0.46301369863013697,0.0,33,2,3
57,0,0.07397260273972603,0.0,33,2,3
74,0,1.0,0.0,40,11,1
57,1,1.0,2729.0,66,2,2
27,0,0.40821917808219177,0.0,25,7,1
62,0,1.0,0.0,66,1,1
36,0,1.0,0.0,73,1,1
37,0,0.15342465753424658,0.0,100,11,2
27,0,0.863013698630137,0.0,33,5,3
57,0,0.6410958904109589,0.0,65,1,1
59,0,1.0,0.0,80,5,1
69,0,1.0,0.0,54,1,3
41,0,1.0,0.0,98,9,1
56,0,0.673972602739726,0.0,43,11,2
75,0,1.0,0.0,59,2,1
75,0,1.0,0.0,66,12,1
27,0,1.0,0.0,64,1,1
61,0,1.0,0.0,33,5,3
58,0,1.0,0.0,42,13,1
58,0,1.0,0.0,29,12,2
31,0,1.0,0.0,55,5,1
23,0,1.0,0.0,47,12,2
38,1,1.0,86174.0,55,1,2
45,0,0.7232876712328767,0.0,34,12,1
49,0,0.9068493150684932,0.0,50,3,3
59,0,1.0,0.0,44,1,1
61,0,1.0,0.0,51,12,1
47,0,1.0,0.0,55,9,3
55,0,1.0,0.0,85,1,1
66,0,1.0,0.0,60,7,0
59,0,1.0,0.0,49,5,0
70,0,1.0,0.0,33,12,1
74,0,1.0,0.0,44,6,2
47,0,1.0,0.0,85,3,2
36,0,1.0,0.0,47,1,3
27,0,1.0,0.0,43,1,1
37,0,1.0,0.0,48,1,3
48,0,1.0,0.0,36,6,1
52,0,1.0,0.0,44,16,2
27,0,1.0,0.0,90,2,1
68,0,0.4684931506849315,0.0,65,2,1
70,0,1.0,0.0,49,4,2
63,0,0.8876712328767123,0.0,74,2,3
47,1,1.0,26118.0,100,5,3
59,0,0.3150684931506849,0.0,33,1,2
56,0,1.0,0.0,52,1,3
38,0,1.0,0.0,44,11,2
72,1,1.0,57540.0,55,12,1
67,0,1.0,0.0,44,5,2
25,0,1.0,0.0,48,2,1
72,0,0.08493150684931507,0.0,50,2,2
43,0,1.0,0.0,43,2,3
55,0,1.0,0.0,52,4,1
30,1,1.0,2607.0,40,9,1
72,0,1.0,0.0,55,6,1
33,0,1.0,0.0,51,1,1
53,0,1.0,0.0,66,1,3
58,0,1.0,0.0,33,2,2
24,0,1.0,0.0,58,10,1
48,0,1.0,0.0,43,1,1
59,0,1.0,0.0,33,1,1
48,0,1.0,0.0,47,9,2
42,0,1.0,0.0,62,12,2
66,0,0.4136986301369863,0.0,66,2,3
69,0,1.0,0.0,55,6,3
31,0,1.0,0.0,38,1,2
49,0,1.0,0.0,51,8,3
75,0,0.7178082191780822,0.0,83,1,1
56,0,1.0,0.0,54,10,3
65,0,1.0,0.0,43,11,1
22,0,1.0,0.0,44,1,2
31,0,1.0,0.0,54,1,3
65,0,1.0,0.0,43,6,2
60,0,1.0,0.0,46,11,2
65,0,1.0,0.0,83,2,3
68,0,1.0,0.0,39,2,2
29,0,0.0821917808219178,0.0,66,7,2
65,1,0.2684931506849315,57606.0,55,1,3
48,0,1.0,0.0,51,1,1
39,1,1.0,2630.0,54,4,2
74,0,1.0,0.0,48,2,2
45,0,1.0,0.0,54,10,2
52,0,1.0,0.0,60,5,3
70,0,1.0,0.0,40,5,3
38,0,1.0,0.0,43,1,3
67,0,1.0,0.0,60,1,2
26,0,1.0,0.0,55,1,1
28,0,1.0,0.0,60,1,2
48,0,1.0,0.0,61,1,2
28,0,0.057534246575342465,0.0,49,1,1
34,1,1.0,19907.0,50,2,2
48,0,1.0,0.0,40,5,1
46,1,0.6657534246575343,5178.0,64,7,1
31,0,1.0,0.0,85,4,2
58,0,0.8410958904109589,0.0,46,2,2
64,0,1.0,0.0,44,1,2
62,1,0.5068493150684932,2857.0,39,1,1
36,0,1.0,0.0,39,2,1
42,0,1.0,0.0,66,3,1
70,1,1.0,2607.0,74,12,1
44,0,1.0,0.0,33,10,1
65,1,1.0,7876.0,43,7,1
35,0,1.0,0.0,55,1,1
36,0,0.1726027397260274,0.0,66,6,2
43,0,1.0,0.0,43,2,2
60,0,1.0,0.0,40,9,3
67,0,1.0,0.0,33,2,2
48,0,1.0,0.0,55,8,3
25,0,1.0,0.0,66,11,2
55,0,1.0,0.0,107,2,3
69,0,1.0,0.0,43,1,1
63,0,0.9643835616438357,0.0,75,7,2
46,0,1.0,0.0,47,1,3
73,0,1.0,0.0,79,2,3
32,1,1.0,6066.0,49,5,1
69,0,1.0,0.0,53,1,1
45,0,0.958904109589041,0.0,40,2,1
72,0,1.0,0.0,54,4,2
39,0,1.0,0.0,55,5,1
21,0,1.0,0.0,47,3,2
49,0,1.0,0.0,29,1,1
35,0,1.0,0.0,55,2,3
51,0,1.0,0.0,65,1,1
32,0,0.726027397260274,0.0,49,7,3
60,0,1.0,0.0,37,1,2
40,0,0.6767123287671233,0.0,55,2,3
42,0,1.0,0.0,31,5,1
25,0,1.0,0.0,62,1,2
66,0,0.0027397260273972603,0.0,86,1,1
46,0,1.0,0.0,55,1,3
54,0,1.0,0.0,49,2,2
35,0,0.336986301369863,0.0,47,1,1
69,1,1.0,8792.0,26,1,2
60,0,1.0,0.0,90,13,2
65,1,1.0,15763.0,61,4,1
48,1,1.0,17418.0,40,2,3
39,0,1.0,0.0,44,7,2
28,0,1.0,0.0,44,1,2
20,0,1.0,0.0,60,1,3
36,0,1.0,0.0,83,11,3
35,0,0.8054794520547945,0.0,85,2,2
28,0,1.0,0.0,66,1,1
40,0,1.0,0.0,55,1,1
25,1,1.0,2420.0,55,1,2
34,0,1.0,0.0,47,1,2
36,0,1.0,0.0,33,1,3
56,0,1.0,0.0,101,1,2
56,0,1.0,0.0,60,4,1
27,0,1.0,0.0,86,1,1
36,0,1.0,0.0,47,5,2
25,1,0.673972602739726,9625.0,61,8,1
68,0,1.0,0.0,50,1,3
55,0,1.0,0.0,55,2,3
85,0,1.0,0.0,65,11,1
61,0,1.0,0.0,40,2,1
41,0,1.0,0.0,84,1,2
62,1,1.0,121902.0,92,2,3
26,0,1.0,0.0,77,11,3
34,0,1.0,0.0,51,2,2
33,0,1.0,0.0,66,6,2
32,0,1.0,0.0,78,6,2
46,0,1.0,0.0,66,3,2
47,0,1.0,0.0,53,1,2
41,0,1.0,0.0,54,10,2
27,1,1.0,5850.0,55,1,3
46,0,1.0,0.0,73,2,1
33,1,1.0,65000.0,76,2,1
60,0,1.0,0.0,40,1,2
49,0,1.0,0.0,33,6,3
73,0,1.0,0.0,43,1,2
40,0,0.8794520547945206,0.0,40,2,3
54,0,1.0,0.0,49,1,1
47,0,0.42191780821917807,0.0,51,1,1
56,1,1.0,65997.0,50,9,1
30,0,1.0,0.0,85,12,2
65,0,1.0,0.0,40,9,3
51,1,0.4273972602739726,83000.0,40,2,2
35,2,0.34794520547945207,143777.0,25,12,2
38,0,0.3095890410958904,0.0,40,1,2
57,0,1.0,0.0,63,12,1
68,0,1.0,0.0,50,1,3
67,0,1.0,0.0,70,1,2
43,1,1.0,5566.0,33,9,1
57,0,0.6520547945205479,0.0,39,11,1
40,0,0.8904109589041096,0.0,66,4,3
49,0,1.0,0.0,37,10,1
46,0,1.0,0.0,55,1,2
27,0,0.7917808219178082,0.0,68,11,2
40,0,1.0,0.0,44,3,2
57,0,1.0,0.0,60,3,3
62,0,1.0,0.0,77,1,2
37,0,0.4328767123287671,0.0,61,11,1
66,0,0.8383561643835616,0.0,61,3,1
56,0,1.0,0.0,70,1,1
40,0,0.0958904109589041,0.0,53,4,1
25,0,1.0,0.0,53,2,1
64,0,1.0,0.0,81,2,0
55,0,1.0,0.0,40,1,1
30,0,0.4958904109589041,0.0,60,2,3
78,0,1.0,0.0,33,1,3
30,0,1.0,0.0,96,8,1
59,0,1.0,0.0,40,1,3
47,0,1.0,0.0,55,11,2
65,0,1.0,0.0,43,2,3
36,0,1.0,0.0,50,1,1
59,0,1.0,0.0,100,6,1
49,0,0.0410958904109589,0.0,40,1,1
25,0,1.0,0.0,34,7,2
39,0,1.0,0.0,74,1,2
20,0,0.8383561643835616,0.0,55,11,1
27,1,1.0,57540.0,66,10,3
43,0,1.0,0.0,54,5,1
29,1,1.0,5218.0,90,10,3
40,0,1.0,0.0,40,1,1
40,0,0.3013698630136986,0.0,55,2,2
31,1,1.0,6066.0,40,1,2
72,0,1.0,0.0,50,2,3
56,0,1.0,0.0,85,16,2
71,0,1.0,0.0,33,5,1
48,0,1.0,0.0,68,1,2
58,0,1.0,0.0,47,11,3
73,0,1.0,0.0,59,3,3
35,0,1.0,0.0,53,10,2
30,0,1.0,0.0,25,10,3
28,0,1.0,0.0,43,9,2
39,0,1.0,0.0,40,1,3
58,0,0.5835616438356165,0.0,55,1,1
36,0,0.4958904109589041,0.0,51,11,1
65,0,1.0,0.0,62,6,3
34,0,0.4054794520547945,0.0,33,1,1
28,0,1.0,0.0,64,1,3
47,0,1.0,0.0,40,2,3
34,0,0.8602739726027397,0.0,43,1,1
26,0,0.8465753424657534,0.0,66,2,2
58,0,0.4986301369863014,0.0,65,12,2
53,0,1.0,0.0,55,10,1
59,0,0.8383561643835616,0.0,77,8,1
47,0,1.0,0.0,33,8,1
38,0,1.0,0.0,55,4,1
42,1,1.0,64362.0,55,1,1
62,0,1.0,0.0,75,6,2
51,1,1.0,39000.0,66,1,1
34,0,1.0,0.0,40,1,3
23,0,1.0,0.0,43,1,3
69,0,1.0,0.0,70,3,3
48,0,1.0,0.0,85,15,1
24,1,1.0,105000.0,75,10,2
45,0,1.0,0.0,56,1,1
49,0,1.0,0.0,33,1,3
38,0,1.0,0.0,44,1,2
54,0,1.0,0.0,50,5,1
49,0,1.0,0.0,55,5,2
27,0,1.0,0.0,60,12,1
27,0,1.0,0.0,65,5,2
28,0,1.0,0.0,59,1,2
62,0,0.7095890410958904,0.0,44,1,2
35,0,1.0,0.0,47,3,1
36,0,1.0,0.0,52,9,1
25,1,1.0,3842.0,66,1,3
65,1,0.36712328767123287,51304.0,53,2,1
43,0,1.0,0.0,40,1,3
38,0,0.44931506849315067,0.0,33,2,2
47,0,0.6657534246575343,0.0,83,9,3
43,0,1.0,0.0,29,2,1
35,0,1.0,0.0,46,6,3
55,0,1.0,0.0,66,12,3
41,0,1.0,0.0,41,1,1
52,0,1.0,0.0,66,7,3
48,1,1.0,57540.0,55,8,2
31,0,1.0,0.0,42,1,2
43,0,1.0,0.0,39,11,3
46,0,1.0,0.0,40,1,1
64,0,1.0,0.0,37,1,3
26,0,1.0,0.0,49,10,1
78,0,1.0,0.0,98,6,3
72,0,0.20821917808219179,0.0,85,1,1
27,0,0.7123287671232876,0.0,40,12,3
61,0,0.915068493150685,0.0,65,1,1
42,0,1.0,0.0,100,8,3
55,1,1.0,119132.0,43,1,2
46,0,1.0,0.0,51,3,1
50,0,1.0,0.0,51,1,2
29,0,1.0,0.0,50,6,1
52,0,1.0,0.0,48,6,1
73,0,1.0,0.0,50,2,1
52,0,1.0,0.0,40,1,3
33,0,1.0,0.0,40,1,1
36,0,0.10136986301369863,0.0,59,1,1
54,0,1.0,0.0,33,6,1
29,0,1.0,0.0,43,1,2
42,0,0.9945205479452055,0.0,65,12,1
67,0,1.0,0.0,73,2,1
49,0,1.0,0.0,33,1,1
35,0,0.2958904109589041,0.0,43,1,1
72,1,1.0,57540.0,29,1,1
24,0,0.7013698630136986,0.0,85,10,1
85,0,1.0,0.0,40,1,3
34,0,1.0,0.0,66,7,1
40,0,1.0,0.0,85,2,3
50,0,0.7479452054794521,0.0,40,12,3
32,1,0.17534246575342466,1283146.0,66,3,2
42,0,1.0,0.0,90,6,1
68,0,0.9452054794520548,0.0,48,4,1
64,0,1.0,0.0,65,1,1
66,0,1.0,0.0,83,11,1
64,0,0.0547945205479452,0.0,51,1,1
44,0,1.0,0.0,40,9,3
42,0,1.0,0.0,81,1,2
18,0,0.1863013698630137,0.0,37,3,2
70,0,1.0,0.0,80,7,2
22,0,1.0,0.0,33,10,1
47,0,1.0,0.0,85,9,2
60,0,1.0,0.0,42,1,1
48,0,1.0,0.0,46,1,3
70,0,1.0,0.0,66,1,3
36,0,1.0,0.0,55,2,3
62,0,1.0,0.0,110,1,2
22,0,1.0,0.0,29,3,1
48,0,1.0,0.0,66,1,2
57,0,1.0,0.0,37,1,1
69,0,1.0,0.0,47,12,3
38,0,1.0,0.0,43,4,1
38,0,1.0,0.0,37,8,1
51,0,1.0,0.0,55,2,1
47,0,1.0,0.0,90,1,3
41,0,1.0,0.0,66,9,3
47,0,1.0,0.0,37,1,3
49,0,1.0,0.0,46,1,1
42,0,1.0,0.0,40,1,2
65,0,1.0,0.0,43,2,3
32,0,1.0,0.0,87,1,1
40,0,1.0,0.0,37,1,3
39,1,1.0,256884.0,53,8,3
29,0,1.0,0.0,66,12,2
34,0,1.0,0.0,66,11,1
42,0,0.09315068493150686,0.0,33,1,1
61,0,1.0,0.0,43,1,2
50,0,1.0,0.0,47,11,1
32,0,1.0,0.0,46,11,1
47,0,0.17534246575342466,0.0,63,2,1
39,0,1.0,0.0,66,1,1
56,0,1.0,0.0,40,1,3
31,0,1.0,0.0,40,1,1
39,0,1.0,0.0,55,1,1
56,0,1.0,0.0,51,4,2
37,0,1.0,0.0,40,1,3
50,0,1.0,0.0,43,2,1
75,1,1.0,48407.0,40,12,1
35,0,1.0,0.0,74,1,2
47,0,1.0,0.0,55,2,1
74,0,0.8191780821917808,0.0,55,5,1
23,1,1.0,18500.0,55,2,1
66,0,1.0,0.0,59,20,1
48,0,1.0,0.0,40,1,1
41,0,1.0,0.0,54,6,1
46,0,1.0,0.0,100,7,1
33,1,1.0,73900.0,38,9,1
35,0,1.0,0.0,51,5,1
70,0,1.0,0.0,55,1,3
64,0,1.0,0.0,108,9,1
36,0,0.726027397260274,0.0,40,1,1
24,1,0.7150684931506849,103847.0,33,1,1
25,0,1.0,0.0,40,1,3
60,0,1.0,0.0,89,3,2
42,0,1.0,0.0,60,1,1
42,0,1.0,0.0,54,1,2
67,0,1.0,0.0,33,8,2
42,0,0.08493150684931507,0.0,60,2,2
59,0,1.0,0.0,33,2,2
37,0,1.0,0.0,43,3,1
80,0,1.0,0.0,48,14,2
30,0,1.0,0.0,54,1,1
34,0,1.0,0.0,29,1,2
36,0,1.0,0.0,55,3,1
40,0,0.2,0.0,77,11,1
46,1,1.0,2607.0,44,9,3
45,0,0.6657534246575343,0.0,36,1,2
44,0,1.0,0.0,38,1,3
52,0,0.4821917808219178,0.0,55,1,1
29,0,1.0,0.0,61,1,1
65,0,1.0,0.0,64,1,3
59,0,1.0,0.0,44,2,3
63,0,1.0,0.0,40,2,2
55,0,1.0,0.0,65,1,1
36,0,1.0,0.0,55,1,2
49,0,1.0,0.0,74,3,2
60,0,1.0,0.0,92,10,1
54,0,1.0,0.0,60,1,1
31,0,1.0,0.0,40,1,3
54,2,0.16164383561643836,128920.0,64,1,1
58,0,1.0,0.0,45,1,3
75,0,1.0,0.0,91,1,1
43,0,1.0,0.0,51,1,3
83,0,1.0,0.0,40,1,1
44,0,1.0,0.0,75,2,1
44,0,1.0,0.0,47,1,1
49,0,1.0,0.0,74,10,1
70,0,1.0,0.0,92,10,1
63,0,1.0,0.0,98,1,2
43,0,0.01643835616438356,0.0,63,3,2
50,0,0.3287671232876712,0.0,44,11,2
37,1,1.0,36000.0,40,12,1
72,0,1.0,0.0,44,1,3
35,0,0.9452054794520548,0.0,40,6,3
43,0,1.0,0.0,53,1,1
62,0,1.0,0.0,51,3,3
55,0,0.8547945205479452,0.0,55,8,2
45,0,0.7726027397260274,0.0,40,5,3
46,0,1.0,0.0,54,17,3
25,0,1.0,0.0,60,1,2
70,0,1.0,0.0,50,8,3
52,0,1.0,0.0,55,7,1
53,0,1.0,0.0,85,1,2
87,0,0.40273972602739727,0.0,33,1,1
57,0,1.0,0.0,103,12,3
49,1,1.0,2867.0,60,2,3
56,0,1.0,0.0,33,1,1
45,2,0.8575342465753425,37644.0,61,1,2
41,0,1.0,0.0,44,1,1
52,0,1.0,0.0,90,1,3
36,1,1.0,5850.0,44,2,3
39,0,1.0,0.0,63,2,1
54,0,0.01643835616438356,0.0,37,12,1
27,0,0.5123287671232877,0.0,43,2,1
43,0,1.0,0.0,51,10,3
27,0,0.915068493150685,0.0,40,1,1
47,0,1.0,0.0,48,1,2
49,1,0.8191780821917808,3183.0,33,2,1
25,0,0.5150684931506849,0.0,55,1,2
28,0,1.0,0.0,49,1,3
48,0,1.0,0.0,53,10,1
30,0,1.0,0.0,51,10,3
26,1,1.0,16564.0,48,6,3
43,1,1.0,2607.0,66,1,3
44,0,0.2465753424657534,0.0,40,1,2
66,0,1.0,0.0,54,1,1
31,0,1.0,0.0,40,6,2
43,0,1.0,0.0,49,9,2
32,0,1.0,0.0,55,2,1
35,0,1.0,0.0,37,18,2
56,0,0.41643835616438357,0.0,33,1,3
45,0,1.0,0.0,60,7,1
29,0,1.0,0.0,40,7,3
25,0,1.0,0.0,51,1,1
75,0,1.0,0.0,37,4,3
52,0,1.0,0.0,88,1,2
27,0,1.0,0.0,60,1,1
40,1,1.0,5408.0,74,12,3
45,0,0.9260273972602739,0.0,33,7,1
28,0,1.0,0.0,55,3,3
50,0,1.0,0.0,37,1,2
31,0,1.0,0.0,88,12,2
45,0,1.0,0.0,80,1,2
50,0,1.0,0.0,25,7,3
45,0,1.0,0.0,75,9,2
36,0,1.0,0.0,55,1,1
46,0,1.0,0.0,42,2,1
49,0,1.0,0.0,40,2,1
75,0,0.5424657534246575,0.0,85,1,1
67,0,0.25753424657534246,0.0,89,6,1
33,0,0.0027397260273972603,0.0,33,1,2
40,0,1.0,0.0,33,1,1
56,0,0.5041095890410959,0.0,60,3,2
25,0,1.0,0.0,44,2,3
37,0,1.0,0.0,55,6,3
34,0,0.8328767123287671,0.0,97,6,3
71,0,1.0,0.0,66,1,1
41,0,0.25753424657534246,0.0,77,3,2
24,0,1.0,0.0,55,10,3
66,0,1.0,0.0,74,1,1
47,0,0.2465753424657534,0.0,66,2,3
28,0,0.5671232876712329,0.0,66,3,3
53,0,1.0,0.0,40,2,1
40,0,1.0,0.0,33,1,3
50,0,1.0,0.0,66,2,2
31,0,1.0,0.0,51,1,3
40,0,0.7479452054794521,0.0,44,3,2
33,0,0.8904109589041096,0.0,59,1,2
46,0,1.0,0.0,51,1,1
46,2,1.0,81500.0,40,2,1
63,0,1.0,0.0,37,2,2
38,0,1.0,0.0,55,1,1
35,0,1.0,0.0,62,9,2
73,1,1.0,2607.0,51,10,1
50,0,1.0,0.0,60,1,2
35,0,1.0,0.0,40,1,2
34,0,1.0,0.0,66,10,3
40,0,1.0,0.0,62,4,1
75,0,1.0,0.0,50,7,1
23,2,1.0,24378.0,68,1,2
65,0,0.915068493150685,0.0,51,6,1
60,0,1.0,0.0,44,12,3
66,0,1.0,0.0,55,2,3
44,2,1.0,3264.0,68,4,1
26,1,1.0,15404.0,39,2,3
72,0,1.0,0.0,21,3,2
71,0,1.0,0.0,29,1,1
45,0,1.0,0.0,77,6,3
49,0,1.0,0.0,53,3,1
71,0,1.0,0.0,65,1,1
64,0,0.03287671232876712,0.0,57,1,1
41,0,1.0,0.0,54,7,2
35,1,1.0,99090.0,39,2,1
43,1,1.0,279539.0,43,1,1
28,0,0.810958904109589,0.0,81,6,1
27,1,1.0,6414.0,54,1,1
65,0,1.0,0.0,51,1,1
51,0,1.0,0.0,55,10,2
71,0,1.0,0.0,65,3,2
31,0,1.0,0.0,40,2,3
43,0,1.0,0.0,63,3,1
39,0,1.0,0.0,71,11,0
51,0,0.9835616438356164,0.0,40,8,1
38,0,1.0,0.0,51,10,1
67,0,0.5835616438356165,0.0,82,1,2
64,0,1.0,0.0,79,2,1
45,0,1.0,0.0,76,1,1
39,0,1.0,0.0,51,5,1
78,0,1.0,0.0,44,1,2
48,1,1.0,124378.0,44,1,2
49,0,1.0,0.0,101,1,3
41,0,1.0,0.0,47,10,2
43,0,1.0,0.0,55,2,3
47,0,1.0,0.0,44,3,2
29,0,0.3780821917808219,0.0,44,1,1
81,0,1.0,0.0,47,1,2
47,0,1.0,0.0,69,2,1
43,0,1.0,0.0,74,1,3
58,0,1.0,0.0,68,8,1
39,0,1.0,0.0,100,1,1
34,0,1.0,0.0,38,1,2
54,0,0.10684931506849316,0.0,63,6,3
43,0,1.0,0.0,56,5,2
20,0,1.0,0.0,80,9,1
30,0,1.0,0.0,56,3,3
38,0,1.0,0.0,62,8,1
75,0,1.0,0.0,53,1,1
30,0,0.40821917808219177,0.0,47,1,2
22,1,0.34794520547945207,103000.0,39,10,1
31,0,1.0,0.0,44,2,1
69,0,1.0,0.0,78,2,2
40,0,0.37534246575342467,0.0,55,1,3
36,0,1.0,0.0,37,2,2
50,0,1.0,0.0,43,2,3
65,0,1.0,0.0,51,10,3
26,1,1.0,57540.0,37,3,2
60,0,1.0,0.0,51,11,3
40,0,1.0,0.0,33,1,1
47,0,1.0,0.0,51,10,1
52,0,0.2465753424657534,0.0,55,3,2
62,0,0.8438356164383561,0.0,52,1,3
76,0,1.0,0.0,66,2,2
77,0,1.0,0.0,38,4,3
43,0,1.0,0.0,90,5,3
35,0,1.0,0.0,55,1,2
58,0,1.0,0.0,44,10,3
38,0,1.0,0.0,55,8,1
31,0,0.3698630136986301,0.0,35,2,1
59,0,1.0,0.0,88,10,2
28,0,1.0,0.0,40,2,1
55,1,1.0,8891.0,55,6,3
67,0,1.0,0.0,41,11,3
51,1,0.8794520547945206,85300.0,83,1,2
75,0,1.0,0.0,38,1,3
75,0,1.0,0.0,66,1,1
30,0,1.0,0.0,54,2,2
22,0,0.38904109589041097,0.0,47,1,3
47,0,0.1643835616438356,0.0,33,1,3
56,0,1.0,0.0,55,3,1
49,0,1.0,0.0,38,1,3
51,0,1.0,0.0,47,2,3
47,0,1.0,0.0,55,2,1
54,0,1.0,0.0,65,9,1
71,1,1.0,809697.0,32,3,1
57,0,1.0,0.0,51,2,2
52,0,1.0,0.0,47,9,1
45,2,1.0,8329.0,85,2,2
43,0,1.0,0.0,40,1,1
28,0,1.0,0.0,38,1,2
34,0,1.0,0.0,55,8,1
31,0,1.0,0.0,41,2,2
51,0,1.0,0.0,38,3,1
25,0,1.0,0.0,55,3,3
49,0,1.0,0.0,36,3,1
55,0,1.0,0.0,33,5,1
37,0,1.0,0.0,33,2,3
62,0,0.4191780821917808,0.0,83,1,1
31,0,1.0,0.0,78,2,1
42,0,1.0,0.0,40,3,3
46,0,1.0,0.0,33,2,2
32,0,1.0,0.0,32,9,2
35,0,1.0,0.0,70,1,2
47,0,1.0,0.0,39,1,2
30,0,0.4136986301369863,0.0,40,1,2
46,0,1.0,0.0,33,2,2
42,0,0.6356164383561644,0.0,52,1,1
60,0,1.0,0.0,55,1,2
41,0,0.052054794520547946,0.0,55,6,1
43,0,1.0,0.0,65,9,1
47,0,0.9397260273972603,0.0,50,3,1
42,0,0.6657534246575343,0.0,59,5,3
33,0,1.0,0.0,37,3,3
24,0,1.0,0.0,33,2,2
45,0,0.14520547945205478,0.0,66,2,2
52,0,1.0,0.0,94,2,1
46,0,0.7726027397260274,0.0,68,9,2
77,0,1.0,0.0,75,6,3
81,0,0.9068493150684932,0.0,53,1,3
35,0,1.0,0.0,55,7,2
41,0,1.0,0.0,80,4,3
47,0,1.0,0.0,100,12,2
71,0,1.0,0.0,51,2,2
28,1,1.0,55000.0,33,3,1
44,0,1.0,0.0,39,2,1
37,0,1.0,0.0,65,1,1
44,0,1.0,0.0,43,1,3
64,0,1.0,0.0,50,6,1
75,0,0.9945205479452055,0.0,75,2,1
52,0,1.0,0.0,55,7,3
42,0,1.0,0.0,90,15,2
28,0,0.3150684931506849,0.0,33,1,3
57,2,1.0,213285.0,58,4,3
38,0,1.0,0.0,38,1,3
28,0,1.0,0.0,40,1,3
35,0,1.0,0.0,37,1,2
36,0,1.0,0.0,40,2,2
42,0,1.0,0.0,92,21,3
70,0,1.0,0.0,40,6,2
56,1,1.0,5324.0,110,5,1
50,0,1.0,0.0,44,3,1
50,0,1.0,0.0,38,1,2
36,0,1.0,0.0,34,1,2
81,0,1.0,0.0,88,2,3
28,0,1.0,0.0,44,1,3
37,0,1.0,0.0,63,8,1
51,0,1.0,0.0,37,1,3
47,1,0.6,124746.0,40,2,2
42,0,1.0,0.0,40,8,2
43,0,1.0,0.0,100,1,1
39,0,0.4136986301369863,0.0,43,12,1
66,0,1.0,0.0,55,2,2
56,0,1.0,0.0,95,2,2
39,0,1.0,0.0,66,10,2
47,0,1.0,0.0,33,10,2
24,1,1.0,121902.0,37,1,1
48,0,0.08493150684931507,0.0,64,3,1
36,0,0.38082191780821917,0.0,37,2,3
36,0,1.0,0.0,44,2,1
50,0,0.24383561643835616,0.0,47,1,2
43,0,1.0,0.0,61,1,2
53,0,1.0,0.0,66,1,3
58,0,1.0,0.0,66,1,3
40,0,1.0,0.0,60,1,3
33,1,1.0,181201.0,43,6,2
47,0,1.0,0.0,43,4,2
56,0,1.0,0.0,37,15,2
45,0,1.0,0.0,73,1,3
25,0,0.13150684931506848,0.0,40,1,3
74,0,0.4273972602739726,0.0,70,8,3
46,0,1.0,0.0,85,11,2
40,0,1.0,0.0,55,1,3
44,0,0.4547945205479452,0.0,43,4,2
50,0,1.0,0.0,51,12,1
63,0,1.0,0.0,47,1,2
48,0,1.0,0.0,33,1,2
29,0,1.0,0.0,88,3,1
37,0,0.01643835616438356,0.0,47,10,1
38,0,1.0,0.0,40,1,1
38,1,1.0,34192.0,33,8,3
51,0,1.0,0.0,43,8,1
50,0,1.0,0.0,44,1,2
54,0,1.0,0.0,66,2,2
22,0,1.0,0.0,44,1,3
74,0,1.0,0.0,84,7,1
44,0,1.0,0.0,44,7,2
51,0,0.32054794520547947,0.0,60,1,3
44,0,1.0,0.0,85,7,1
33,0,1.0,0.0,39,7,3
56,0,1.0,0.0,25,5,2
42,0,1.0,0.0,40,5,2
48,0,1.0,0.0,40,2,1
55,0,0.821917808219178,0.0,50,12,1
28,0,1.0,0.0,57,13,1
44,1,1.0,36509.0,33,1,3
41,0,0.16164383561643836,0.0,50,1,3
45,0,1.0,0.0,44,1,2
32,0,1.0,0.0,55,1,1
31,0,1.0,0.0,90,2,1
51,0,1.0,0.0,52,6,2
55,0,1.0,0.0,42,5,1
55,1,1.0,38675.0,54,1,3
38,0,1.0,0.0,44,3,1
37,0,1.0,0.0,55,1,2
61,0,1.0,0.0,66,1,2
45,0,1.0,0.0,60,1,2
50,0,1.0,0.0,94,1,1
35,0,1.0,0.0,33,1,2
43,0,1.0,0.0,47,6,1
32,0,1.0,0.0,55,8,1
41,0,1.0,0.0,65,2,3
37,0,1.0,0.0,44,8,1
38,0,1.0,0.0,29,2,1
52,0,1.0,0.0,40,1,1
45,0,0.5506849315068493,0.0,47,2,1
38,0,1.0,0.0,55,1,1
36,0,0.5041095890410959,0.0,55,11,3
40,0,1.0,0.0,44,2,2
31,0,1.0,0.0,51,10,2
30,0,0.15342465753424658,0.0,40,3,1
54,0,1.0,0.0,48,1,1
34,0,1.0,0.0,55,1,1
73,0,1.0,0.0,47,1,3
67,0,1.0,0.0,49,4,2
58,0,1.0,0.0,66,10,1
57,0,1.0,0.0,63,6,3
47,0,1.0,0.0,40,2,1
77,0,1.0,0.0,66,11,3
32,0,1.0,0.0,25,11,1
28,0,1.0,0.0,40,10,1
84,0,1.0,0.0,141,3,1
50,0,1.0,0.0,39,2,3
48,0,0.25205479452054796,0.0,47,6,3
45,0,1.0,0.0,66,1,1
55,0,1.0,0.0,74,12,1
63,0,1.0,0.0,33,4,2
40,0,1.0,0.0,43,2,3
30,1,0.9424657534246575,57540.0,40,1,3
29,0,1.0,0.0,55,11,2
64,0,1.0,0.0,51,12,1
36,1,1.0,6534.0,76,2,3
53,0,1.0,0.0,40,6,2
69,1,1.0,2856.0,60,10,1
37,0,0.8328767123287671,0.0,55,1,2
45,0,1.0,0.0,41,2,1
64,0,1.0,0.0,37,1,1
57,0,1.0,0.0,33,1,1
49,0,0.4958904109589041,0.0,55,9,1
64,1,1.0,57540.0,77,2,2
40,0,1.0,0.0,59,13,2
55,0,1.0,0.0,33,12,3
26,0,0.5808219178082191,0.0,55,1,2
35,0,1.0,0.0,36,2,1
40,0,1.0,0.0,55,1,2
55,0,1.0,0.0,64,1,3
67,0,1.0,0.0,44,1,1
39,0,1.0,0.0,78,2,3
50,1,0.915068493150685,6314.0,44,10,2
72,0,1.0,0.0,57,2,1
49,0,1.0,0.0,40,6,3
74,0,1.0,0.0,55,14,3
38,0,0.07671232876712329,0.0,66,1,3
60,0,1.0,0.0,25,1,1
75,0,1.0,0.0,44,1,3
32,0,1.0,0.0,51,1,1
55,0,0.6547945205479452,0.0,70,1,3
66,1,1.0,56481.0,75,2,2
45,1,1.0,55000.0,43,2,1
67,0,1.0,0.0,66,1,3
38,0,1.0,0.0,40,6,3
49,0,1.0,0.0,68,11,2
21,0,1.0,0.0,44,7,1
35,0,1.0,0.0,40,12,1
29,0,1.0,0.0,53,2,1
29,0,1.0,0.0,44,12,2
33,0,1.0,0.0,66,2,1
38,0,1.0,0.0,66,6,1
26,0,1.0,0.0,140,10,1
27,0,1.0,0.0,40,7,1
32,0,1.0,0.0,83,3,3
31,0,1.0,0.0,42,4,1
53,0,1.0,0.0,74,12,2
62,0,1.0,0.0,59,1,1
35,0,1.0,0.0,60,1,2
36,0,1.0,0.0,39,1,1
30,0,1.0,0.0,55,1,1
48,0,0.27123287671232876,0.0,51,11,1
29,0,1.0,0.0,47,12,2
32,0,1.0,0.0,33,1,3
48,0,1.0,0.0,55,1,2
24,0,1.0,0.0,40,1,3
47,0,1.0,0.0,66,12,3
49,0,1.0,0.0,25,5,3
40,0,1.0,0.0,55,6,3
69,0,1.0,0.0,44,2,1
64,0,1.0,0.0,44,5,1
34,0,0.2493150684931507,0.0,66,2,1
60,0,1.0,0.0,67,1,1
36,0,0.2684931506849315,0.0,33,8,1
50,0,0.13424657534246576,0.0,75,1,1
52,0,1.0,0.0,60,2,3
51,0,1.0,0.0,68,6,1
21,0,1.0,0.0,43,9,3
54,0,1.0,0.0,60,1,1
70,0,1.0,0.0,66,13,1
49,1,1.0,6922.0,51,8,2
63,0,1.0,0.0,57,1,3
45,0,0.2356164383561644,0.0,83,1,2
33,0,1.0,0.0,66,1,2
29,0,1.0,0.0,56,1,1
75,0,1.0,0.0,37,2,3
41,0,1.0,0.0,55,2,3
33,0,0.4767123287671233,0.0,37,1,2
33,0,1.0,0.0,40,1,2
63,1,1.0,57540.0,43,6,2
43,0,1.0,0.0,68,7,2
40,0,1.0,0.0,49,1,2
60,0,1.0,0.0,40,1,1
73,0,0.3315068493150685,0.0,40,1,2
51,0,1.0,0.0,66,1,1
47,1,1.0,47000.0,43,2,1
48,0,1.0,0.0,75,10,1
63,0,1.0,0.0,39,1,1
58,0,1.0,0.0,65,12,2
25,1,1.0,5850.0,67,5,1
54,0,0.23835616438356164,0.0,44,12,3
47,0,1.0,0.0,42,2,2
58,1,0.36712328767123287,6764.0,55,16,1
46,0,1.0,0.0,37,1,3
41,0,1.0,0.0,64,6,1
48,0,1.0,0.0,81,1,1
40,0,0.7315068493150685,0.0,19,2,2
81,0,1.0,0.0,40,2,1
52,0,1.0,0.0,55,2,1
28,0,1.0,0.0,44,1,1
46,0,1.0,0.0,55,1,1
75,0,1.0,0.0,59,5,0
33,0,1.0,0.0,37,3,1
30,0,1.0,0.0,44,6,2
53,0,1.0,0.0,69,1,2
47,0,1.0,0.0,77,12,3
37,0,0.6410958904109589,0.0,40,5,2
56,0,1.0,0.0,40,2,1
47,0,1.0,0.0,48,1,2
26,0,1.0,0.0,54,4,3
56,0,1.0,0.0,36,1,1
34,0,1.0,0.0,55,1,1
40,1,1.0,2607.0,85,2,1
54,0,1.0,0.0,89,8,2
51,0,0.3232876712328767,0.0,37,1,1
28,0,1.0,0.0,136,2,3
40,1,0.8794520547945206,50000.0,60,1,2
46,0,1.0,0.0,38,11,2
39,2,1.0,60302.0,50,7,1
24,0,1.0,0.0,110,1,1
62,0,1.0,0.0,33,11,2
70,0,1.0,0.0,40,1,1
31,0,1.0,0.0,39,5,1
62,0,1.0,0.0,63,1,2
64,0,1.0,0.0,74,10,1
76,0,1.0,0.0,39,1,3
50,0,1.0,0.0,53,1,2
40,0,1.0,0.0,66,1,1
68,0,1.0,0.0,44,1,3
31,0,1.0,0.0,51,2,1
74,0,0.40273972602739727,0.0,42,1,1
44,0,0.684931506849315,0.0,84,1,3
32,0,1.0,0.0,55,8,1
67,0,1.0,0.0,40,6,2
41,0,0.8794520547945206,0.0,66,1,1
42,0,1.0,0.0,55,1,3
66,1,1.0,5850.0,81,1,1
35,1,1.0,23632.0,93,10,2
28,1,1.0,2607.0,87,6,2
92,0,1.0,0.0,33,1,0
35,0,1.0,0.0,49,3,2
45,0,0.6657534246575343,0.0,36,1,2
59,0,1.0,0.0,45,1,3
88,0,0.4301369863013699,0.0,37,1,1
35,0,1.0,0.0,100,2,3
38,0,1.0,0.0,110,5,1
23,1,1.0,290000.0,32,4,1
56,0,0.5808219178082191,0.0,47,2,1
49,0,1.0,0.0,65,1,1
29,0,1.0,0.0,55,1,3
62,0,0.3561643835616438,0.0,48,9,3
61,0,1.0,0.0,42,9,1
38,1,1.0,2607.0,66,1,1
66,0,1.0,0.0,64,1,1
56,0,1.0,0.0,44,5,3
38,0,1.0,0.0,74,12,3
25,0,1.0,0.0,43,2,1
44,1,1.0,57540.0,84,1,1
67,0,1.0,0.0,90,10,3
40,0,1.0,0.0,50,1,1
39,0,0.5616438356164384,0.0,40,2,1
28,0,1.0,0.0,40,2,3
37,0,0.915068493150685,0.0,48,1,1
51,1,1.0,38656.0,40,3,2
25,0,1.0,0.0,85,11,1
70,0,1.0,0.0,43,9,3
73,0,1.0,0.0,55,1,1
68,1,0.9013698630136986,9438.0,33,1,3
25,0,0.6,0.0,33,1,1
68,0,1.0,0.0,54,2,2
29,1,1.0,155000.0,63,2,1
45,0,1.0,0.0,44,15,2
45,1,1.0,35000.0,73,1,3
41,0,1.0,0.0,40,1,2
34,0,0.16164383561643836,0.0,65,1,2
43,0,0.7561643835616438,0.0,85,1,1
26,1,1.0,5850.0,66,1,3
22,0,1.0,0.0,96,2,1
75,0,1.0,0.0,40,2,2
29,1,1.0,2662.0,43,2,2
75,0,1.0,0.0,50,1,2
37,0,1.0,0.0,55,6,3
56,0,1.0,0.0,54,1,3
49,0,1.0,0.0,66,3,2
67,0,1.0,0.0,39,11,2
66,0,1.0,0.0,55,9,3
58,0,0.8082191780821918,0.0,42,1,3
63,2,1.0,15726.0,110,1,3
51,0,1.0,0.0,55,12,2
56,0,1.0,0.0,47,1,2
40,0,1.0,0.0,38,1,1
60,0,0.16164383561643836,0.0,48,11,1
37,0,1.0,0.0,55,6,1
58,0,1.0,0.0,55,10,1
31,0,1.0,0.0,66,2,1
70,1,1.0,6066.0,97,1,1
71,0,1.0,0.0,47,1,2
40,0,1.0,0.0,66,1,1
52,0,1.0,0.0,102,11,2
34,0,1.0,0.0,44,6,3
45,1,1.0,220000.0,51,6,1
56,1,1.0,25358.0,33,6,1
57,0,1.0,0.0,37,8,3
42,0,1.0,0.0,94,1,1
75,0,1.0,0.0,66,1,1
50,0,1.0,0.0,44,3,3
39,0,1.0,0.0,46,1,1
32,0,1.0,0.0,43,1,2
72,0,1.0,0.0,47,4,3
70,0,1.0,0.0,150,2,1
38,0,1.0,0.0,55,3,2
40,0,0.39452054794520547,0.0,25,1,2
48,0,0.5808219178082191,0.0,64,6,1
47,1,1.0,6066.0,55,1,1
47,0,1.0,0.0,54,11,3
54,0,1.0,0.0,65,2,1
56,0,0.2,0.0,58,13,1
51,0,1.0,0.0,41,9,1
74,0,1.0,0.0,103,15,1
54,0,1.0,0.0,70,12,3
76,0,1.0,0.0,43,1,1
48,0,1.0,0.0,68,1,3
44,0,1.0,0.0,40,1,2
69,1,1.0,61315.0,73,2,3
37,0,1.0,0.0,40,1,2
24,0,1.0,0.0,35,7,1
52,0,1.0,0.0,40,6,3
82,0,1.0,0.0,40,5,1
36,0,0.5808219178082191,0.0,43,1,3
58,0,1.0,0.0,43,14,3
66,0,1.0,0.0,66,1,3
34,0,1.0,0.0,55,4,3
62,0,0.9835616438356164,0.0,68,1,2
58,0,1.0,0.0,50,1,1
46,0,1.0,0.0,55,1,3
32,0,1.0,0.0,66,1,1
60,0,1.0,0.0,33,12,1
73,0,1.0,0.0,44,3,2
45,0,1.0,0.0,66,1,1
25,2,0.8767123287671232,72585.0,43,2,1
33,0,1.0,0.0,47,2,2
59,0,1.0,0.0,44,2,2
50,0,1.0,0.0,37,2,2
70,1,1.0,65256.0,60,1,3
65,0,1.0,0.0,85,1,3
64,0,1.0,0.0,95,2,3
51,0,0.8794520547945206,0.0,66,1,1
56,0,1.0,0.0,55,2,2
25,2,0.7643835616438356,247004.0,74,1,1
45,0,0.5506849315068493,0.0,74,3,1
30,0,1.0,0.0,55,1,3
45,0,0.5863013698630137,0.0,63,10,1
42,0,1.0,0.0,44,3,3
38,0,1.0,0.0,57,1,1
31,2,1.0,11916.0,55,6,1
48,0,1.0,0.0,55,6,2
28,0,1.0,0.0,47,1,1
23,0,1.0,0.0,55,1,1
28,0,1.0,0.0,44,1,1
50,0,1.0,0.0,43,1,3
28,1,0.052054794520547946,129377.0,32,3,3
55,0,1.0,0.0,66,5,1
51,2,1.0,296604.0,47,1,1
28,0,0.27123287671232876,0.0,94,4,1
66,1,1.0,5566.0,33,15,2
63,0,1.0,0.0,66,7,3
40,0,0.17534246575342466,0.0,64,11,1
34,0,1.0,0.0,40,1,1
25,0,1.0,0.0,55,1,1
35,0,1.0,0.0,44,9,3
34,0,0.9972602739726028,0.0,40,11,2
35,0,0.3287671232876712,0.0,66,11,3
51,0,1.0,0.0,55,2,2
41,0,1.0,0.0,40,4,3
29,0,0.25205479452054796,0.0,80,7,2
53,0,1.0,0.0,55,1,2
70,0,1.0,0.0,55,2,2
31,0,1.0,0.0,47,6,2
59,0,1.0,0.0,74,1,2
62,0,0.16164383561643836,0.0,64,3,1
45,1,1.0,57540.0,52,7,1
46,0,1.0,0.0,42,1,3
43,0,0.32054794520547947,0.0,44,3,2
39,0,1.0,0.0,74,11,3
35,0,0.34794520547945207,0.0,59,5,1
51,0,1.0,0.0,40,1,2
39,0,1.0,0.0,66,1,2
35,0,1.0,0.0,47,4,3
71,0,0.5013698630136987,0.0,105,11,2
30,0,1.0,0.0,47,6,3
38,0,1.0,0.0,43,1,3
27,0,0.6438356164383562,0.0,53,4,3
47,0,0.1643835616438356,0.0,65,9,1
29,0,1.0,0.0,54,3,3
36,0,1.0,0.0,33,1,0
66,0,1.0,0.0,40,12,1
33,0,1.0,0.0,36,2,3
73,0,1.0,0.0,32,12,1
47,1,0.9835616438356164,6232.0,110,2,3
49,0,0.7534246575342466,0.0,44,1,1
27,0,0.5808219178082191,0.0,77,6,3
61,0,1.0,0.0,81,1,2
72,0,0.6136986301369863,0.0,40,2,1
65,0,1.0,0.0,43,1,3
59,0,0.5863013698630137,0.0,53,4,2
59,0,1.0,0.0,37,9,2
45,0,1.0,0.0,62,1,1
42,0,1.0,0.0,90,2,2
51,0,1.0,0.0,60,11,3
56,0,1.0,0.0,49,3,3
32,0,1.0,0.0,58,4,1
50,0,1.0,0.0,25,12,2
30,0,1.0,0.0,32,1,1
68,0,1.0,0.0,55,1,1
54,0,1.0,0.0,40,11,3
36,0,0.8821917808219178,0.0,64,2,2
50,0,1.0,0.0,55,1,2
47,0,1.0,0.0,55,12,1
29,0,1.0,0.0,40,5,2
42,0,0.915068493150685,0.0,33,1,1
46,0,1.0,0.0,60,1,2
39,0,0.07671232876712329,0.0,65,2,1
56,1,0.5726027397260274,58417.0,40,11,1
44,0,0.8301369863013699,0.0,60,1,1
53,1,1.0,4452.0,40,5,2
64,0,1.0,0.0,92,5,2
28,0,1.0,0.0,40,2,3
36,0,1.0,0.0,55,1,3
41,0,1.0,0.0,33,2,3
50,0,1.0,0.0,44,2,2
49,0,1.0,0.0,54,12,2
61,0,1.0,0.0,55,8,3
33,0,0.5397260273972603,0.0,41,2,2
45,0,0.7452054794520548,0.0,40,2,1
75,0,1.0,0.0,35,1,1
41,0,1.0,0.0,68,1,3
63,0,1.0,0.0,53,1,3
70,0,1.0,0.0,66,13,2
30,0,1.0,0.0,53,5,1
74,0,1.0,0.0,66,6,2
47,0,1.0,0.0,52,7,3
34,0,1.0,0.0,55,2,1
51,0,0.8575342465753425,0.0,33,3,1
36,0,1.0,0.0,40,1,1
40,0,1.0,0.0,66,12,2
49,0,1.0,0.0,33,5,1
37,0,1.0,0.0,43,2,2
35,0,1.0,0.0,54,1,3
26,0,0.08493150684931507,0.0,67,2,1
37,0,1.0,0.0,53,12,1
72,0,0.5863013698630137,0.0,42,1,2
49,0,1.0,0.0,108,10,2
29,0,1.0,0.0,55,12,1
37,0,0.9424657534246575,0.0,46,3,2
75,0,0.4,0.0,110,1,1
34,0,1.0,0.0,51,11,1
31,0,1.0,0.0,55,1,1
62,0,0.3287671232876712,0.0,37,1,3
49,0,1.0,0.0,54,6,2
59,0,1.0,0.0,47,3,3
66,1,1.0,2607.0,84,1,3
56,0,0.9972602739726028,0.0,66,2,2
28,0,1.0,0.0,59,4,1
22,0,0.8849315068493151,0.0,54,2,3
54,0,1.0,0.0,53,10,2
21,0,1.0,0.0,55,1,2
33,0,1.0,0.0,55,1,3
21,1,0.9452054794520548,57540.0,43,1,3
44,0,1.0,0.0,96,3,3
44,0,1.0,0.0,86,1,2
54,0,0.915068493150685,0.0,44,1,1
60,0,1.0,0.0,37,1,1
45,0,1.0,0.0,53,3,1
75,0,1.0,0.0,43,1,1
67,0,1.0,0.0,44,1,2
34,0,1.0,0.0,54,5,1
41,0,1.0,0.0,40,8,1
62,0,0.726027397260274,0.0,47,12,3
66,0,1.0,0.0,48,1,2
31,0,1.0,0.0,72,1,1
31,0,1.0,0.0,66,1,2
51,0,0.8849315068493151,0.0,44,12,3
60,1,1.0,57540.0,48,3,1
35,0,1.0,0.0,66,12,1
37,0,1.0,0.0,33,2,1
39,0,1.0,0.0,19,2,3
23,0,1.0,0.0,55,1,1
67,0,1.0,0.0,46,1,1
32,0,0.8082191780821918,0.0,66,1,3
48,0,1.0,0.0,51,3,2
28,0,1.0,0.0,44,1,1
66,0,0.936986301369863,0.0,68,6,3
69,0,1.0,0.0,73,6,1
61,0,1.0,0.0,65,1,3
59,0,1.0,0.0,97,1,1
51,1,1.0,41915.0,100,1,1
46,0,1.0,0.0,40,1,1
46,0,1.0,0.0,66,2,3
49,1,1.0,145200.0,40,1,1
64,0,0.7589041095890411,0.0,55,1,1
40,0,0.3041095890410959,0.0,43,2,1
46,0,1.0,0.0,48,1,1
50,0,1.0,0.0,65,11,1
60,0,1.0,0.0,66,2,3
66,1,0.6657534246575343,3630.0,99,2,1
55,0,1.0,0.0,44,2,1
61,0,1.0,0.0,33,13,1
54,0,1.0,0.0,40,11,1
57,0,1.0,0.0,43,4,1
45,0,1.0,0.0,43,2,1
61,0,1.0,0.0,55,13,3
54,1,1.0,4452.0,43,1,1
47,0,1.0,0.0,37,1,1
53,0,1.0,0.0,36,1,2
59,0,0.9315068493150684,0.0,66,1,3
27,1,0.4410958904109589,2496.0,50,2,3
59,0,1.0,0.0,40,6,1
53,0,1.0,0.0,40,7,3
63,0,0.2876712328767123,0.0,33,1,3
31,0,0.3287671232876712,0.0,43,3,2
30,2,1.0,15675.0,59,6,0
70,0,1.0,0.0,55,4,3
39,0,0.18904109589041096,0.0,47,11,3
45,0,0.8383561643835616,0.0,55,10,1
57,0,1.0,0.0,64,2,2
25,0,1.0,0.0,55,1,1
50,0,0.4958904109589041,0.0,47,14,1
54,0,0.7506849315068493,0.0,77,5,0
37,0,1.0,0.0,68,11,1
21,0,1.0,0.0,47,13,1
70,0,1.0,0.0,66,1,1
63,0,1.0,0.0,84,1,1
55,0,1.0,0.0,34,5,3
39,0,1.0,0.0,82,2,1
43,0,1.0,0.0,66,4,3
43,0,1.0,0.0,47,5,3
43,0,0.27671232876712326,0.0,94,9,1
32,0,1.0,0.0,40,2,2
64,0,1.0,0.0,48,9,1
79,0,1.0,0.0,43,1,2
47,0,1.0,0.0,33,3,1
68,0,1.0,0.0,49,1,2
31,0,1.0,0.0,40,1,2
32,0,0.7479452054794521,0.0,50,13,1
86,1,0.08767123287671233,168576.0,69,1,3
30,0,0.7205479452054795,0.0,85,1,1
53,0,0.038356164383561646,0.0,40,6,1
37,0,1.0,0.0,73,2,1
62,0,1.0,0.0,51,10,1
42,0,1.0,0.0,65,5,2
34,0,1.0,0.0,55,1,1
28,0,1.0,0.0,47,13,1
31,0,1.0,0.0,66,13,2
60,0,0.0027397260273972603,0.0,58,1,1
60,0,1.0,0.0,66,3,3
57,0,1.0,0.0,63,2,2
62,0,1.0,0.0,55,2,1
24,0,1.0,0.0,42,1,2
51,0,1.0,0.0,35,6,3
52,1,1.0,57540.0,36,4,2
55,1,0.25753424657534246,119353.0,76,9,3
42,1,1.0,5749.0,83,6,1
47,0,0.03287671232876712,0.0,40,1,1
67,0,1.0,0.0,55,8,1
54,0,1.0,0.0,63,10,1
21,0,0.9260273972602739,0.0,66,10,1
40,0,1.0,0.0,39,1,1
41,0,0.4383561643835616,0.0,81,7,1
47,0,1.0,0.0,40,8,1
68,0,1.0,0.0,85,1,3
77,1,1.0,48867.0,55,3,3
38,1,1.0,2607.0,76,3,2
49,0,0.2465753424657534,0.0,55,12,3
37,0,1.0,0.0,55,7,3
33,0,1.0,0.0,66,2,2
51,0,0.4958904109589041,0.0,47,6,3
48,0,1.0,0.0,33,1,2
62,1,1.0,6536.0,39,5,2
75,0,1.0,0.0,33,7,1
24,0,1.0,0.0,50,8,1
47,0,1.0,0.0,39,2,1
65,0,1.0,0.0,84,1,3
49,0,1.0,0.0,47,1,2
55,0,1.0,0.0,100,8,3
43,0,0.2465753424657534,0.0,19,1,3
60,0,1.0,0.0,66,1,1
19,0,0.00821917808219178,0.0,37,1,1
42,0,1.0,0.0,67,1,2
38,1,1.0,126206.0,43,11,3
29,0,0.9178082191780822,0.0,54,1,1
42,0,1.0,0.0,33,1,3
37,0,0.6301369863013698,0.0,40,1,0
30,0,1.0,0.0,90,8,1
59,0,1.0,0.0,43,1,2
54,0,1.0,0.0,40,2,1
54,0,1.0,0.0,121,1,2
70,1,1.0,2607.0,65,6,3
39,0,1.0,0.0,50,3,3
22,0,1.0,0.0,40,7,1
50,0,1.0,0.0,47,1,1
27,1,0.4191780821917808,65344.0,44,7,3
44,0,1.0,0.0,43,12,3
55,0,1.0,0.0,85,4,1
45,0,1.0,0.0,40,1,1
36,0,0.5178082191780822,0.0,32,12,1
58,0,0.4136986301369863,0.0,66,2,1
42,0,1.0,0.0,73,5,1
30,0,0.8986301369863013,0.0,55,6,1
53,0,1.0,0.0,47,10,3
32,0,1.0,0.0,40,1,3
30,1,1.0,62373.0,66,1,2
24,0,0.19726027397260273,0.0,44,9,2
29,0,1.0,0.0,63,6,2
57,0,0.6356164383561644,0.0,44,8,3
44,0,1.0,0.0,55,1,2
26,0,1.0,0.0,33,4,3
37,0,1.0,0.0,64,4,3
24,1,0.673972602739726,51540.0,61,1,3
40,1,0.9753424657534246,2754.0,47,1,1
65,0,1.0,0.0,100,1,3
30,0,1.0,0.0,55,1,2
73,0,1.0,0.0,43,2,2
48,0,0.2465753424657534,0.0,42,1,1
56,0,0.6136986301369863,0.0,66,2,1
32,0,0.3150684931506849,0.0,84,3,3
26,0,1.0,0.0,84,5,2
50,2,1.0,115080.0,65,1,1
46,0,1.0082191780821919,0.0,39,1,2
57,0,1.0,0.0,44,1,3
67,0,1.0,0.0,54,1,3
21,0,0.8493150684931506,0.0,80,1,1
32,0,1.0,0.0,53,1,2
64,0,1.0,0.0,34,3,3
46,0,1.0,0.0,55,1,2
55,0,1.0,0.0,50,12,1
30,0,0.8,0.0,40,3,2
60,1,1.0,5850.0,48,2,2
34,0,1.0,0.0,45,7,2
37,0,1.0,0.0,50,1,2
33,0,1.0,0.0,55,9,3
40,0,0.6493150684931507,0.0,65,1,3
41,0,1.0,0.0,55,2,1
53,0,1.0,0.0,66,12,2
37,0,1.0,0.0,43,6,2
29,0,1.0,0.0,44,1,1
50,0,1.0,0.0,66,11,1
49,0,1.0,0.0,47,2,3
65,0,1.0,0.0,41,11,1
41,0,1.0,0.0,40,3,2
26,0,1.0,0.0,50,10,2
78,1,1.0,96565.0,68,16,0
43,0,1.0,0.0,44,2,2
52,0,1.0,0.0,47,1,1
58,0,1.0,0.0,44,1,2
36,0,1.0,0.0,40,1,2
59,0,1.0,0.0,43,2,2
44,0,1.0,0.0,39,2,3
49,0,0.7479452054794521,0.0,66,5,3
63,0,1.0,0.0,36,11,2
71,0,1.0,0.0,39,1,3
76,0,1.0,0.0,55,3,2
62,0,1.0,0.0,40,7,1
26,0,1.0,0.0,63,1,1
35,1,1.0,7059.0,63,2,3
23,0,0.2465753424657534,0.0,44,1,2
73,0,0.8328767123287671,0.0,43,4,1
44,0,1.0,0.0,208,12,1
57,0,1.0,0.0,89,8,2
54,0,0.4520547945205479,0.0,49,1,3
60,0,1.0,0.0,110,10,1
61,0,1.0,0.0,63,1,3
31,0,0.4986301369863014,0.0,59,11,3
71,0,1.0,0.0,85,1,1
67,0,1.0,0.0,34,8,2
27,0,1.0,0.0,40,1,1
42,0,1.0,0.0,85,1,3
44,0,1.0,0.0,48,1,3
25,0,1.0,0.0,84,1,2
64,0,0.14246575342465753,0.0,44,12,1
42,0,0.42191780821917807,0.0,62,1,1
42,0,1.0,0.0,48,2,3
63,0,1.0,0.0,52,1,2
36,0,1.0,0.0,62,1,2
28,0,1.0,0.0,53,1,3
49,0,1.0,0.0,43,1,1
30,0,0.3287671232876712,0.0,39,2,1
33,1,1.0,2988.0,40,1,1
32,0,1.0,0.0,55,6,3
69,0,1.0,0.0,54,1,2
49,0,1.0,0.0,40,11,1
22,1,1.0,105889.0,63,4,3
32,0,0.8849315068493151,0.0,77,1,2
68,0,1.0,0.0,85,1,3
40,0,1.0,0.0,66,1,1
32,1,1.0,5954.0,40,1,3
40,0,1.0,0.0,77,1,1
60,0,1.0,0.0,55,8,2
59,0,0.33424657534246577,0.0,44,1,2
31,0,1.0,0.0,33,1,3
60,0,1.0,0.0,32,12,2
30,0,1.0,0.0,55,2,1
46,0,0.8958904109589041,0.0,63,1,2
41,0,1.0,0.0,40,8,3
48,0,1.0,0.0,40,1,3
33,0,1.0,0.0,48,2,3
52,0,1.0,0.0,32,6,3
22,0,1.0,0.0,59,3,3
67,0,0.5561643835616439,0.0,37,12,2
53,0,1.0,0.0,44,1,3
45,0,1.0,0.0,47,1,1
29,0,0.3589041095890411,0.0,51,12,1
22,0,1.0,0.0,55,2,2
30,0,1.0,0.0,39,1,2
47,0,1.0,0.0,26,1,1
50,0,1.0,0.0,54,11,2
31,0,1.0,0.0,42,1,1
42,0,1.0,0.0,96,2,3
47,0,1.0,0.0,60,1,1
41,0,1.0,0.0,66,1,1
46,0,1.0,0.0,68,5,1
52,0,1.0,0.0,64,11,3
41,0,1.0,0.0,85,8,3
21,0,1.0,0.0,48,7,2
49,0,1.0,0.0,75,9,2
28,0,1.0,0.0,75,2,3
33,0,1.0,0.0,34,2,1
56,0,1.0,0.0,87,1,1
39,0,1.0,0.0,55,4,3
32,0,1.0,0.0,55,2,3
21,1,1.0,2239.0,76,5,1
35,0,1.0,0.0,43,1,1
78,0,1.0,0.0,58,5,1
67,0,1.0,0.0,102,4,1
22,0,1.0,0.0,44,10,2
56,0,1.0,0.0,53,1,2
28,0,1.0,0.0,51,1,3
20,0,0.25205479452054796,0.0,65,1,3
38,0,0.37534246575342467,0.0,40,2,1
36,0,1.0,0.0,39,1,1
31,0,1.0,0.0,40,11,1
64,0,1.0,0.0,96,5,3
44,0,1.0,0.0,29,5,2
33,0,1.0,0.0,34,10,3
59,0,1.0,0.0,66,1,1
57,0,1.0,0.0,47,12,1
77,0,1.0,0.0,80,8,3
31,0,1.0,0.0,47,5,1
43,0,0.10136986301369863,0.0,66,1,2
34,0,1.0,0.0,29,12,3
31,1,1.0,60147.0,33,5,2
35,0,0.7479452054794521,0.0,55,1,3
44,0,0.2547945205479452,0.0,42,1,1
48,0,1.0,0.0,40,1,3
57,0,1.0,0.0,37,1,1
40,0,1.0,0.0,55,3,3
64,0,1.0,0.0,90,1,2
41,0,1.0,0.0,44,2,3
28,0,0.6958904109589041,0.0,132,11,3
52,0,1.0,0.0,44,2,1
28,0,1.0,0.0,39,3,1
35,1,1.0,35726.0,48,5,1
53,0,1.0,0.0,54,1,3
50,0,1.0,0.0,37,3,3
45,0,1.0,0.0,94,4,1
70,0,1.0,0.0,66,1,1
70,0,1.0,0.0,81,1,3
40,0,1.0,0.0,42,9,1
24,0,1.0,0.0,55,2,3
58,0,0.5616438356164384,0.0,98,15,1
43,0,1.0,0.0,32,4,3
67,0,1.0,0.0,49,2,3
48,0,1.0,0.0,33,9,3
34,0,1.0,0.0,53,5,2
58,2,0.7095890410958904,54195.0,82,1,1
46,1,1.0,191737.0,115,3,1
82,0,1.0,0.0,37,7,2
47,0,1.0,0.0,68,2,2
26,0,1.0,0.0,55,16,1
56,0,1.0,0.0,32,1,1
31,0,0.08493150684931507,0.0,85,1,2
72,0,1.0,0.0,33,11,2
38,0,1.0,0.0,77,1,2
50,0,1.0,0.0,73,9,2
25,0,1.0,0.0,47,1,2
27,0,0.5808219178082191,0.0,35,3,3
40,0,0.6986301369863014,0.0,85,1,1
63,0,1.0,0.0,41,2,2
32,0,1.0,0.0,55,5,2
51,0,1.0,0.0,40,2,2
50,0,1.0,0.0,49,11,1
33,0,1.0,0.0,85,2,1
41,0,1.0,0.0,55,1,3
58,0,1.0,0.0,66,1,1
36,0,0.9616438356164384,0.0,66,12,2
42,0,1.0,0.0,42,1,2
31,0,0.6109589041095891,0.0,32,1,3
71,0,1.0,0.0,64,2,2
50,0,1.0,0.0,55,6,2
65,0,1.0,0.0,85,12,3
56,0,1.0,0.0,44,2,1
60,0,1.0,0.0,64,1,3
46,0,0.4958904109589041,0.0,43,1,1
47,1,1.0,36306.0,71,1,2
47,0,1.0,0.0,51,2,1
27,0,1.0,0.0,44,1,1
33,0,1.0,0.0,33,1,1
45,0,1.0,0.0,45,2,1
71,0,1.0,0.0,55,2,3
58,0,0.2465753424657534,0.0,40,1,3
35,0,0.8191780821917808,0.0,66,9,1
31,0,1.0,0.0,40,1,1
48,1,1.0,5626.0,42,6,3
44,0,1.0,0.0,55,1,3
47,0,1.0,0.0,90,1,3
67,0,1.0,0.0,54,10,3
33,0,1.0,0.0,39,6,1
26,0,1.0,0.0,66,1,2
54,0,1.0,0.0,60,6,1
26,0,1.0,0.0,55,1,1
26,0,1.0,0.0,44,6,3
51,1,1.0,61543.0,70,1,2
54,0,1.0,0.0,88,7,3
35,0,1.0,0.0,52,1,3
55,0,1.0,0.0,55,3,1
44,0,0.7643835616438356,0.0,40,6,2
35,0,0.8931506849315068,0.0,37,2,1
54,0,0.9260273972602739,0.0,44,1,3
45,1,1.0,57540.0,70,1,1
73,0,1.0,0.0,57,11,2
43,0,1.0,0.0,101,1,3
56,0,1.0,0.0,44,7,2
69,0,1.0,0.0,51,2,2
74,0,1.0,0.0,33,1,1
49,0,1.0,0.0,40,6,1
40,0,0.6301369863013698,0.0,66,1,2
26,0,0.8575342465753425,0.0,47,5,1
43,0,1.0,0.0,49,11,3
42,0,1.0,0.0,49,2,2
63,0,1.0,0.0,53,1,1
74,0,1.0,0.0,65,11,2
61,0,1.0,0.0,47,1,1
24,0,0.3863013698630137,0.0,63,1,1
61,0,1.0,0.0,51,8,1
44,0,0.7506849315068493,0.0,64,5,1
69,0,1.0,0.0,80,2,2
42,0,1.0,0.0,98,1,1
39,0,1.0,0.0,65,1,2
48,0,1.0,0.0,33,1,2
34,0,0.6383561643835617,0.0,60,1,2
77,0,1.0,0.0,52,7,2
42,0,1.0,0.0,37,1,1
50,0,1.0,0.0,66,2,3
56,0,1.0,0.0,65,11,2
31,0,1.0,0.0,66,6,1
35,0,0.8876712328767123,0.0,51,10,2
76,0,0.9863013698630136,0.0,65,6,2
48,0,0.4328767123287671,0.0,64,2,3
46,0,1.0,0.0,33,1,2
38,0,1.0,0.0,66,1,2
50,0,1.0,0.0,101,8,1
51,0,1.0,0.0,48,3,1
51,0,1.0,0.0,69,7,2
43,0,0.24383561643835616,0.0,55,1,1
70,0,1.0,0.0,55,1,2
65,0,1.0,0.0,42,10,2
34,1,1.0,21482.0,51,12,2
52,0,1.0,0.0,99,13,3
60,0,1.0,0.0,96,1,3
49,0,1.0,0.0,170,1,1
68,0,0.2136986301369863,0.0,49,1,3
58,0,0.16164383561643836,0.0,44,7,3
51,0,0.2191780821917808,0.0,100,1,3
67,0,1.0,0.0,44,11,2
53,0,0.8328767123287671,0.0,89,11,1
58,0,1.0,0.0,85,12,2
76,0,1.0,0.0,115,2,1
36,0,1.0,0.0,51,1,1
40,0,1.0,0.0,51,1,2
58,0,0.3150684931506849,0.0,48,1,3
39,0,1.0,0.0,65,1,3
38,0,1.0,0.0,39,2,2
33,0,1.0,0.0,66,5,1
28,0,1.0,0.0,80,1,3
27,0,0.27671232876712326,0.0,34,5,1
32,0,1.0,0.0,105,1,3
42,0,0.08493150684931507,0.0,53,7,1
60,0,0.08493150684931507,0.0,66,11,3
33,0,1.0,0.0,55,10,1
37,0,1.0,0.0,40,5,1
45,0,1.0,0.0,55,6,3
73,0,1.0,0.0,150,1,3
70,0,1.0,0.0,55,1,1
33,0,1.0,0.0,51,1,3
84,0,1.0,0.0,40,1,1
69,0,0.29315068493150687,0.0,55,12,3
61,1,0.6657534246575343,38316.0,94,2,1
48,0,1.0,0.0,55,1,3
44,0,1.0,0.0,33,3,3
25,0,1.0,0.0,74,1,2
53,0,1.0,0.0,51,1,1
39,0,1.0,0.0,83,1,3
28,1,1.0,36615.0,40,5,1
44,0,1.0,0.0,47,9,2
35,0,1.0,0.0,37,1,2
67,0,0.9616438356164384,0.0,55,7,2
38,0,0.5068493150684932,0.0,43,12,3
62,1,0.8849315068493151,8891.0,40,6,2
58,0,1.0,0.0,29,1,3
29,0,1.0,0.0,37,12,2
23,0,1.0,0.0,47,10,1
48,0,1.0,0.0,78,16,1
30,0,0.6328767123287671,0.0,65,1,1
32,0,1.0,0.0,66,6,1
29,0,0.33972602739726027,0.0,30,11,3
45,0,1.0,0.0,52,1,2
55,0,1.0,0.0,42,4,1
44,0,1.0,0.0,66,1,3
63,0,1.0,0.0,60,9,3
37,0,1.0,0.0,21,1,2
48,0,1.0,0.0,68,10,1
67,0,1.0,0.0,67,6,3
47,0,1.0,0.0,90,11,3
33,0,0.4657534246575342,0.0,43,8,3
28,0,1.0,0.0,39,3,1
48,0,1.0,0.0,60,5,1
64,0,1.0,0.0,40,2,1
41,0,1.0,0.0,40,7,3
27,0,1.0,0.0,40,1,2
65,0,1.0,0.0,55,1,3
58,0,1.0,0.0,60,1,1
53,0,1.0,0.0,33,1,1
23,0,1.0,0.0,65,2,1
34,0,0.9671232876712329,0.0,55,4,1
59,0,1.0,0.0,55,2,1
37,0,0.7863013698630137,0.0,68,4,1
27,0,1.0,0.0,33,1,1
39,1,1.0,40033.0,32,1,1
45,0,1.0,0.0,70,1,3
52,0,1.0,0.0,39,2,1
65,0,0.9643835616438357,0.0,66,7,1
41,0,0.5835616438356165,0.0,66,10,1
58,1,1.0,57540.0,55,1,1
37,0,1.0,0.0,47,6,2
61,0,1.0,0.0,55,2,3
52,1,1.0,300.0,92,3,3
24,0,1.0,0.0,66,12,1
41,0,0.5013698630136987,0.0,86,1,0
54,0,1.0,0.0,37,6,2
61,0,1.0,0.0,55,6,3
31,0,1.0,0.0,66,1,3
47,0,1.0,0.0,40,2,3
33,0,1.0,0.0,90,3,1
64,0,1.0,0.0,51,5,2
65,0,1.0,0.0,55,1,3
52,0,1.0,0.0,34,9,1
66,1,1.0,56088.0,44,6,2
33,0,1.0,0.0,43,6,1
62,0,1.0,0.0,44,2,1
44,0,1.0,0.0,50,8,1
52,0,1.0,0.0,63,1,1
41,1,1.0,5850.0,48,1,1
65,0,1.0,0.0,65,1,0
45,0,1.0,0.0,40,12,3
36,0,1.0,0.0,40,3,2
70,0,1.0,0.0,55,12,3
49,0,0.8657534246575342,0.0,55,1,3
74,0,1.0,0.0,27,2,1
46,0,1.0,0.0,51,1,3
76,1,1.0,6534.0,44,10,1
36,0,0.33424657534246577,0.0,55,2,1
50,1,1.0,2607.0,52,8,3
41,0,1.0,0.0,44,1,2
41,0,1.0,0.0,40,9,1
35,0,1.0,0.0,50,1,3
28,0,1.0,0.0,94,4,2
52,0,1.0,0.0,51,1,2
39,0,0.5534246575342465,0.0,101,9,1
79,0,1.0,0.0,83,1,2
61,0,1.0,0.0,54,9,1
35,0,1.0,0.0,55,2,1
73,0,1.0,0.0,55,1,1
30,0,0.36164383561643837,0.0,44,6,3
50,1,1.0,14319.0,66,2,1
25,0,1.0,0.0,49,1,2
53,0,1.0,0.0,44,3,2
58,0,1.0,0.0,33,1,1
41,0,1.0,0.0,62,1,1
66,0,0.7479452054794521,0.0,49,2,1
26,0,1.0,0.0,47,13,1
43,0,1.0,0.0,40,1,3
41,0,1.0,0.0,66,1,1
31,0,1.0,0.0,55,8,1
55,0,1.0,0.0,90,1,1
20,0,1.0,0.0,30,1,1
65,0,1.0,0.0,44,1,2
46,0,1.0,0.0,40,12,3
44,0,0.7452054794520548,0.0,47,1,2
43,0,0.2465753424657534,0.0,47,7,2
57,0,1.0,0.0,33,1,1
53,0,1.0,0.0,65,1,1
36,0,0.5698630136986301,0.0,51,6,1
22,0,1.0,0.0,76,2,2
55,0,1.0,0.0,43,7,3
69,0,1.0,0.0,43,1,2
26,0,1.0,0.0,57,10,2
67,0,1.0,0.0,74,6,1
27,0,1.0,0.0,40,1,2
53,0,1.0,0.0,69,6,1
48,0,1.0,0.0,44,8,3
55,0,1.0,0.0,98,3,1
29,0,1.0,0.0,57,1,1
80,0,0.4465753424657534,0.0,44,1,2
52,0,1.0,0.0,85,2,1
57,0,1.0,0.0,65,5,1
49,0,1.0,0.0,47,1,1
41,0,1.0,0.0,59,8,2
66,0,0.4602739726027397,0.0,80,3,3
31,0,0.6219178082191781,0.0,37,1,2
27,0,1.0,0.0,37,7,1
66,0,1.0,0.0,60,1,1
46,0,1.0,0.0,60,1,1
64,0,0.958904109589041,0.0,93,6,1
42,0,1.0,0.0,57,12,1
45,0,0.6657534246575343,0.0,44,10,1
34,0,1.0,0.0,83,6,1
41,0,0.09315068493150686,0.0,61,1,3
72,0,1.0,0.0,55,2,1
28,0,1.0,0.0,33,1,2
46,0,1.0,0.0,132,13,2
29,0,1.0,0.0,83,5,3
31,0,1.0,0.0,44,2,2
64,0,0.7479452054794521,0.0,35,2,1
34,0,1.0,0.0,66,2,3
30,0,1.0,0.0,48,1,2
39,0,1.0,0.0,50,1,1
64,0,1.0,0.0,47,1,3
77,0,1.0,0.0,45,1,1
33,0,1.0,0.0,67,1,1
34,0,0.9808219178082191,0.0,66,2,3
59,0,1.0,0.0,55,2,1
33,0,0.0410958904109589,0.0,66,1,3
42,0,1.0,0.0,66,1,2
75,0,1.0,0.0,60,9,3
37,0,1.0,0.0,51,1,1
28,0,1.0,0.0,87,1,1
46,0,1.0,0.0,40,5,2
66,0,1.0,0.0,40,11,1
67,1,1.0,2607.0,83,11,3
35,1,1.0,57540.0,33,1,2
26,0,1.0,0.0,55,12,1
45,0,1.0,0.0,55,1,2
59,0,1.0,0.0,66,2,1
53,0,0.821917808219178,0.0,43,7,3
31,0,1.0,0.0,44,2,2
51,0,1.0,0.0,55,3,1
52,1,0.9643835616438357,12100.0,74,1,1
42,1,1.0,5850.0,33,1,3
79,0,0.6821917808219178,0.0,51,16,1
50,0,1.0,0.0,66,11,2
67,0,0.2684931506849315,0.0,40,1,1
57,0,0.9726027397260274,0.0,48,1,1
40,0,1.0,0.0,60,3,1
61,0,0.8383561643835616,0.0,33,6,3
38,0,1.0,0.0,40,6,2
54,0,0.7780821917808219,0.0,41,5,3
30,0,1.0,0.0,55,2,3
43,1,1.0,10880.0,44,2,1
49,0,1.0,0.0,51,3,1
43,0,1.0,0.0,65,8,2
28,1,1.0,122172.0,47,12,2
49,0,0.052054794520547946,0.0,42,1,3
27,0,1.0,0.0,50,1,2
63,0,1.0,0.0,40,6,2
60,0,1.0,0.0,66,6,2
36,0,1.0,0.0,55,8,3
29,0,0.9397260273972603,0.0,44,15,1
50,0,1.0,0.0,66,2,3
65,0,1.0,0.0,61,2,2
36,0,1.0,0.0,65,2,1
53,0,1.0,0.0,55,2,1
78,0,1.0,0.0,61,1,1
44,0,1.0,0.0,74,1,2
39,0,0.31232876712328766,0.0,66,10,3
45,0,1.0,0.0,40,9,1
61,0,1.0,0.0,51,2,3
48,0,1.0,0.0,25,5,3
34,0,0.2054794520547945,0.0,40,1,3
48,0,1.0,0.0,54,2,2
28,0,0.7726027397260274,0.0,40,12,1
35,0,0.8493150684931506,0.0,40,2,1
37,1,1.0,37555.0,85,10,2
74,0,1.0,0.0,85,1,2
33,0,1.0,0.0,49,1,1
47,0,1.0,0.0,40,1,2
27,0,0.4,0.0,43,9,2
59,0,1.0,0.0,80,12,1
35,0,1.0,0.0,68,1,1
26,0,1.0,0.0,66,5,1
70,0,1.0,0.0,40,1,1
37,1,1.0,123480.0,39,4,1
74,0,1.0,0.0,52,1,3
30,0,1.0,0.0,24,1,1
38,0,1.0,0.0,66,1,1
32,1,1.0,3012.0,51,1,2
37,0,1.0,0.0,51,10,3
55,0,1.0,0.0,65,1,1
35,0,0.3150684931506849,0.0,66,1,1
54,0,1.0,0.0,92,1,2
58,1,1.0,5850.0,69,6,1
48,0,1.0,0.0,40,3,1
57,0,1.0,0.0,44,5,3
72,0,1.0,0.0,105,11,2
55,0,1.0,0.0,48,2,1
28,0,1.0,0.0,47,1,3
76,0,1.0,0.0,48,12,3
40,0,1.0,0.0,55,8,1
44,0,1.0,0.0,51,5,2
28,0,1.0,0.0,64,2,2
25,0,1.0,0.0,43,3,1
65,0,1.0,0.0,100,3,3
56,0,1.0,0.0,110,1,1
34,0,1.0,0.0,55,1,1
61,0,1.0,0.0,60,1,3
43,0,1.0,0.0,33,10,1
28,0,0.4438356164383562,0.0,25,2,1
40,0,1.0,0.0,40,1,3
36,0,1.0,0.0,74,1,2
28,0,0.7150684931506849,0.0,83,2,3
30,1,0.7287671232876712,2685.0,59,1,2
34,0,0.7917808219178082,0.0,66,4,3
35,0,1.0,0.0,85,1,1
43,0,1.0,0.0,40,12,3
47,0,1.0,0.0,37,1,2
62,1,1.0,2607.0,96,8,2
46,0,1.0,0.0,68,10,0
53,0,1.0,0.0,44,1,1
51,0,1.0,0.0,40,14,1
71,0,1.0,0.0,114,2,1
39,1,1.0,60147.0,70,1,1
37,0,1.0,0.0,34,1,3
40,0,1.0,0.0,55,11,2
24,1,1.0,155000.0,44,6,3
35,0,0.9863013698630136,0.0,37,1,1
41,0,1.0,0.0,66,2,1
48,0,1.0,0.0,33,3,2
54,0,0.2465753424657534,0.0,40,3,1
68,0,1.0,0.0,56,1,1
45,0,1.0,0.0,50,1,1
33,0,0.3150684931506849,0.0,77,2,2
24,0,1.0,0.0,43,1,2
35,0,1.0,0.0,50,2,3
46,0,1.0,0.0,68,1,3
35,1,1.0,49692.0,56,2,1
52,0,1.0,0.0,39,1,2
38,0,0.8794520547945206,0.0,100,1,2
68,0,1.0,0.0,40,2,1
71,0,1.0,0.0,40,3,3
49,0,1.0,0.0,33,1,1
55,0,1.0,0.0,40,1,0
47,0,1.0,0.0,47,1,3
41,0,1.0,0.0,51,1,2
32,0,0.5945205479452055,0.0,65,1,2
37,0,1.0,0.0,35,2,2
36,1,1.0,12396.0,44,1,3
37,0,0.2219178082191781,0.0,85,14,2
27,0,1.0,0.0,51,6,3
41,0,1.0,0.0,66,6,2
70,0,1.0,0.0,65,1,1
34,0,1.0,0.0,55,12,2
31,0,1.0,0.0,44,1,1
37,0,0.2602739726027397,0.0,44,2,3
36,0,1.0,0.0,40,7,2
32,0,0.4876712328767123,0.0,47,1,1
29,0,1.0,0.0,60,9,2
53,1,1.0,5204.0,39,1,2
44,0,1.0,0.0,85,2,1
38,0,1.0,0.0,40,1,2
44,0,0.7205479452054795,0.0,66,1,1
31,0,0.8328767123287671,0.0,44,1,3
41,0,1.0,0.0,58,12,3
64,0,1.0,0.0,44,1,1
25,0,0.2410958904109589,0.0,64,11,1
32,1,1.0,5324.0,40,1,1
38,0,1.0,0.0,47,2,3
58,0,1.0,0.0,40,2,1
58,0,0.5808219178082191,0.0,50,1,1
61,0,1.0,0.0,74,7,2
48,0,1.0,0.0,61,2,1
36,0,1.0,0.0,40,6,1
47,0,1.0,0.0,55,2,2
54,0,0.6328767123287671,0.0,55,1,3
40,0,1.0,0.0,70,2,2
22,0,1.0,0.0,89,1,1
51,0,1.0,0.0,60,1,1
37,0,1.0,0.0,65,2,3
52,0,1.0,0.0,37,5,3
44,0,1.0,0.0,33,6,1
77,0,1.0,0.0,101,11,2
48,1,1.0,4912.0,54,1,3
64,0,1.0,0.0,43,11,2
51,0,1.0,0.0,54,2,2
73,0,1.0,0.0,44,1,1
31,0,1.0,0.0,39,1,3
59,0,1.0,0.0,40,1,3
48,0,1.0,0.0,34,9,2
62,0,1.0,0.0,66,7,1
40,0,1.0,0.0,55,1,2
57,0,1.0,0.0,33,2,1
53,0,1.0,0.0,47,2,0
45,0,0.11506849315068493,0.0,37,1,2
72,0,1.0,0.0,44,8,3
49,0,1.0,0.0,47,5,1
63,0,1.0,0.0,47,2,3
43,0,0.336986301369863,0.0,55,8,3
57,0,1.0,0.0,51,2,3
65,0,0.6657534246575343,0.0,55,1,3
27,0,1.0,0.0,66,3,3
67,1,1.0,5954.0,50,8,2
23,0,0.09315068493150686,0.0,70,2,2
55,0,0.3287671232876712,0.0,44,3,1
51,0,1.0,0.0,40,6,2
23,0,1.0,0.0,46,5,2
44,0,0.23013698630136986,0.0,57,3,1
34,0,0.4301369863013699,0.0,55,1,1
75,0,1.0,0.0,98,2,2
48,0,0.2465753424657534,0.0,38,2,2
67,0,1.0,0.0,98,6,2
30,1,0.36712328767123287,57540.0,51,3,1
59,0,1.0,0.0,55,2,2
47,0,1.0,0.0,40,3,1
45,0,1.0,0.0,32,12,1
31,0,1.0,0.0,50,2,2
31,0,0.08493150684931507,0.0,73,1,3
64,0,1.0,0.0,39,2,1
26,1,1.0,60074.0,82,1,1
45,0,1.0,0.0,19,13,1
56,0,0.0273972602739726,0.0,51,1,2
39,0,0.1780821917808219,0.0,59,1,1
26,0,1.0,0.0,44,1,2
63,2,1.0,61992.0,37,5,2
54,0,1.0,0.0,55,1,2
49,0,1.0,0.0,66,1,3
51,0,1.0,0.0,105,1,2
68,0,0.19452054794520549,0.0,44,7,1
26,0,0.8465753424657534,0.0,44,1,3
38,0,0.43561643835616437,0.0,75,8,2
34,0,1.0,0.0,44,12,1
52,0,0.9671232876712329,0.0,66,3,2
86,0,0.3287671232876712,0.0,48,2,3
50,0,1.0,0.0,30,6,3
34,0,1.0,0.0,88,5,3
36,0,0.7123287671232876,0.0,55,1,1
48,0,1.0,0.0,110,9,1
47,1,0.6657534246575343,28498.0,40,2,2
69,0,0.03287671232876712,0.0,66,1,1
31,0,1.0,0.0,51,1,3
66,0,1.0,0.0,49,1,3
42,0,1.0,0.0,86,7,1
31,0,1.0,0.0,48,10,3
54,0,1.0,0.0,44,2,2
47,0,1.0,0.0,43,1,1
78,0,1.0,0.0,55,10,3
29,0,1.0,0.0,96,10,3
46,0,1.0,0.0,41,11,3
72,0,1.0,0.0,29,11,3
34,0,1.0,0.0,32,11,3
48,0,1.0,0.0,50,1,3
37,0,1.0,0.0,37,5,3
50,0,1.0,0.0,44,1,3
71,1,1.0,9292.0,41,1,1
74,1,1.0,5748.0,51,5,2
62,0,1.0,0.0,46,1,3
34,0,1.0,0.0,103,1,3
51,0,1.0,0.0,69,12,3
35,0,1.0,0.0,60,1,1
28,0,1.0,0.0,40,1,1
29,0,1.0,0.0,44,1,2
40,0,1.0,0.0,58,1,1
42,0,1.0,0.0,40,2,2
82,0,1.0,0.0,47,1,3
26,0,0.16986301369863013,0.0,102,2,1
45,0,1.0,0.0,78,6,2
68,0,1.0,0.0,66,3,1
24,0,1.0,0.0,55,5,1
24,0,1.0,0.0,47,2,3
50,0,0.673972602739726,0.0,44,3,2
33,0,1.0,0.0,40,11,1
31,0,1.0,0.0,38,1,2
46,0,0.01643835616438356,0.0,62,4,1
39,0,1.0,0.0,66,3,1
36,0,0.4136986301369863,0.0,55,3,3
61,0,1.0,0.0,55,11,3
69,0,0.6356164383561644,0.0,95,11,1
75,0,1.0,0.0,65,3,2
41,0,1.0,0.0,55,5,1
51,0,1.0,0.0,44,2,1
41,0,1.0,0.0,55,5,2
59,0,1.0,0.0,63,7,2
41,0,0.19452054794520549,0.0,55,5,1
46,1,1.0,5850.0,44,1,3
43,0,1.0,0.0,40,4,1
49,0,1.0,0.0,60,11,2
56,0,1.0,0.0,40,2,1
28,1,1.0,2607.0,65,12,1
24,0,1.0,0.0,52,2,1
37,0,0.6986301369863014,0.0,63,1,3
51,0,0.5863013698630137,0.0,52,1,3
32,0,1.0,0.0,48,1,1
52,0,1.0,0.0,47,9,2
32,0,1.0,0.0,70,1,2
39,0,1.0,0.0,51,1,3
63,0,0.08493150684931507,0.0,44,1,1
47,0,1.0,0.0,47,6,3
25,0,1.0,0.0,40,2,1
27,1,1.0,6292.0,32,10,2
57,1,1.0,6922.0,25,1,1
69,0,1.0,0.0,47,1,2
55,0,1.0,0.0,55,2,1
44,1,1.0,33834.0,55,8,1
45,0,1.0,0.0,75,2,2
49,0,0.5342465753424658,0.0,83,12,2
72,0,1.0,0.0,33,3,3
43,0,1.0,0.0,110,7,1
32,0,1.0,0.0,80,1,3
59,0,0.7561643835616438,0.0,83,11,1
56,1,0.20273972602739726,17500.0,66,7,1
39,0,0.663013698630137,0.0,33,1,1
40,0,1.0,0.0,77,2,2
58,0,0.9095890410958904,0.0,75,5,1
37,0,0.36712328767123287,0.0,51,5,2
62,0,0.21095890410958903,0.0,55,3,3
38,0,1.0,0.0,59,7,1
65,0,1.0,0.0,66,9,3
47,0,1.0,0.0,66,3,2
74,0,1.0,0.0,39,4,1
48,0,1.0,0.0,51,1,2
66,0,1.0,0.0,38,3,3
35,0,1.0,0.0,40,6,2
28,0,0.936986301369863,0.0,43,12,1
22,0,1.0,0.0,85,3,3
55,0,1.0,0.0,35,6,1
37,0,1.0,0.0,66,6,1
24,0,1.0,0.0,44,2,2
75,0,1.0,0.0,98,2,1
46,0,1.0,0.0,93,1,1
31,0,1.0,0.0,40,12,1
54,0,0.5342465753424658,0.0,54,3,3
48,0,1.0,0.0,85,1,1
25,0,1.0,0.0,60,1,3
41,0,0.3835616438356164,0.0,63,2,3
56,0,1.0,0.0,40,2,3
74,0,1.0,0.0,39,2,3
46,0,1.0,0.0,89,1,3
67,0,1.0,0.0,44,1,3
66,0,1.0,0.0,40,5,2
37,0,0.3232876712328767,0.0,44,4,2
51,0,1.0,0.0,55,1,3
77,0,1.0,0.0,46,1,1
42,0,0.06027397260273973,0.0,43,1,3
64,0,1.0,0.0,44,12,3
43,0,1.0,0.0,68,6,2
78,0,1.0,0.0,65,2,1
61,0,1.0,0.0,60,6,2
62,0,1.0,0.0,40,4,1
60,0,1.0,0.0,56,2,2
52,1,1.0,3630.0,83,6,1
51,0,1.0,0.0,81,15,3
69,0,1.0,0.0,44,2,2
27,0,1.0,0.0,33,10,2
60,0,1.0,0.0,60,5,1
31,1,1.0,839316.0,40,3,3
46,0,1.0,0.0,73,1,3
51,0,1.0,0.0,33,1,3
74,0,1.0,0.0,42,1,1
26,0,0.13424657534246576,0.0,47,2,1
55,0,0.10136986301369863,0.0,43,1,1
29,0,0.16164383561643836,0.0,37,1,2
47,0,1.0,0.0,40,8,1
54,0,1.0,0.0,33,5,3
54,0,0.39452054794520547,0.0,33,2,1
48,0,0.2547945205479452,0.0,54,9,2
71,0,1.0,0.0,66,6,3
43,0,0.1863013698630137,0.0,68,7,2
21,0,0.010958904109589041,0.0,44,3,3
29,0,1.0,0.0,40,1,1
56,0,1.0,0.0,33,2,3
32,0,1.0,0.0,69,2,1
60,1,1.0,2607.0,103,7,3
40,0,1.0,0.0,58,1,2
28,0,0.852054794520548,0.0,55,1,2
52,0,1.0,0.0,48,10,1
42,0,1.0,0.0,83,1,3
62,0,1.0,0.0,47,2,2
58,0,1.0,0.0,39,12,3
57,0,1.0,0.0,55,1,1
44,0,1.0,0.0,36,11,1
55,0,1.0,0.0,51,7,2
51,0,1.0,0.0,66,2,2
43,1,1.0,50000.0,84,1,3
26,0,1.0,0.0,33,1,1
53,0,1.0,0.0,51,2,2
64,0,1.0,0.0,65,2,1
28,0,1.0,0.0,66,1,1
31,0,1.0,0.0,48,2,1
32,0,1.0,0.0,40,2,2
32,0,1.0,0.0,65,4,3
38,0,1.0,0.0,40,6,1
27,0,1.0,0.0,36,2,1
50,0,1.0,0.0,65,3,2
34,0,1.0,0.0,63,12,1
79,0,1.0,0.0,63,1,1
59,0,1.0,0.0,40,12,2
34,0,0.9397260273972603,0.0,54,5,1
75,0,1.0,0.0,48,1,3
46,0,1.0,0.0,37,1,3
75,0,1.0,0.0,54,1,2
60,0,1.0,0.0,60,1,2
46,1,1.0,2687.0,74,3,1
48,0,1.0,0.0,55,6,2
32,0,1.0,0.0,60,15,1
47,0,1.0,0.0,39,2,1
61,1,1.0,80951.0,55,2,2
57,0,1.0,0.0,51,3,1
45,0,0.4054794520547945,0.0,65,1,2
49,0,0.13150684931506848,0.0,48,2,3
60,0,1.0,0.0,66,2,1
68,0,0.7534246575342466,0.0,40,13,3
38,0,0.726027397260274,0.0,85,2,3
59,0,1.0,0.0,66,1,1
36,0,1.0,0.0,34,6,2
59,0,0.07945205479452055,0.0,69,1,1
24,0,1.0,0.0,55,8,3
45,1,1.0,57540.0,55,3,2
39,0,0.4246575342465753,0.0,53,13,2
78,1,1.0,5850.0,40,10,1
67,0,1.0,0.0,40,1,1
57,0,0.410958904109589,0.0,34,1,3
64,0,1.0,0.0,40,1,3
25,0,1.0,0.0,33,12,2
54,0,0.915068493150685,0.0,40,2,3
38,0,1.0,0.0,66,2,2
47,0,1.0,0.0,47,2,3
82,0,0.29041095890410956,0.0,65,5,3
75,0,1.0,0.0,37,1,3
43,1,1.0,7172.0,65,2,3
45,0,1.0,0.0,52,9,2
66,0,1.0,0.0,55,1,2
25,0,0.8383561643835616,0.0,55,8,1
31,0,0.08493150684931507,0.0,130,1,1
71,0,1.0,0.0,44,1,1
66,0,1.0,0.0,83,1,1
70,0,1.0,0.0,65,6,1
41,0,1.0,0.0,40,1,3
86,0,1.0,0.0,64,1,1
78,0,1.0,0.0,55,1,1
49,0,1.0,0.0,40,1,1
69,0,1.0,0.0,48,1,1
84,0,0.7753424657534247,0.0,33,10,3
77,0,0.9013698630136986,0.0,33,6,1
30,0,1.0,0.0,66,1,1
57,0,1.0,0.0,40,1,2
46,0,0.16164383561643836,0.0,47,2,1
34,1,1.0,13943.0,55,8,1
34,0,0.4465753424657534,0.0,40,2,0
50,0,1.0,0.0,66,1,1
36,1,0.27123287671232876,5408.0,44,13,2
47,1,1.0,25072.0,44,6,1
24,0,1.0,0.0,48,1,2
43,0,1.0,0.0,44,10,3
55,0,1.0,0.0,55,6,2
64,0,1.0,0.0,52,1,2
47,1,1.0,2849.0,37,2,1
84,0,1.0,0.0,29,8,1
66,0,1.0,0.0,60,3,2
33,0,1.0,0.0,55,1,1
36,0,1.0,0.0,54,1,3
78,0,0.915068493150685,0.0,51,12,1
32,0,1.0,0.0,40,5,2
26,0,1.0,0.0,54,2,2
46,0,1.0,0.0,48,11,3
46,0,1.0,0.0,55,11,2
44,0,1.0,0.0,44,1,2
25,0,0.5808219178082191,0.0,42,1,2
74,0,1.0,0.0,51,1,1
46,0,1.0,0.0,81,3,1
49,0,0.27671232876712326,0.0,77,8,2
57,0,1.0,0.0,76,1,2
38,0,0.08767123287671233,0.0,55,1,1
31,1,1.0,2607.0,37,1,2
50,0,1.0,0.0,60,6,2
32,0,1.0,0.0,51,2,2
64,0,1.0,0.0,73,1,2
25,0,0.09041095890410959,0.0,50,10,3
61,0,1.0,0.0,68,6,3
49,0,1.0,0.0,40,1,1
33,0,1.0,0.0,68,1,1
53,0,0.8328767123287671,0.0,81,1,1
54,0,1.0,0.0,40,1,3
66,0,0.6657534246575343,0.0,52,12,2
34,0,1.0,0.0,67,3,1
36,0,0.3424657534246575,0.0,82,5,1
72,0,1.0,0.0,74,3,1
44,0,1.0,0.0,76,1,3
57,1,1.0,121902.0,55,1,1
31,0,1.0,0.0,54,1,2
26,0,1.0,0.0,66,7,2
60,1,1.0,39746.0,53,2,2
73,0,1.0,0.0,33,1,1
53,0,1.0,0.0,47,3,2
74,0,1.0,0.0,48,9,2
48,0,1.0,0.0,55,3,1
37,0,1.0,0.0,21,1,1
54,0,1.0,0.0,40,2,1
70,0,0.0821917808219178,0.0,108,4,2
25,0,1.0,0.0,55,2,3
27,0,1.0,0.0,55,7,1
49,0,0.8493150684931506,0.0,55,1,3
47,0,0.6684931506849315,0.0,59,1,2
45,0,1.0,0.0,67,1,1
75,0,1.0,0.0,55,1,3
45,0,1.0,0.0,50,1,2
36,0,0.2219178082191781,0.0,40,11,1
33,0,1.0,0.0,40,6,2
87,0,1.0,0.0,25,1,2
32,1,1.0,6066.0,40,8,1
47,1,1.0,6534.0,50,2,2
59,0,1.0,0.0,55,1,1
53,0,1.0,0.0,83,2,3
38,0,1.0,0.0,40,2,2
50,0,1.0,0.0,51,1,3
44,0,1.0,0.0,74,5,3
75,0,1.0,0.0,40,4,3
67,0,1.0,0.0,44,1,1
41,0,1.0,0.0,42,6,3
39,0,0.31232876712328766,0.0,54,1,3
26,0,1.0,0.0,33,7,1
39,2,0.6767123287671233,23341.0,47,1,1
38,0,1.0,0.0,47,1,1
77,0,1.0,0.0,49,2,1
56,0,0.31232876712328766,0.0,40,6,2
51,0,1.0,0.0,60,7,3
68,1,1.0,57540.0,105,1,3
75,0,1.0,0.0,43,1,1
55,0,1.0,0.0,66,8,1
50,0,1.0,0.0,90,12,2
65,0,1.0,0.0,50,1,3
38,0,0.4986301369863014,0.0,85,2,1
40,0,1.0,0.0,40,1,1
54,0,1.0,0.0,55,7,1
34,0,1.0,0.0,33,5,2
51,0,1.0,0.0,85,2,1
80,0,1.0,0.0,40,3,1
34,0,1.0,0.0,65,3,3
27,0,1.0,0.0,29,2,3
37,0,1.0,0.0,100,6,1
30,0,1.0,0.0,55,6,3
33,1,1.0,5324.0,72,2,2
39,0,0.08493150684931507,0.0,40,1,1
36,0,0.8301369863013699,0.0,63,1,1
91,0,1.0,0.0,42,1,2
69,0,1.0,0.0,88,5,3
27,0,0.863013698630137,0.0,66,1,3
49,0,0.07397260273972603,0.0,39,6,2
69,0,1.0,0.0,92,9,1
70,0,1.0,0.0,100,1,1
46,0,1.0,0.0,55,2,2
40,0,1.0,0.0,50,1,2
40,0,0.8383561643835616,0.0,66,1,1
25,1,0.8301369863013699,6534.0,78,2,1
74,0,1.0,0.0,65,6,1
45,0,1.0,0.0,33,1,1
27,0,1.0,0.0,44,1,1
72,0,1.0,0.0,38,1,1
72,0,1.0,0.0,42,1,1
35,0,1.0,0.0,21,1,1
71,0,1.0,0.0,47,1,1
27,0,1.0,0.0,87,2,1
25,0,1.0,0.0,68,6,3
67,0,1.0,0.0,41,1,2
73,0,1.0,0.0,42,6,3
33,0,0.6712328767123288,0.0,90,1,1
73,0,1.0,0.0,85,2,1
58,0,1.0,0.0,66,1,1
85,0,0.14246575342465753,0.0,33,3,3
22,0,1.0,0.0,55,3,1
37,0,1.0,0.0,33,2,2
42,1,1.0,55000.0,54,1,1
68,0,1.0,0.0,37,2,1
37,0,0.8191780821917808,0.0,44,2,1
65,0,1.0,0.0,170,12,1
57,1,1.0,5204.0,40,10,1
38,0,1.0,0.0,40,11,1
66,0,1.0,0.0,55,2,2
24,0,1.0,0.0,74,1,3
44,0,0.5068493150684932,0.0,78,12,1
41,0,1.0,0.0,48,15,2
33,0,1.0,0.0,40,6,3
60,0,1.0,0.0,55,6,3
62,0,1.0,0.0,57,6,3
25,0,1.0,0.0,63,1,2
47,0,1.0,0.0,55,5,3
39,0,1.0,0.0,45,1,1
74,0,1.0,0.0,68,4,1
58,0,1.0,0.0,40,10,2
46,1,1.0,2148.0,50,1,3
70,0,1.0,0.0,66,1,2
34,0,1.0,0.0,48,3,3
68,0,0.8356164383561644,0.0,40,12,3
45,0,1.0,0.0,60,8,3
69,0,1.0,0.0,33,6,0
60,0,1.0,0.0,49,12,1
41,0,1.0,0.0,34,7,1
70,0,1.0,0.0,64,5,2
37,0,1.0,0.0,38,3,1
46,0,1.0,0.0,40,2,1
77,0,1.0,0.0,37,1,2
30,0,1.0,0.0,37,1,2
32,0,1.0,0.0,55,2,3
57,0,1.0,0.0,68,1,2
60,0,1.0,0.0,66,3,3
48,0,0.6904109589041096,0.0,60,1,1
67,0,1.0,0.0,72,6,2
27,0,0.4958904109589041,0.0,42,1,1
27,0,1.0,0.0,44,4,1
53,0,0.3095890410958904,0.0,46,2,2
60,0,1.0,0.0,58,8,2
42,0,1.0,0.0,40,1,1
38,0,1.0,0.0,50,2,2
26,0,1.0,0.0,40,1,3
63,0,1.0,0.0,55,5,2
84,0,1.0,0.0,51,2,1
39,0,0.5808219178082191,0.0,35,2,1
32,0,1.0,0.0,40,5,1
74,0,1.0,0.0,70,10,1
46,0,0.5863013698630137,0.0,51,7,3
24,0,0.3287671232876712,0.0,66,2,1
68,0,1.0,0.0,33,1,1
27,0,1.0,0.0,55,1,3
36,0,1.0,0.0,107,2,2
36,0,1.0,0.0,33,9,3
37,0,0.4246575342465753,0.0,38,1,2
50,1,1.0,95095.0,30,1,3
59,0,0.7479452054794521,0.0,66,1,3
40,0,1.0,0.0,55,12,1
32,0,1.0,0.0,44,10,1
73,0,1.0,0.0,66,9,1
52,0,1.0,0.0,44,4,2
37,1,1.0,68680.0,55,1,2
64,0,1.0,0.0,53,5,3
43,0,1.0,0.0,110,1,2
28,0,0.8191780821917808,0.0,54,10,2
36,0,0.23013698630136986,0.0,29,5,1
30,0,1.0,0.0,33,12,1
49,0,0.10684931506849316,0.0,47,2,2
21,0,1.0,0.0,34,2,1
46,0,1.0,0.0,68,1,1
54,0,1.0,0.0,42,1,1
49,0,1.0,0.0,66,1,2
61,0,1.0,0.0,48,1,2
43,0,0.40273972602739727,0.0,47,12,3
60,0,1.0,0.0,49,1,3
35,0,0.5808219178082191,0.0,43,1,1
45,0,0.7424657534246575,0.0,66,1,1
60,0,0.136986301369863,0.0,110,1,1
82,0,1.0,0.0,110,6,2
67,0,0.5945205479452055,0.0,50,1,3
39,0,1.0,0.0,44,1,3
61,0,1.0,0.0,40,5,3
49,0,1.0,0.0,40,5,1
69,0,1.0,0.0,47,8,3
64,0,1.0,0.0,74,3,1
56,0,1.0,0.0,47,6,1
55,0,1.0,0.0,64,8,3
39,0,0.4958904109589041,0.0,40,2,1
57,0,0.2465753424657534,0.0,66,1,1
31,0,1.0,0.0,49,1,2
50,0,1.0,0.0,78,1,2
31,0,0.25205479452054796,0.0,44,1,3
33,0,1.0,0.0,40,7,1
55,0,1.0,0.0,62,1,3
56,0,0.3041095890410959,0.0,68,4,1
70,0,1.0,0.0,51,10,1
49,0,1.0,0.0,123,11,1
38,0,1.0,0.0,44,2,1
62,0,1.0,0.0,44,1,3
61,0,0.8328767123287671,0.0,96,8,2
21,1,1.0,21540.0,66,5,2
29,1,1.0,6776.0,66,1,2
30,0,1.0,0.0,33,6,1
25,0,1.0,0.0,66,1,1
36,0,1.0,0.0,51,2,2
66,0,1.0,0.0,33,1,0
67,0,1.0,0.0,43,3,2
36,0,0.7726027397260274,0.0,36,1,1
39,0,0.16712328767123288,0.0,50,1,3
51,0,1.0,0.0,55,1,1
50,1,1.0,50754.0,96,13,3
59,0,1.0,0.0,44,5,1
34,1,1.0,22733.0,40,1,3
61,0,1.0,0.0,65,1,1
33,0,1.0,0.0,42,10,3
60,0,1.0,0.0,74,7,3
35,1,0.38082191780821917,2856.0,65,2,3
46,0,0.4958904109589041,0.0,55,6,1
55,0,0.8328767123287671,0.0,55,1,1
60,0,1.0,0.0,57,1,2
36,0,0.5424657534246575,0.0,43,1,3
29,0,1.0,0.0,55,3,2
42,0,0.4273972602739726,0.0,141,1,1
58,0,1.0,0.0,50,14,3
51,0,1.0,0.0,52,2,2
69,1,1.0,66274.0,125,1,1
50,0,1.0,0.0,77,10,2
58,0,1.0,0.0,66,2,2
65,0,1.0,0.0,50,1,1
29,0,1.0,0.0,66,6,2
70,0,0.057534246575342465,0.0,66,2,2
58,0,1.0,0.0,35,1,3
34,0,1.0,0.0,53,1,2
71,0,1.0,0.0,55,2,2
73,0,1.0,0.0,55,15,2
24,1,1.0,4108.0,39,1,3
39,0,1.0,0.0,89,3,1
56,0,1.0,0.0,39,2,3
22,0,1.0,0.0,44,1,1
39,0,1.0,0.0,29,12,2
49,0,1.0,0.0,85,1,1
32,0,0.8027397260273973,0.0,33,6,3
40,0,1.0,0.0,60,8,3
63,1,1.0,31439.0,43,9,1
48,0,1.0,0.0,40,1,3
60,0,0.5863013698630137,0.0,44,8,1
62,0,1.0,0.0,89,2,2
53,0,1.0,0.0,69,3,2
50,0,1.0,0.0,32,2,1
41,0,0.7479452054794521,0.0,50,8,1
55,0,0.4986301369863014,0.0,107,1,1
34,0,1.0,0.0,44,8,3
41,0,1.0,0.0,43,3,2
68,0,1.0,0.0,53,12,1
44,0,1.0,0.0,35,2,3
52,0,1.0,0.0,66,2,2
53,0,1.0,0.0,66,11,2
40,0,0.36712328767123287,0.0,43,1,3
34,0,1.0,0.0,58,1,3
24,1,1.0,6066.0,33,1,3
38,0,1.0,0.0,55,1,3
29,0,1.0,0.0,43,2,2
29,0,0.3643835616438356,0.0,50,10,2
48,0,0.4136986301369863,0.0,66,1,2
76,1,1.0,57720.0,33,1,1
22,1,1.0,2607.0,38,12,1
44,0,0.0273972602739726,0.0,55,3,2
28,0,0.8547945205479452,0.0,54,1,3
60,0,1.0,0.0,37,6,3
65,1,1.0,3008.0,50,11,2
25,1,1.0,61400.0,46,3,1
52,0,0.08493150684931507,0.0,55,6,1
68,0,1.0,0.0,47,7,3
49,0,1.0,0.0,77,6,2
31,0,1.0,0.0,58,8,1
41,0,1.0,0.0,66,6,1
43,0,1.0,0.0,100,1,1
55,0,1.0,0.0,98,1,2
49,1,1.0,63481.0,40,11,1
28,1,1.0,3376042.0,45,2,3
45,1,1.0,1615000.0,116,4,1
40,0,1.0,0.0,98,1,3
71,0,1.0,0.0,33,3,1
68,0,1.0,0.0,55,1,1
34,0,1.0,0.0,81,5,1
22,0,0.6931506849315069,0.0,70,2,2
72,0,1.0,0.0,40,2,3
42,0,1.0,0.0,47,1,1
31,0,0.8328767123287671,0.0,68,2,1
36,0,1.0,0.0,39,8,1
46,0,1.0,0.0,34,1,2
65,0,1.0,0.0,33,1,3
39,0,0.7534246575342466,0.0,55,1,1
50,0,1.0,0.0,44,1,2
46,0,1.0,0.0,36,2,1
41,0,1.0,0.0,46,2,1
33,0,0.07397260273972603,0.0,55,1,3
43,0,1.0,0.0,55,2,2
47,0,1.0,0.0,45,1,1
64,0,0.9178082191780822,0.0,60,1,2
63,0,1.0,0.0,88,7,1
62,0,1.0,0.0,40,1,2
75,0,1.0,0.0,33,1,2
31,0,1.0,0.0,50,9,2
36,0,1.0,0.0,66,1,1
69,0,1.0,0.0,65,5,1
59,0,1.0,0.0,47,11,2
23,0,1.0,0.0,43,5,1
44,0,1.0,0.0,44,1,2
40,0,0.4958904109589041,0.0,47,2,3
44,0,1.0,0.0,69,5,1
49,0,0.7753424657534247,0.0,55,8,1
25,2,1.0,48098.0,40,1,1
60,1,0.8493150684931506,15000.0,55,2,2
26,0,0.16164383561643836,0.0,45,7,3
51,0,1.0,0.0,64,6,1
32,0,1.0,0.0,44,7,2
49,1,1.0,5850.0,69,2,2
73,0,1.0,0.0,51,1,1
42,0,1.0,0.0,47,5,1
38,0,1.0,0.0,64,10,1
23,1,1.0,405000.0,66,1,2
41,0,1.0,0.0,85,1,2
66,0,1.0,0.0,40,3,3
55,0,1.0,0.0,74,1,3
51,0,1.0,0.0,63,9,2
50,0,1.0,0.0,43,1,3
62,0,1.0,0.0,98,9,1
34,0,1.0,0.0,51,11,1
32,0,1.0,0.0,47,1,1
31,0,1.0,0.0,40,2,3
60,0,1.0,0.0,48,2,3
42,0,1.0,0.0,47,6,1
32,0,0.7671232876712328,0.0,55,1,1
45,0,1.0,0.0,48,2,2
66,0,1.0,0.0,70,3,1
32,0,1.0,0.0,37,1,1
71,1,1.0,2839.0,84,2,3
54,0,1.0,0.0,59,6,2
53,0,1.0,0.0,40,12,2
33,0,1.0,0.0,40,11,3
31,1,0.5917808219178082,3072.0,77,6,1
36,0,0.4,0.0,51,1,2
52,0,0.7643835616438356,0.0,52,3,1
40,0,1.0,0.0,40,5,1
56,0,0.35342465753424657,0.0,44,1,3
40,0,0.4136986301369863,0.0,55,2,0
64,0,1.0,0.0,66,6,1
19,1,0.9808219178082191,85000.0,72,5,1
40,0,1.0,0.0,40,3,3
33,0,0.5178082191780822,0.0,34,3,2
44,0,1.0,0.0,33,2,1
30,0,1.0,0.0,40,1,1
21,0,0.4328767123287671,0.0,66,2,2
65,2,1.0,51560.0,65,6,1
70,0,1.0,0.0,40,1,2
52,0,1.0,0.0,37,10,2
61,0,1.0,0.0,66,2,1
45,1,1.0,8350.0,92,1,2
28,0,1.0,0.0,40,12,2
29,0,1.0,0.0,53,1,1
33,0,1.0,0.0,100,6,3
39,0,1.0,0.0,40,4,3
57,0,1.0,0.0,55,1,2
30,0,0.9397260273972603,0.0,66,12,3
51,0,1.0,0.0,40,9,3
68,0,1.0,0.0,55,8,3
52,0,0.6410958904109589,0.0,37,1,3
24,3,0.7232876712328767,1512500.0,92,1,3
46,0,1.0,0.0,44,1,3
48,0,1.0,0.0,49,9,2
35,0,1.0,0.0,30,4,2
64,0,1.0,0.0,55,2,3
52,0,0.7479452054794521,0.0,52,3,1
32,0,0.024657534246575342,0.0,54,6,1
40,1,1.0,5736.0,40,4,2
27,0,1.0,0.0,136,1,3
57,0,1.0,0.0,110,1,3
37,0,1.0,0.0,27,1,1
36,0,0.7315068493150685,0.0,55,8,1
42,0,1.0,0.0,125,4,1
46,1,1.0,3072.0,33,1,2
37,0,1.0,0.0,47,1,3
62,0,1.0,0.0,43,1,3
51,0,0.07945205479452055,0.0,40,1,2
50,0,1.0,0.0,33,4,3
30,0,1.0,0.0,40,1,1
73,0,1.0,0.0,44,1,1
73,0,1.0,0.0,37,1,1
53,0,1.0,0.0,43,2,3
52,0,1.0,0.0,74,3,2
46,0,1.0,0.0,81,1,3
37,0,1.0,0.0,46,8,1
46,0,1.0,0.0,55,1,0
66,0,1.0,0.0,77,1,3
66,0,1.0,0.0,55,6,1
60,0,1.0,0.0,49,4,2
48,0,1.0,0.0,68,12,2
33,0,1.0,0.0,48,1,1
47,0,0.273972602739726,0.0,37,5,2
36,0,0.4958904109589041,0.0,50,1,1
38,1,1.0,60147.0,55,2,3
31,0,1.0,0.0,66,1,1
51,0,1.0,0.0,25,1,1
31,1,0.7123287671232876,44006.0,110,1,2
37,1,1.0,5408.0,51,9,3
36,1,1.0,5542.0,55,9,2
64,1,1.0,61090.0,83,11,3
70,0,1.0,0.0,43,1,3
51,0,1.0,0.0,47,1,1
30,0,1.0,0.0,43,4,2
61,0,1.0,0.0,55,6,2
40,0,1.0,0.0,65,4,2
34,0,1.0,0.0,44,1,1
25,0,0.6164383561643836,0.0,39,10,2
48,0,1.0,0.0,85,2,1
30,0,1.0,0.0,44,6,2
53,0,1.0,0.0,50,1,2
40,1,1.0,5850.0,66,2,1
57,0,1.0,0.0,40,1,1
31,0,0.15342465753424658,0.0,43,12,1
45,0,1.0,0.0,59,1,1
32,0,1.0,0.0,110,1,2
42,0,1.0,0.0,48,1,3
52,0,0.7452054794520548,0.0,60,1,2
30,0,1.0,0.0,37,2,3
26,0,0.3287671232876712,0.0,44,1,1
35,0,1.0,0.0,40,1,3
29,0,1.0,0.0,40,1,1
47,0,0.3287671232876712,0.0,110,5,1
50,0,1.0,0.0,89,12,1
29,4,0.9808219178082191,58578.0,32,2,2
53,0,1.0,0.0,42,1,2
43,1,1.0,2849.0,47,1,2
70,0,0.4136986301369863,0.0,64,4,2
67,0,1.0,0.0,47,2,1
34,0,1.0,0.0,66,6,1
50,0,1.0,0.0,40,1,1
65,0,1.0,0.0,44,1,3
61,1,1.0,2662.0,33,1,2
31,0,1.0,0.0,35,1,3
62,0,1.0,0.0,40,1,2
48,0,1.0,0.0,96,11,3
58,0,1.0,0.0,170,12,2
27,0,1.0,0.0,29,6,3
46,0,1.0,0.0,55,2,1
51,0,1.0,0.0,39,1,1
32,0,1.0,0.0,38,2,1
67,0,1.0,0.0,138,1,1
73,0,1.0,0.0,40,13,3
54,0,1.0,0.0,44,12,3
25,0,0.7041095890410959,0.0,73,2,1
41,0,1.0,0.0,47,6,1
37,0,0.3863013698630137,0.0,75,1,2
50,0,1.0,0.0,92,7,2
50,0,0.07397260273972603,0.0,42,10,3
27,1,1.0,2105.0,84,6,2
43,0,1.0,0.0,65,10,1
37,0,1.0,0.0,40,12,3
38,0,1.0,0.0,51,6,2
53,0,1.0,0.0,85,2,2
38,0,1.0,0.0,33,2,1
52,0,1.0,0.0,81,4,3
48,0,1.0,0.0,33,1,1
34,0,1.0,0.0,55,10,1
31,0,1.0,0.0,50,1,2
60,0,1.0,0.0,54,2,1
33,0,1.0,0.0,33,12,0
32,0,1.0,0.0,66,11,2
44,0,0.3287671232876712,0.0,43,11,1
73,0,1.0,0.0,33,5,1
30,0,1.0,0.0,54,15,1
48,0,1.0,0.0,37,1,1
66,0,1.0,0.0,85,1,1
23,0,0.20273972602739726,0.0,61,2,2
24,0,1.0,0.0,40,4,2
53,0,0.873972602739726,0.0,33,11,1
57,0,0.0136986301369863,0.0,40,3,1
56,0,1.0,0.0,75,11,3
44,0,1.0,0.0,60,8,3
46,0,1.0,0.0,68,1,2
32,0,0.6602739726027397,0.0,39,8,1
49,0,1.0,0.0,44,5,1
61,0,1.0,0.0,55,1,2
60,1,1.0,6922.0,39,1,2
52,0,1.0,0.0,115,1,2
54,0,1.0,0.0,66,2,2
46,1,1.0,2607.0,43,1,1
45,1,0.4547945205479452,34267.0,55,12,1
51,0,0.5232876712328767,0.0,40,1,1
21,0,1.0,0.0,38,7,1
50,1,0.08493150684931507,68263.0,44,1,1
57,0,1.0,0.0,63,9,1
41,0,0.3452054794520548,0.0,98,5,1
54,0,0.2328767123287671,0.0,49,3,3
63,0,1.0,0.0,44,1,2
75,0,1.0,0.0,55,2,2
42,0,1.0,0.0,64,2,2
29,0,0.4602739726027397,0.0,43,1,1
44,2,1.0,128961.0,30,12,2
49,1,1.0,18796.0,69,1,3
66,0,1.0,0.0,50,1,2
63,0,1.0,0.0,33,11,3
27,0,1.0,0.0,74,3,1
86,0,1.0,0.0,40,1,1
45,0,1.0,0.0,97,2,3
50,0,1.0,0.0,50,6,2
72,0,1.0,0.0,44,2,2
51,0,1.0,0.0,40,15,3
84,1,1.0,8116.0,39,1,1
31,0,1.0,0.0,51,12,2
78,0,1.0,0.0,50,3,1
29,0,1.0,0.0,43,2,3
42,0,1.0,0.0,55,2,1
66,0,1.0,0.0,47,1,1
30,1,1.0,18525.0,21,1,1
30,0,0.5808219178082191,0.0,32,4,3
59,0,1.0,0.0,58,8,1
31,0,0.273972602739726,0.0,44,6,0
57,0,1.0,0.0,40,5,1
63,0,0.5917808219178082,0.0,55,2,3
25,0,1.0,0.0,59,2,2
73,0,1.0,0.0,52,1,3
34,0,1.0,0.0,55,1,3
50,0,1.0,0.0,55,1,1
77,1,1.0,94000.0,90,3,2
37,0,1.0,0.0,70,10,1
46,0,1.0,0.0,55,12,2
34,0,1.0,0.0,40,9,3
45,0,0.4958904109589041,0.0,74,1,1
51,0,1.0,0.0,66,5,1
49,0,1.0,0.0,50,2,1
56,0,1.0,0.0,48,2,2
39,0,1.0,0.0,55,10,2
31,0,1.0,0.0,33,1,3
62,0,1.0,0.0,67,1,1
49,0,1.0,0.0,90,2,1
62,0,1.0,0.0,37,5,2
66,0,1.0,0.0,25,13,1
25,0,1.0,0.0,36,2,3
72,0,1.0,0.0,51,2,1
37,0,1.0,0.0,43,1,3
64,0,1.0,0.0,55,3,1
34,0,1.0,0.0,52,14,1
31,0,1.0,0.0,40,10,2
25,0,1.0,0.0,52,3,1
22,0,1.0,0.0,40,1,1
26,0,1.0,0.0,54,7,3
50,0,1.0,0.0,44,15,1
34,0,1.0,0.0,102,2,2
51,0,1.0,0.0,55,2,3
64,0,1.0,0.0,65,2,2
53,0,1.0,0.0,55,16,3
25,2,1.0,94200.0,44,1,1
72,0,1.0,0.0,55,11,3
61,0,1.0,0.0,55,3,2
33,0,0.2958904109589041,0.0,66,3,1
77,0,1.0,0.0,54,1,3
28,0,0.6876712328767123,0.0,68,8,3
63,0,1.0,0.0,65,3,1
66,1,1.0,5214.0,44,11,3
32,1,1.0,63495.0,68,12,1
32,0,1.0,0.0,55,1,1
38,0,0.6657534246575343,0.0,40,1,1
61,0,1.0,0.0,33,1,3
44,0,1.0,0.0,55,1,2
58,0,1.0,0.0,33,7,3
48,0,0.29315068493150687,0.0,55,1,1
39,0,0.2958904109589041,0.0,77,9,1
42,0,1.0,0.0,47,1,3
72,0,1.0,0.0,44,1,2
65,0,1.0,0.0,40,15,3
22,0,0.5041095890410959,0.0,77,1,2
42,0,1.0,0.0,33,1,1
76,0,1.0,0.0,66,1,1
78,0,0.9232876712328767,0.0,40,1,2
56,0,1.0,0.0,150,1,1
56,0,1.0,0.0,43,2,1
35,0,1.0,0.0,37,1,1
36,0,1.0,0.0,55,10,1
41,0,1.0,0.0,68,5,2
33,0,1.0,0.0,66,6,3
42,0,1.0,0.0,33,9,3
74,0,1.0,0.0,66,1,3
73,0,1.0,0.0,55,1,2
29,0,1.0,0.0,35,3,3
74,0,1.0,0.0,44,1,3
47,0,1.0,0.0,74,1,1
22,0,0.9424657534246575,0.0,49,1,1
28,0,1.0,0.0,33,1,1
48,0,1.0,0.0,29,13,3
57,0,0.7972602739726027,0.0,62,1,1
36,0,0.3287671232876712,0.0,52,4,3
34,0,1.0,0.0,48,3,3
42,0,1.0,0.0,107,1,1
58,0,1.0,0.0,66,12,1
56,0,1.0,0.0,65,1,1
56,0,1.0,0.0,83,8,2
57,0,0.2465753424657534,0.0,74,1,1
43,0,1.0,0.0,47,3,2
45,0,1.0,0.0,110,5,3
38,0,1.0,0.0,40,13,2
67,1,1.0,27262.0,75,7,2
30,0,1.0,0.0,75,1,3
59,0,0.7753424657534247,0.0,46,12,2
38,0,0.0027397260273972603,0.0,35,10,1
36,0,1.0,0.0,37,12,2
70,1,1.0,5850.0,96,10,1
75,0,1.0,0.0,68,12,1
42,0,1.0,0.0,43,4,1
27,0,1.0,0.0,40,1,1
65,1,1.0,7828.0,48,2,3
23,0,1.0,0.0,40,1,1
42,0,1.0,0.0,69,12,3
43,0,1.0,0.0,50,1,1
57,0,1.0,0.0,40,4,1
33,0,0.4849315068493151,0.0,40,1,3
65,0,1.0,0.0,40,2,2
25,0,1.0,0.0,60,1,1
42,0,1.0,0.0,75,5,1
72,0,0.9424657534246575,0.0,55,2,3
61,0,1.0,0.0,48,1,3
59,0,1.0,0.0,50,1,3
34,0,1.0,0.0,63,2,2
54,1,1.0,3072.0,66,2,2
45,0,1.0,0.0,41,2,2
62,1,0.18904109589041096,65000.0,54,11,3
39,0,1.0,0.0,65,6,1
36,0,1.0,0.0,32,1,2
75,0,1.0,0.0,55,12,3
40,0,0.5863013698630137,0.0,59,1,2
69,0,1.0,0.0,47,1,1
45,1,1.0,5850.0,66,1,1
41,1,1.0,40000.0,50,10,1
64,1,1.0,2607.0,66,3,3
37,0,1.0,0.0,40,1,3
33,0,1.0,0.0,43,1,2
29,0,1.0,0.0,47,1,1
30,0,0.947945205479452,0.0,94,2,1
54,0,0.16712328767123288,0.0,54,1,2
56,0,0.34794520547945207,0.0,33,11,1
23,0,1.0,0.0,42,7,1
54,0,0.4136986301369863,0.0,29,1,3
22,0,0.4438356164383562,0.0,40,8,1
39,0,1.0,0.0,66,2,1
37,0,0.3150684931506849,0.0,40,2,1
57,0,1.0,0.0,65,1,1
26,0,1.0,0.0,55,2,1
32,0,1.0,0.0,63,2,1
68,0,1.0,0.0,65,5,3
36,0,1.0,0.0,83,6,1
40,1,1.0,2607.0,70,11,2
57,0,1.0,0.0,44,9,3
40,0,1.0,0.0,74,2,1
49,0,1.0,0.0,58,2,3
34,0,0.8328767123287671,0.0,74,1,3
32,0,0.08767123287671233,0.0,35,1,1
74,0,1.0,0.0,98,10,2
38,0,0.9561643835616438,0.0,33,1,3
58,1,1.0,5869.0,25,12,3
34,0,0.40821917808219177,0.0,66,9,3
30,0,1.0,0.0,51,1,1
51,0,1.0,0.0,30,2,2
50,0,1.0,0.0,60,7,1
49,0,1.0,0.0,51,2,2
21,1,1.0,2426.0,55,2,2
55,0,1.0,0.0,55,6,1
33,0,1.0,0.0,40,1,1
51,1,1.0,8045.0,55,6,2
45,0,1.0,0.0,96,1,3
31,0,1.0,0.0,44,1,1
68,0,1.0,0.0,66,12,3
21,0,0.9780821917808219,0.0,40,1,1
53,0,0.18082191780821918,0.0,88,2,2
69,0,0.15342465753424658,0.0,40,9,2
32,0,0.32054794520547947,0.0,65,4,1
32,0,0.5041095890410959,0.0,74,2,1
74,0,0.2465753424657534,0.0,66,9,1
30,0,1.0,0.0,44,2,1
52,0,0.9397260273972603,0.0,50,2,1
54,0,1.0,0.0,65,1,2
42,0,1.0,0.0,55,6,1
26,0,1.0,0.0,77,3,3
23,1,1.0,6922.0,33,1,1
27,1,1.0,7526.0,34,1,1
42,0,1.0,0.0,68,4,3
38,0,1.0,0.0,85,11,3
47,0,1.0,0.0,25,12,1
49,1,1.0,5324.0,51,2,1
28,0,0.863013698630137,0.0,40,15,1
50,1,1.0,57540.0,55,1,3
57,0,1.0,0.0,40,1,1
55,0,0.2191780821917808,0.0,40,1,3
33,1,1.0,44337.0,49,1,3
41,0,1.0,0.0,85,11,3
26,0,1.0,0.0,33,1,3
34,0,1.0,0.0,44,14,2
68,0,1.0,0.0,74,11,2
41,0,1.0,0.0,70,1,1
45,0,1.0,0.0,100,1,2
44,0,0.2465753424657534,0.0,77,1,3
75,0,1.0,0.0,54,1,2
63,0,1.0,0.0,66,6,2
69,0,1.0,0.0,60,2,3
69,0,1.0,0.0,47,1,2
32,0,0.09315068493150686,0.0,94,11,3
33,0,1.0,0.0,54,4,2
59,0,1.0,0.0,45,15,1
42,0,1.0,0.0,66,12,3
48,0,1.0,0.0,84,6,3
44,0,1.0,0.0,55,1,3
78,0,1.0,0.0,70,9,2
44,0,0.2958904109589041,0.0,85,1,3
46,0,0.5260273972602739,0.0,47,6,1
64,0,1.0,0.0,51,2,3
31,0,1.0,0.0,55,2,2
54,2,1.0,40136.0,66,1,3
64,0,1.0,0.0,55,6,3
34,0,1.0,0.0,55,2,1
34,1,1.0,4948.0,85,7,1
52,0,1.0,0.0,44,4,1
29,0,1.0,0.0,55,1,3
71,0,1.0,0.0,39,11,1
43,0,0.3863013698630137,0.0,64,7,2
29,0,1.0,0.0,85,11,2
24,0,1.0,0.0,60,1,1
46,0,1.0,0.0,63,1,1
73,0,1.0,0.0,55,14,3
65,1,1.0,5850.0,33,6,2
50,0,1.0,0.0,34,2,2
53,0,1.0,0.0,47,2,3
47,0,1.0,0.0,37,7,3
47,0,1.0,0.0,55,1,1
32,0,1.0,0.0,68,1,1
37,0,1.0,0.0,44,3,2
36,0,0.09863013698630137,0.0,55,11,3
40,0,1.0,0.0,48,2,2
54,0,1.0,0.0,44,8,2
74,0,1.0,0.0,48,1,2
74,0,1.0,0.0,60,2,1
41,0,1.0,0.0,55,1,3
46,0,1.0,0.0,48,1,2
66,1,1.0,55847.0,66,8,1
60,0,1.0,0.0,200,13,2
37,0,1.0,0.0,44,1,2
54,0,1.0,0.0,101,1,1
35,0,0.37534246575342467,0.0,125,5,1
86,0,1.0,0.0,33,7,2
45,0,1.0,0.0,44,12,1
45,0,0.8136986301369863,0.0,54,1,2
33,0,1.0,0.0,75,1,2
34,0,1.0,0.0,33,11,1
51,0,1.0,0.0,77,1,2
35,0,1.0,0.0,33,14,2
51,0,1.0,0.0,40,1,3
54,0,1.0,0.0,51,12,2
67,0,1.0,0.0,116,1,1
40,0,1.0,0.0,101,7,1
65,0,0.44931506849315067,0.0,66,4,3
53,0,1.0,0.0,47,4,1
61,1,1.0,34288.0,55,8,1
67,0,1.0,0.0,43,5,1
67,0,1.0,0.0,39,1,3
62,0,1.0,0.0,33,1,1
38,0,1.0,0.0,66,1,2
39,0,1.0,0.0,43,10,2
46,0,1.0,0.0,100,7,1
28,0,0.8493150684931506,0.0,49,1,3
34,1,1.0,2900.0,55,3,2
37,0,1.0,0.0,55,1,1
47,0,1.0,0.0,98,2,1
49,1,0.8712328767123287,6026.0,44,1,1
41,0,1.0,0.0,51,1,1
60,1,1.0,6066.0,81,2,1
26,0,1.0,0.0,53,2,2
40,0,0.4383561643835616,0.0,70,1,3
46,0,0.39452054794520547,0.0,55,9,2
32,1,0.8657534246575342,5850.0,43,2,1
32,0,1.0,0.0,55,5,2
36,0,1.0,0.0,40,2,2
33,0,1.0,0.0,66,9,3
26,0,1.0,0.0,40,2,1
51,0,1.0,0.0,47,11,1
63,0,1.0,0.0,55,6,3
30,0,1.0,0.0,63,1,3
43,0,1.0,0.0,79,1,3
32,0,1.0,0.0,55,1,3
67,0,1.0,0.0,65,2,2
58,0,1.0,0.0,66,6,2
28,0,1.0,0.0,37,17,2
33,0,0.22465753424657534,0.0,38,6,3
42,0,1.0,0.0,97,1,1
43,0,1.0,0.0,32,1,1
26,0,1.0,0.0,40,1,3
45,1,1.0,7502.0,64,5,1
55,0,1.0,0.0,73,4,2
37,0,1.0,0.0,55,3,1
28,0,1.0,0.0,47,1,1
43,1,0.4136986301369863,5850.0,105,1,1
30,0,1.0,0.0,40,5,1
21,0,1.0,0.0,108,2,2
63,0,1.0,0.0,43,4,3
43,0,1.0,0.0,60,10,1
30,0,1.0,0.0,55,1,1
45,0,1.0,0.0,43,13,2
62,1,0.4547945205479452,24864.0,50,2,2
43,0,0.46301369863013697,0.0,33,8,1
33,1,1.0,3018.0,77,19,1
30,0,1.0,0.0,34,1,3
43,0,1.0,0.0,48,4,1
27,0,1.0,0.0,63,1,2
41,0,0.01643835616438356,0.0,51,5,2
54,0,1.0,0.0,33,2,1
50,0,1.0,0.0,76,1,2
44,0,1.0,0.0,37,1,1
64,1,0.5808219178082191,66500.0,55,11,1
31,0,1.0,0.0,44,1,2
22,1,1.0,36471.0,40,5,2
41,0,1.0,0.0,27,11,1
29,0,1.0,0.0,40,1,2
57,0,1.0,0.0,44,22,1
67,0,1.0,0.0,75,4,3
45,0,1.0,0.0,42,1,1
55,1,1.0,22849.0,93,1,2
70,0,0.9068493150684932,0.0,33,1,1
43,0,1.0,0.0,53,2,2
85,0,1.0,0.0,85,1,1
75,0,1.0,0.0,44,1,1
70,0,1.0,0.0,73,1,3
69,0,1.0,0.0,55,7,1
52,0,1.0,0.0,32,1,1
63,0,1.0,0.0,85,1,2
60,0,1.0,0.0,55,3,2
43,0,0.4986301369863014,0.0,66,8,2
75,0,1.0,0.0,34,2,2
75,0,1.0,0.0,48,1,3
62,0,1.0,0.0,40,1,0
26,0,0.8958904109589041,0.0,50,1,3
31,0,0.38904109589041097,0.0,40,1,2
52,0,1.0,0.0,39,2,3
59,0,1.0,0.0,48,2,2
40,1,1.0,2873.0,42,1,3
55,0,1.0,0.0,33,1,2
30,1,0.6082191780821918,72118.0,40,1,1
42,1,0.4904109589041096,26905.0,50,5,1
24,0,1.0,0.0,90,1,3
44,0,1.0,0.0,39,12,2
51,1,1.0,15670.0,68,11,3
61,0,1.0,0.0,54,2,2
26,0,1.0,0.0,66,11,1
70,0,1.0,0.0,55,8,2
29,0,1.0,0.0,74,1,2
79,0,1.0,0.0,77,1,3
56,0,1.0,0.0,60,2,2
22,0,0.5863013698630137,0.0,59,1,1
29,0,1.0,0.0,30,2,1
32,0,1.0,0.0,66,9,1
47,0,1.0,0.0,37,1,2
47,0,1.0,0.0,40,2,2
37,0,1.0,0.0,32,8,1
29,0,1.0,0.0,44,12,3
46,2,1.0,26033.0,33,12,1
56,0,1.0,0.0,68,1,2
26,0,0.6767123287671233,0.0,54,1,2
51,0,0.8986301369863013,0.0,59,12,1
38,0,1.0,0.0,30,2,1
30,0,1.0,0.0,55,1,1
44,0,0.5780821917808219,0.0,65,1,1
55,0,1.0,0.0,40,1,2
28,0,0.25753424657534246,0.0,95,1,2
25,1,1.0,8015.0,40,12,2
43,0,1.0,0.0,54,11,2
75,0,0.8191780821917808,0.0,55,1,1
32,0,1.0,0.0,67,1,1
25,0,1.0,0.0,67,1,2
42,0,1.0,0.0,90,1,1
65,0,1.0,0.0,33,6,3
44,0,1.0,0.0,37,1,1
70,0,1.0,0.0,85,12,3
35,2,1.0,13358.0,40,1,3
40,0,1.0,0.0,32,7,1
47,0,1.0,0.0,54,8,2
23,0,1.0,0.0,43,1,3
38,0,1.0,0.0,33,6,2
34,0,1.0,0.0,55,9,1
65,0,1.0,0.0,55,1,1
20,0,1.0,0.0,37,1,2
37,0,1.0,0.0,33,4,3
52,0,1.0,0.0,83,7,1
65,0,0.5945205479452055,0.0,54,10,2
59,0,0.589041095890411,0.0,93,1,2
63,0,0.4986301369863014,0.0,39,1,2
57,0,1.0,0.0,44,1,1
68,0,1.0,0.0,55,1,3
44,0,0.5041095890410959,0.0,66,1,3
59,0,1.0,0.0,40,2,2
62,0,1.0,0.0,51,6,3
28,0,1.0,0.0,37,1,3
28,0,1.0,0.0,90,1,1
25,0,1.0,0.0,54,12,3
47,0,1.0,0.0,43,4,1
74,0,1.0,0.0,43,5,2
39,0,0.16164383561643836,0.0,78,1,2
53,1,0.6410958904109589,45739.0,39,7,1
33,0,1.0,0.0,54,9,2
75,0,1.0,0.0,33,8,1
62,0,1.0,0.0,29,2,2
47,0,1.0,0.0,60,12,1
25,1,1.0,62247.0,39,2,2
48,0,0.4191780821917808,0.0,53,1,1
63,0,0.589041095890411,0.0,43,6,1
64,0,1.0,0.0,49,2,0
43,0,1.0,0.0,39,1,3
44,0,0.4958904109589041,0.0,35,11,2
60,0,1.0,0.0,55,6,1
60,0,1.0,0.0,51,1,1
57,0,1.0,0.0,55,1,2
47,0,0.27123287671232876,0.0,69,1,2
73,0,1.0,0.0,43,6,1
43,0,0.03561643835616438,0.0,89,1,1
32,0,1.0,0.0,85,7,2
29,0,1.0,0.0,66,1,3
47,0,1.0,0.0,33,2,2
29,0,0.6821917808219178,0.0,40,2,3
44,0,1.0,0.0,68,10,1
31,0,1.0,0.0,37,2,1
37,1,0.29041095890410956,108396.0,40,1,3
50,0,1.0,0.0,40,2,2
57,0,0.4246575342465753,0.0,40,6,2
64,0,1.0,0.0,43,10,3
35,0,1.0,0.0,138,2,2
47,0,0.14520547945205478,0.0,36,1,2
68,1,1.0,5850.0,54,1,1
61,0,1.0,0.0,47,2,2
26,0,1.0,0.0,66,6,3
33,0,1.0,0.0,51,9,3
28,0,1.0,0.0,33,4,1
34,0,1.0,0.0,66,6,2
35,0,1.0,0.0,54,2,3
45,0,1.0,0.0,40,5,2
61,0,1.0,0.0,65,7,3
41,0,1.0,0.0,40,6,1
31,0,1.0,0.0,96,1,2
38,0,0.07123287671232877,0.0,55,2,3
39,0,0.7095890410958904,0.0,60,11,2
30,0,0.0684931506849315,0.0,39,1,1
70,1,0.2493150684931507,6510.0,55,9,3
57,0,1.0,0.0,70,6,2
35,0,1.0,0.0,51,12,1
51,0,1.0,0.0,42,1,3
66,0,1.0,0.0,33,12,3
47,0,1.0,0.0,47,2,2
48,0,1.0,0.0,38,4,2
68,0,1.0,0.0,73,1,2
51,1,0.4986301369863014,11898.0,33,2,1
43,0,0.684931506849315,0.0,55,1,1
81,0,1.0,0.0,39,15,2
33,0,0.8328767123287671,0.0,65,5,1
51,0,1.0,0.0,66,10,2
71,0,1.0,0.0,32,1,1
49,0,1.0,0.0,66,7,1
27,0,1.0,0.0,44,1,1
38,0,1.0,0.0,44,2,1
40,0,1.0,0.0,55,2,2
61,1,1.0,15231.0,55,18,3
40,0,1.0,0.0,43,1,3
52,3,1.0,134514.0,44,13,2
43,0,1.0,0.0,39,1,1
45,0,1.0,0.0,47,1,3
36,0,1.0,0.0,33,9,3
50,0,0.2493150684931507,0.0,52,1,2
48,0,0.4136986301369863,0.0,55,6,2
32,0,1.0,0.0,32,11,3
34,0,1.0,0.0,183,2,1
59,0,1.0,0.0,92,10,3
82,0,1.0,0.0,33,2,3
23,0,0.7753424657534247,0.0,59,3,3
37,0,0.8328767123287671,0.0,66,5,3
65,0,1.0,0.0,69,1,1
43,0,1.0,0.0,50,6,2
33,1,0.8904109589041096,97711.0,55,8,1
58,0,0.2191780821917808,0.0,85,1,1
74,0,1.0,0.0,52,5,1
54,0,1.0,0.0,37,5,1
69,0,1.0,0.0,70,1,2
69,0,1.0,0.0,64,1,2
34,0,0.2958904109589041,0.0,60,1,1
55,0,1.0,0.0,58,5,0
48,0,1.0,0.0,77,6,2
53,1,1.0,57540.0,65,2,3
78,0,1.0,0.0,53,2,3
35,0,1.0,0.0,35,10,1
40,0,1.0,0.0,110,6,1
35,0,1.0,0.0,75,11,1
49,0,1.0,0.0,66,10,1
58,0,1.0,0.0,66,2,2
59,0,1.0,0.0,64,10,1
28,1,0.0958904109589041,105349.0,84,1,1
50,0,1.0,0.0,49,11,1
33,0,1.0,0.0,65,4,1
29,0,1.0,0.0,74,2,1
76,0,1.0,0.0,50,1,1
63,0,1.0,0.0,46,5,1
73,0,1.0,0.0,80,6,3
41,0,1.0,0.0,93,6,2
59,0,1.0,0.0,60,2,2
53,0,1.0,0.0,34,3,1
43,0,1.0,0.0,100,2,3
43,0,1.0,0.0,52,2,2
30,0,0.5123287671232877,0.0,40,13,1
34,0,0.4958904109589041,0.0,61,1,1
32,0,1.0,0.0,40,1,1
31,0,1.0,0.0,65,8,2
40,0,1.0,0.0,40,1,2
79,0,1.0,0.0,46,15,3
25,0,1.0,0.0,40,6,1
55,0,1.0,0.0,55,1,1
36,0,1.0,0.0,50,5,3
74,0,0.09863013698630137,0.0,40,2,1
47,0,1.0,0.0,30,2,2
53,0,1.0,0.0,74,1,3
47,0,1.0,0.0,55,1,2
28,0,1.0,0.0,37,12,1
60,0,1.0,0.0,55,1,3
33,0,0.3095890410958904,0.0,54,3,2
54,0,1.0,0.0,96,1,2
39,0,0.7917808219178082,0.0,33,12,2
31,0,1.0,0.0,97,1,3
49,0,1.0,0.0,101,2,2
33,0,1.0,0.0,77,8,2
62,0,1.0,0.0,40,6,1
25,0,0.7068493150684931,0.0,69,1,2
54,0,1.0,0.0,50,2,1
38,0,0.5342465753424658,0.0,74,5,1
39,0,1.0,0.0,85,2,1
46,0,1.0,0.0,47,1,1
39,0,1.0,0.0,40,1,1
44,0,0.0958904109589041,0.0,52,11,3
38,0,1.0,0.0,72,3,1
54,1,1.0,241958.0,55,1,1
46,0,1.0,0.0,44,10,0
72,0,0.5808219178082191,0.0,57,1,3
65,0,1.0,0.0,55,1,3
39,0,1.0,0.0,68,12,2
71,1,1.0,58155.0,55,9,1
76,0,1.0,0.0,40,1,1
43,0,1.0,0.0,90,1,1
55,0,1.0,0.0,40,1,1
51,0,0.4958904109589041,0.0,47,1,2
79,0,1.0,0.0,55,1,3
48,0,1.0,0.0,74,10,1
55,0,1.0,0.0,55,7,1
62,0,0.9643835616438357,0.0,74,1,1
29,0,1.0,0.0,75,1,1
32,1,1.0,6013.0,65,1,1
66,0,1.0,0.0,55,5,3
65,0,1.0,0.0,40,4,2
66,0,1.0,0.0,44,13,2
47,0,1.0,0.0,60,14,3
79,0,1.0,0.0,50,2,1
50,0,0.4958904109589041,0.0,33,6,1
63,0,1.0,0.0,43,1,2
26,0,0.6547945205479452,0.0,39,2,3
52,0,1.0,0.0,60,1,1
64,1,1.0,2420.0,47,6,1
53,0,1.0,0.0,36,11,3
29,1,0.2191780821917808,4670.0,50,8,2
39,0,1.0,0.0,77,3,2
29,0,0.8575342465753425,0.0,77,2,3
55,0,1.0,0.0,40,3,3
32,0,0.4383561643835616,0.0,54,1,1
48,0,1.0,0.0,55,1,2
35,0,1.0,0.0,44,6,2
43,0,1.0,0.0,51,1,1
72,0,1.0,0.0,110,1,3
32,0,1.0,0.0,65,10,2
38,0,0.06575342465753424,0.0,51,12,1
73,0,1.0,0.0,55,1,3
82,0,1.0,0.0,42,1,3
43,1,1.0,215725.0,66,9,3
38,0,1.0,0.0,47,11,2
56,0,1.0,0.0,47,2,3
60,0,1.0,0.0,64,4,1
33,0,1.0,0.0,58,12,3
68,0,1.0,0.0,68,11,1
72,0,1.0,0.0,40,1,1
21,0,1.0,0.0,51,1,3
49,0,1.0,0.0,75,1,1
48,0,0.2,0.0,55,1,1
46,0,1.0,0.0,58,12,2
43,0,1.0,0.0,55,1,3
38,0,1.0,0.0,43,2,1
62,1,1.0,6196.0,66,6,1
49,0,1.0,0.0,42,10,3
25,0,0.6301369863013698,0.0,40,4,3
35,0,1.0,0.0,70,1,3
60,0,1.0,0.0,93,2,2
68,0,1.0,0.0,40,11,3
55,0,1.0,0.0,44,12,3
67,0,1.0,0.0,53,4,1
64,0,1.0,0.0,77,6,1
59,0,0.3287671232876712,0.0,37,6,1
51,0,1.0,0.0,43,8,1
38,0,1.0,0.0,40,1,2
59,0,1.0,0.0,85,12,2
45,1,1.0,2607.0,43,2,1
24,0,1.0,0.0,60,12,2
29,0,1.0,0.0,39,1,2
40,0,1.0,0.0,66,1,2
35,0,1.0,0.0,33,7,3
30,0,1.0,0.0,55,8,1
26,0,1.0,0.0,43,3,1
76,0,0.6219178082191781,0.0,48,1,1
37,0,1.0,0.0,43,6,2
43,0,1.0,0.0,55,1,2
27,1,0.9753424657534246,150000.0,53,3,3
34,0,0.5863013698630137,0.0,55,2,1
29,0,1.0,0.0,54,1,3
39,0,1.0,0.0,96,1,1
59,0,1.0,0.0,39,1,2
41,0,1.0,0.0,40,5,2
61,0,1.0,0.0,43,1,3
39,0,0.6136986301369863,0.0,40,6,1
44,1,1.0,2607.0,40,1,3
34,0,1.0,0.0,33,1,1
72,0,1.0,0.0,62,1,1
74,0,1.0,0.0,77,1,1
58,0,1.0,0.0,40,12,1
76,0,1.0,0.0,105,1,3
66,0,1.0,0.0,65,1,1
65,0,1.0,0.0,40,12,2
20,0,0.7616438356164383,0.0,66,3,3
36,0,0.9506849315068493,0.0,66,5,1
52,0,1.0,0.0,125,3,3
23,0,1.0,0.0,48,6,3
44,0,1.0,0.0,33,2,1
47,0,1.0,0.0,55,1,2
43,1,1.0,5614.0,51,2,1
55,0,1.0,0.0,66,3,3
37,0,1.0,0.0,55,1,1
49,0,1.0,0.0,55,1,2
28,0,0.4191780821917808,0.0,74,6,2
23,0,0.9424657534246575,0.0,66,2,2
51,0,0.547945205479452,0.0,40,11,2
53,0,1.0,0.0,48,1,3
23,0,0.3287671232876712,0.0,40,2,1
69,0,0.019178082191780823,0.0,73,1,1
32,0,0.2191780821917808,0.0,44,1,1
52,0,1.0,0.0,55,1,1
33,0,0.589041095890411,0.0,100,2,1
26,0,1.0,0.0,40,1,1
39,0,0.8328767123287671,0.0,62,3,3
68,0,1.0,0.0,80,3,3
51,0,1.0,0.0,50,1,2
27,0,1.0,0.0,65,5,2
34,0,1.0,0.0,55,1,1
38,0,0.2958904109589041,0.0,59,1,1
47,0,1.0,0.0,66,14,1
64,0,1.0,0.0,50,2,2
22,0,1.0,0.0,33,6,3
53,0,1.0,0.0,40,2,1
47,0,1.0,0.0,51,1,2
29,0,1.0,0.0,44,3,2
32,0,1.0,0.0,96,8,1
52,0,1.0,0.0,44,2,1
41,0,1.0,0.0,43,2,3
31,0,0.09315068493150686,0.0,57,1,3
33,0,1.0,0.0,43,7,2
27,0,1.0,0.0,55,6,2
47,0,1.0,0.0,54,1,1
28,0,1.0,0.0,44,1,2
52,0,1.0,0.0,50,1,3
28,0,1.0,0.0,50,1,1
57,0,0.6493150684931507,0.0,51,16,2
39,0,1.0,0.0,55,1,3
40,0,1.0,0.0,60,2,2
68,0,1.0,0.0,63,12,3
50,1,1.0,50917.0,47,1,1
41,0,1.0,0.0,90,6,2
31,1,1.0,64362.0,66,2,1
44,0,1.0,0.0,40,1,1
34,0,1.0,0.0,40,5,1
24,0,1.0,0.0,85,1,1
48,0,0.410958904109589,0.0,33,3,1
34,1,0.6328767123287671,2625.0,51,1,1
66,0,1.0,0.0,59,6,1
50,0,1.0,0.0,55,1,1
51,0,1.0,0.0,43,1,1
49,0,1.0,0.0,30,2,3
67,0,1.0,0.0,60,2,3
56,0,1.0,0.0,48,1,1
75,0,1.0,0.0,55,3,1
24,0,1.0,0.0,64,1,2
32,0,1.0,0.0,53,1,2
50,0,0.8082191780821918,0.0,40,1,1
67,0,1.0,0.0,32,1,1
32,0,1.0,0.0,40,1,2
58,0,1.0,0.0,39,2,2
27,0,0.8328767123287671,0.0,77,2,3
31,0,1.0,0.0,85,7,1
72,0,1.0,0.0,66,1,1
44,0,1.0,0.0,55,1,1
52,0,1.0,0.0,55,2,2
41,0,1.0,0.0,37,1,1
50,0,0.5287671232876713,0.0,51,10,1
63,0,1.0,0.0,66,1,1
51,0,1.0,0.0,66,2,1
45,0,1.0,0.0,92,5,2
33,0,1.0,0.0,47,7,1
65,0,0.5068493150684932,0.0,37,2,1
72,0,1.0,0.0,55,12,1
35,0,1.0,0.0,66,1,3
48,0,1.0,0.0,44,1,2
47,0,1.0,0.0,40,13,2
34,0,1.0,0.0,38,6,1
67,0,1.0,0.0,31,1,2
29,0,1.0,0.0,43,1,2
22,1,1.0,5688.0,55,6,3
23,0,1.0,0.0,40,1,1
43,0,1.0,0.0,46,1,2
64,0,1.0,0.0,24,2,3
71,0,1.0,0.0,66,12,3
30,1,1.0,37000.0,43,1,1
33,0,1.0,0.0,69,1,3
50,0,1.0,0.0,40,1,1
49,0,1.0,0.0,43,1,1
30,0,1.0,0.0,93,15,3
27,1,0.3013698630136986,57540.0,40,5,2
58,0,0.9972602739726028,0.0,50,1,1
36,0,1.0,0.0,66,9,3
55,0,1.0,0.0,66,12,1
65,0,1.0,0.0,66,1,3
39,0,0.3315068493150685,0.0,33,7,2
25,0,0.6904109589041096,0.0,44,1,2
36,0,1.0,0.0,66,6,1
49,0,1.0,0.0,66,1,2
51,0,1.0,0.0,64,1,3
55,0,1.0,0.0,65,1,1
51,0,1.0,0.0,40,3,2
59,0,1.0,0.0,19,8,3
36,0,1.0,0.0,37,2,3
53,0,0.42191780821917807,0.0,60,2,2
39,0,0.2465753424657534,0.0,48,2,2
45,0,1.0,0.0,74,1,1
52,0,1.0,0.0,75,11,1
68,0,1.0,0.0,40,16,2
44,0,0.4958904109589041,0.0,83,1,1
49,0,1.0,0.0,41,1,3
52,0,1.0,0.0,43,8,1
31,0,1.0,0.0,43,3,1
69,0,1.0,0.0,33,1,1
40,1,1.0,125000.0,43,1,1
25,0,1.0,0.0,44,1,3
30,0,1.0,0.0,51,1,3
58,0,1.0,0.0,40,4,1
62,0,1.0,0.0,55,1,2
56,0,1.0,0.0,40,2,1
43,2,0.852054794520548,118777.0,45,4,1
56,0,0.7534246575342466,0.0,53,2,3
32,0,1.0,0.0,44,6,1
26,0,0.5095890410958904,0.0,57,2,3
58,0,1.0,0.0,65,10,1
69,0,1.0,0.0,65,10,3
31,0,1.0,0.0,66,9,1
54,0,0.25205479452054796,0.0,68,3,3
58,0,1.0,0.0,55,10,1
53,0,1.0,0.0,111,1,1
56,0,0.9041095890410958,0.0,85,2,3
34,1,1.0,3715.0,55,11,1
27,0,1.0,0.0,33,1,2
30,0,1.0,0.0,34,1,2
57,0,1.0,0.0,110,1,1
35,0,1.0,0.0,60,3,2
64,0,0.6246575342465753,0.0,75,3,3
74,0,1.0,0.0,33,2,2
49,1,1.0,35540.0,36,3,3
67,1,1.0,42759.0,45,1,2
31,1,1.0,6922.0,45,6,2
37,0,1.0,0.0,47,1,3
34,1,1.0,57540.0,59,5,3
59,0,1.0,0.0,29,5,3
26,0,0.6273972602739726,0.0,66,1,3
43,1,1.0,5214.0,51,6,1
29,0,1.0,0.0,80,4,1
41,0,1.0,0.0,39,1,2
38,0,0.06301369863013699,0.0,43,8,2
34,0,1.0,0.0,66,12,2
27,0,1.0,0.0,74,2,1
46,0,0.936986301369863,0.0,34,1,1
56,0,1.0,0.0,47,2,1
43,0,0.736986301369863,0.0,89,6,1
76,0,1.0,0.0,44,1,2
50,0,1.0,0.0,51,1,2
67,0,0.7068493150684931,0.0,85,10,3
54,0,1.0,0.0,78,6,1
37,0,0.9808219178082191,0.0,47,6,1
43,0,0.9835616438356164,0.0,84,2,2
21,0,1.0,0.0,55,3,2
54,0,1.0,0.0,66,6,1
39,1,1.0,50800.0,98,1,2
38,0,0.19726027397260273,0.0,66,14,1
27,0,1.0,0.0,85,2,3
60,1,1.0,84273.0,58,1,1
54,0,0.5397260273972603,0.0,55,5,3
59,0,1.0,0.0,40,2,3
75,0,1.0,0.0,52,1,3
35,1,0.8849315068493151,65000.0,50,1,1
31,0,1.0,0.0,85,12,1
30,0,1.0,0.0,39,11,1
34,0,0.5835616438356165,0.0,32,1,2
42,0,0.043835616438356165,0.0,65,8,1
23,0,1.0,0.0,47,3,2
55,0,0.9726027397260274,0.0,42,8,2
25,1,1.0,6050.0,44,1,1
40,0,1.0,0.0,43,8,3
40,0,0.25205479452054796,0.0,85,1,1
34,0,1.0,0.0,35,2,3
52,0,1.0,0.0,53,2,1
26,0,1.0,0.0,57,2,1
30,0,1.0,0.0,40,2,1
38,0,1.0,0.0,66,5,3
71,0,1.0,0.0,40,1,2
54,0,0.16986301369863013,0.0,40,1,2
29,0,0.18082191780821918,0.0,77,12,3
62,0,1.0,0.0,60,1,1
27,0,0.5753424657534246,0.0,55,4,3
23,1,1.0,3570.0,37,1,3
73,0,1.0,0.0,43,11,1
52,0,1.0,0.0,47,1,3
60,0,1.0,0.0,64,13,2
72,0,1.0,0.0,40,1,3
55,0,1.0,0.0,52,1,2
75,0,1.0,0.0,43,1,2
30,0,1.0,0.0,65,4,3
28,0,0.16712328767123288,0.0,54,11,1
42,0,1.0,0.0,85,14,3
31,0,1.0,0.0,66,3,2
61,0,0.4684931506849315,0.0,55,5,1
41,0,0.7753424657534247,0.0,78,7,2
55,0,1.0,0.0,48,6,2
68,0,0.1863013698630137,0.0,55,12,2
22,0,0.6082191780821918,0.0,107,3,1
32,0,1.0,0.0,66,11,1
26,0,1.0,0.0,45,1,3
65,0,1.0,0.0,40,13,2
77,0,1.0,0.0,65,1,2
65,0,1.0,0.0,44,2,3
60,0,0.6986301369863014,0.0,96,6,3
42,0,1.0,0.0,55,3,2
32,0,0.5808219178082191,0.0,84,2,3
29,0,1.0,0.0,66,1,2
31,0,1.0,0.0,32,8,1
66,0,1.0,0.0,40,1,1
59,1,1.0,68481.0,55,2,2
72,0,1.0,0.0,48,3,3
28,0,0.4602739726027397,0.0,37,2,3
26,1,1.0,57540.0,55,8,1
46,0,1.0,0.0,40,12,3
39,0,1.0,0.0,40,1,2
30,1,0.30684931506849317,48685.0,62,1,2
29,0,0.7808219178082192,0.0,47,3,1
49,0,0.18082191780821918,0.0,58,6,3
38,0,0.410958904109589,0.0,80,12,1
50,0,1.0,0.0,66,6,3
23,0,0.7479452054794521,0.0,50,1,3
40,0,1.0,0.0,33,17,1
50,0,1.0,0.0,47,1,3
72,0,1.0,0.0,103,1,3
34,0,0.9287671232876712,0.0,67,4,3
43,0,0.4136986301369863,0.0,44,7,3
24,0,1.0,0.0,55,6,1
42,0,0.09863013698630137,0.0,55,2,3
51,0,1.0,0.0,40,7,1
64,1,1.0,270000.0,40,1,3
48,0,0.6356164383561644,0.0,110,8,3
67,0,1.0,0.0,47,2,2
40,0,0.2465753424657534,0.0,42,12,2
54,0,0.7479452054794521,0.0,67,6,1
72,0,1.0,0.0,44,11,2
23,0,0.08493150684931507,0.0,52,3,2
40,0,1.0,0.0,65,11,1
63,0,0.2219178082191781,0.0,55,1,2
77,0,1.0,0.0,51,8,2
45,0,1.0,0.0,84,3,3
40,0,1.0,0.0,31,3,1
67,0,1.0,0.0,42,3,1
31,0,0.6547945205479452,0.0,59,7,1
45,0,1.0,0.0,95,9,1
87,0,1.0,0.0,65,1,2
60,0,1.0,0.0,79,8,2
32,1,1.0,57540.0,66,1,1
28,0,1.0,0.0,59,1,3
69,0,1.0,0.0,39,1,1
36,0,1.0,0.0,60,6,2
36,0,1.0,0.0,65,10,1
25,0,1.0,0.0,44,1,2
29,0,1.0,0.0,40,1,2
53,0,0.18904109589041096,0.0,59,1,1
39,0,0.5808219178082191,0.0,33,2,1
70,0,1.0,0.0,29,1,3
32,0,1.0,0.0,55,6,3
48,0,1.0,0.0,40,3,1
54,0,1.0,0.0,55,1,1
43,0,0.5835616438356165,0.0,44,5,3
37,0,0.4383561643835616,0.0,35,12,1
69,0,1.0,0.0,115,1,2
25,0,1.0,0.0,51,2,2
28,0,1.0,0.0,33,8,1
64,0,1.0,0.0,40,1,1
50,0,0.08493150684931507,0.0,40,1,1
78,0,1.0,0.0,51,6,1
48,0,1.0,0.0,55,12,3
76,0,1.0,0.0,32,2,3
43,0,0.4986301369863014,0.0,92,2,2
45,0,1.0,0.0,55,1,1
43,0,0.021917808219178082,0.0,55,1,2
55,0,1.0,0.0,33,3,3
32,0,1.0,0.0,125,4,1
53,0,1.0,0.0,46,1,1
54,0,1.0,0.0,40,1,1
65,0,0.5424657534246575,0.0,54,5,2
60,0,1.0,0.0,65,1,1
41,0,1.0,0.0,40,2,1
59,0,1.0,0.0,33,1,2
27,0,1.0,0.0,73,5,1
37,0,1.0,0.0,55,2,3
36,0,0.019178082191780823,0.0,40,1,3
29,0,1.0,0.0,66,7,3
48,0,1.0,0.0,44,1,2
49,1,1.0,62754.0,39,11,1
79,0,1.0,0.0,79,1,1
45,0,1.0,0.0,66,12,2
58,0,0.7013698630136986,0.0,54,3,3
51,0,1.0,0.0,85,2,2
82,0,1.0,0.0,44,2,2
37,0,0.7479452054794521,0.0,50,1,1
38,0,0.21095890410958903,0.0,45,14,3
23,0,1.0,0.0,65,11,3
38,0,0.4,0.0,85,2,1
81,0,1.0,0.0,77,1,1
68,0,0.25205479452054796,0.0,26,2,1
60,0,1.0,0.0,83,1,1
32,0,0.16164383561643836,0.0,47,2,1
47,0,1.0,0.0,43,3,1
33,0,1.0,0.0,40,5,2
65,0,0.16164383561643836,0.0,74,5,2
26,0,1.0,0.0,55,2,2
53,1,1.0,2607.0,33,8,3
47,0,1.0,0.0,55,2,1
34,0,1.0,0.0,50,2,2
52,0,0.42191780821917807,0.0,43,1,3
41,0,0.8821917808219178,0.0,44,1,2
23,0,0.7013698630136986,0.0,40,1,2
42,2,1.0,13158.0,55,2,3
33,0,1.0,0.0,39,2,3
63,1,1.0,41688.0,85,1,2
40,0,0.9260273972602739,0.0,44,5,3
27,0,1.0,0.0,57,9,2
31,0,0.5452054794520548,0.0,82,2,2
30,0,1.0,0.0,42,1,2
49,1,1.0,50369.0,35,10,1
45,1,1.0,39226.0,66,6,2
69,0,1.0,0.0,55,4,2
37,0,1.0,0.0,66,1,2
74,1,1.0,3284.0,47,2,2
54,0,1.0,0.0,60,5,1
68,1,1.0,22242.0,54,1,3
56,0,1.0,0.0,40,4,1
72,0,1.0,0.0,39,3,1
46,1,1.0,2607.0,40,2,3
48,0,1.0,0.0,66,1,3
31,0,1.0,0.0,65,11,1
22,0,1.0,0.0,55,1,3
74,0,1.0,0.0,70,2,1
37,0,1.0,0.0,40,5,1
27,0,1.0,0.0,55,3,1
55,0,1.0,0.0,66,1,3
34,0,1.0,0.0,55,2,3
47,1,1.0,5760.0,55,5,3
62,0,0.915068493150685,0.0,63,1,3
70,0,1.0,0.0,40,10,1
54,1,0.673972602739726,3046.0,51,12,2
58,0,1.0,0.0,44,2,1
33,0,1.0,0.0,106,1,1
56,0,1.0,0.0,39,2,1
65,0,1.0,0.0,35,6,3
73,0,1.0,0.0,37,15,2
30,0,1.0,0.0,51,9,3
65,0,1.0,0.0,33,1,1
27,1,1.0,49000.0,55,1,1
48,0,1.0,0.0,40,2,3
25,4,1.0,123090.0,70,1,2
33,0,1.0,0.0,55,2,1
67,0,1.0,0.0,50,1,1
37,1,1.0,3512.0,47,6,2
26,0,1.0,0.0,55,1,3
42,0,1.0,0.0,21,4,2
54,0,1.0,0.0,83,1,2
34,0,0.8328767123287671,0.0,70,1,3
40,0,1.0,0.0,97,2,2
40,0,1.0,0.0,43,11,3
29,0,0.6767123287671233,0.0,40,14,1
41,0,0.6493150684931507,0.0,89,1,1
23,1,1.0,59683.0,57,1,1
41,0,1.0,0.0,49,3,2
35,0,0.14794520547945206,0.0,33,17,2
31,0,1.0,0.0,87,1,1
32,0,1.0,0.0,83,2,1
63,0,1.0,0.0,37,1,1
45,0,0.7671232876712328,0.0,44,1,1
43,0,1.0,0.0,60,2,3
39,0,1.0,0.0,51,12,3
43,0,1.0,0.0,50,11,1
61,0,1.0,0.0,38,6,1
60,0,1.0,0.0,96,12,1
50,0,1.0,0.0,66,2,2
56,0,0.4191780821917808,0.0,37,2,1
45,0,0.2465753424657534,0.0,55,9,1
42,2,1.0,119142.0,43,2,3
53,0,1.0,0.0,43,1,2
43,1,1.0,2607.0,40,1,1
53,0,1.0,0.0,68,1,3
47,0,0.33972602739726027,0.0,85,2,3
59,0,1.0,0.0,60,1,3
24,0,1.0,0.0,41,1,2
39,0,1.0,0.0,61,6,3
34,0,0.10136986301369863,0.0,55,2,3
46,0,1.0,0.0,40,2,2
68,0,0.16164383561643836,0.0,70,12,2
58,0,1.0,0.0,39,11,2
48,0,1.0,0.0,50,1,1
29,0,1.0,0.0,32,8,1
51,0,1.0,0.0,47,1,1
59,0,1.0,0.0,100,3,1
54,0,1.0,0.0,29,10,2
49,0,1.0,0.0,65,1,2
72,1,1.0,9159.0,55,12,1
47,0,1.0,0.0,60,3,1
49,0,1.0,0.0,40,1,2
37,0,0.8191780821917808,0.0,55,2,1
87,0,1.0,0.0,66,4,1
25,0,0.8657534246575342,0.0,55,1,2
33,0,1.0,0.0,39,1,3
47,0,1.0,0.0,50,1,1
32,1,0.7753424657534247,6160.0,37,9,2
73,0,0.7835616438356164,0.0,39,2,3
29,0,1.0,0.0,73,5,3
43,0,0.3452054794520548,0.0,40,12,2
34,0,1.0,0.0,39,18,3
44,0,1.0,0.0,75,14,1
45,0,1.0,0.0,85,5,3
39,0,1.0,0.0,57,1,1
68,0,1.0,0.0,74,11,2
39,0,1.0,0.0,87,1,3
51,0,1.0,0.0,115,9,2
44,0,1.0,0.0,77,1,2
26,0,1.0,0.0,50,1,2
37,0,1.0,0.0,55,1,1
26,0,1.0,0.0,40,5,2
74,0,0.4958904109589041,0.0,54,12,3
45,0,1.0,0.0,66,1,3
40,0,1.0,0.0,55,1,3
63,0,1.0,0.0,53,1,2
55,0,1.0,0.0,40,10,2
54,0,1.0,0.0,65,4,2
31,0,0.26301369863013696,0.0,49,5,1
26,1,1.0,38760.0,55,1,1
77,0,1.0,0.0,57,1,1
64,1,1.0,2850.0,55,1,1
50,0,1.0,0.0,87,1,1
42,0,1.0,0.0,37,2,1
49,0,1.0,0.0,65,1,1
45,0,0.7561643835616438,0.0,43,3,1
68,0,0.7506849315068493,0.0,70,1,2
58,0,1.0,0.0,33,1,1
37,0,0.5780821917808219,0.0,59,21,1
91,0,1.0,0.0,66,1,3
30,0,1.0,0.0,66,3,1
37,0,1.0,0.0,60,6,2
43,0,1.0,0.0,51,2,3
27,1,0.8328767123287671,5324.0,40,1,1
55,0,1.0,0.0,60,3,1
20,0,1.0,0.0,91,8,3
62,0,1.0,0.0,55,12,3
66,0,1.0,0.0,33,6,2
52,0,1.0,0.0,51,1,3
52,0,1.0,0.0,49,5,1
53,0,1.0,0.0,54,1,1
72,0,0.2821917808219178,0.0,44,11,1
60,0,0.15342465753424658,0.0,40,6,1
57,0,0.6328767123287671,0.0,47,12,1
28,1,1.0,57540.0,74,10,1
49,0,0.6,0.0,44,1,1
52,1,1.0,42790.0,99,2,3
61,0,1.0,0.0,43,1,1
37,1,1.0,5784.0,50,1,2
37,0,1.0,0.0,56,2,1
60,0,0.7342465753424657,0.0,83,2,3
39,0,1.0,0.0,65,2,3
62,0,1.0,0.0,44,1,1
36,0,1.0,0.0,72,3,1
29,0,1.0,0.0,33,7,2
54,0,0.6356164383561644,0.0,34,1,1
33,0,0.7479452054794521,0.0,44,12,3
45,0,0.9397260273972603,0.0,84,1,2
25,0,1.0,0.0,55,1,3
51,0,1.0,0.0,44,7,2
68,0,0.4191780821917808,0.0,54,5,3
49,0,1.0,0.0,55,1,1
72,0,1.0,0.0,39,12,2
40,0,0.915068493150685,0.0,49,1,3
47,0,1.0,0.0,42,2,3
59,0,1.0,0.0,65,12,3
26,0,1.0,0.0,51,1,1
26,0,0.2356164383561644,0.0,40,2,2
53,0,1.0,0.0,98,8,2
53,0,1.0,0.0,40,3,3
23,0,1.0,0.0,44,1,1
27,0,1.0,0.0,65,6,2
35,0,1.0,0.0,47,2,2
42,0,1.0,0.0,42,2,2
27,0,1.0,0.0,44,1,1
48,0,1.0,0.0,40,6,2
49,1,1.0,24212.0,60,6,2
42,0,1.0,0.0,92,16,1
67,1,1.0,5748.0,68,2,0
70,0,0.29315068493150687,0.0,21,3,1
39,0,0.4821917808219178,0.0,55,2,2
45,0,1.0,0.0,55,1,3
67,0,1.0,0.0,98,2,1
59,0,1.0,0.0,65,2,1
47,1,1.0,5850.0,43,11,1
41,0,1.0,0.0,49,2,3
54,1,1.0,8457.0,59,1,3
81,0,1.0,0.0,65,11,3
26,1,1.0,5736.0,66,1,1
51,1,1.0,52214.0,53,1,1
82,0,1.0,0.0,33,1,1
50,0,0.057534246575342465,0.0,43,6,3
65,0,1.0,0.0,59,2,2
44,0,0.19452054794520549,0.0,33,12,1
62,0,1.0,0.0,65,1,1
74,1,1.0,101269.0,68,5,2
38,0,0.36164383561643837,0.0,54,6,2
37,0,1.0,0.0,39,3,1
31,0,1.0,0.0,57,5,1
64,0,1.0,0.0,58,1,1
58,0,0.08493150684931507,0.0,66,9,1
36,0,1.0,0.0,29,1,2
33,0,1.0,0.0,68,1,1
40,0,1.0,0.0,58,2,3
55,0,0.00821917808219178,0.0,55,1,3
58,0,1.0,0.0,60,1,2
26,0,1.0,0.0,48,1,2
51,0,1.0,0.0,30,1,3
50,0,0.9972602739726028,0.0,51,1,3
65,0,0.16164383561643836,0.0,51,11,2
29,0,1.0,0.0,60,1,3
36,0,1.0,0.0,77,9,2
33,0,1.0,0.0,52,1,3
39,0,0.7205479452054795,0.0,66,5,2
50,0,1.0,0.0,52,2,1
67,0,1.0,0.0,43,1,1
72,1,1.0,5850.0,63,1,2
47,0,1.0,0.0,40,2,3
40,2,1.0,70040.0,48,1,1
26,0,0.8958904109589041,0.0,48,1,2
74,0,1.0,0.0,66,3,1
65,0,1.0,0.0,74,1,1
36,0,0.21095890410958903,0.0,40,5,3
49,0,1.0,0.0,51,1,2
32,0,1.0,0.0,44,11,2
53,0,0.0410958904109589,0.0,90,9,1
33,0,1.0,0.0,47,5,2
64,0,1.0,0.0,40,1,2
67,0,0.26301369863013696,0.0,55,12,1
49,0,1.0,0.0,37,19,2
53,0,0.9287671232876712,0.0,51,3,2
63,0,1.0,0.0,64,3,1
53,0,1.0,0.0,52,1,1
39,0,1.0,0.0,44,1,2
27,0,1.0,0.0,44,1,2
46,0,0.09863013698630137,0.0,40,1,3
34,0,1.0,0.0,55,1,3
43,0,1.0,0.0,54,1,3
34,0,1.0,0.0,60,1,2
38,0,1.0,0.0,40,2,3
62,0,1.0,0.0,85,8,3
46,0,1.0,0.0,60,6,3
26,0,1.0,0.0,50,12,1
37,0,1.0,0.0,51,9,3
31,0,1.0,0.0,50,5,3
67,0,1.0,0.0,40,2,1
57,0,1.0,0.0,83,2,3
55,0,1.0,0.0,40,11,1
27,0,0.27123287671232876,0.0,43,1,1
26,0,1.0,0.0,105,1,2
44,0,0.08493150684931507,0.0,66,2,3
46,0,1.0,0.0,62,4,3
38,1,0.8876712328767123,3430.0,32,1,1
27,0,1.0,0.0,54,11,2
60,0,1.0,0.0,47,1,2
39,0,1.0,0.0,49,1,3
55,0,0.06301369863013699,0.0,44,12,2
73,0,1.0,0.0,29,12,2
34,0,0.18356164383561643,0.0,44,13,3
46,0,1.0,0.0,74,1,1
45,1,1.0,57540.0,50,3,2
45,0,0.7479452054794521,0.0,40,1,2
41,0,1.0,0.0,47,2,2
69,0,1.0,0.0,68,8,3
23,1,1.0,55000.0,50,6,2
47,0,1.0,0.0,48,1,2
59,0,1.0,0.0,47,1,1
32,0,1.0,0.0,40,5,3
49,0,0.7972602739726027,0.0,55,11,3
44,0,1.0,0.0,103,11,2
51,0,1.0,0.0,42,2,3
57,0,1.0,0.0,40,3,1
45,1,1.0,64362.0,66,6,1
32,0,0.7534246575342466,0.0,48,1,2
27,0,0.2684931506849315,0.0,66,1,1
31,0,0.6794520547945205,0.0,123,12,2
39,0,1.0,0.0,44,13,1
33,0,1.0,0.0,41,10,3
45,0,1.0,0.0,69,2,3
28,0,0.6356164383561644,0.0,44,6,2
65,0,1.0,0.0,36,16,2
50,2,1.0,88478.0,64,1,2
42,0,1.0,0.0,48,8,2
53,0,1.0,0.0,74,4,3
45,0,1.0,0.0,77,8,3
44,3,1.0,243200.0,55,1,1
73,0,1.0,0.0,49,1,3
40,0,1.0,0.0,33,12,1
44,1,1.0,12102.0,40,6,2
24,0,0.3150684931506849,0.0,85,1,2
53,0,0.7452054794520548,0.0,92,2,2
61,0,1.0,0.0,57,12,3
41,0,1.0,0.0,60,1,1
35,0,1.0,0.0,43,2,3
25,0,1.0,0.0,35,1,1
43,0,1.0,0.0,40,2,3
31,0,0.019178082191780823,0.0,48,8,1
38,0,1.0,0.0,44,1,3
73,0,1.0,0.0,39,3,1
30,1,1.0,6066.0,65,2,1
25,2,1.0,5022.0,44,1,1
39,0,1.0,0.0,66,2,3
62,0,1.0,0.0,50,2,3
23,1,0.9260273972602739,5990.0,105,2,1
32,1,1.0,3025.0,48,6,2
54,0,1.0,0.0,55,7,1
50,0,1.0,0.0,42,4,2
45,0,1.0,0.0,33,2,1
48,0,0.17534246575342466,0.0,55,1,1
43,0,0.6164383561643836,0.0,85,2,1
67,0,1.0,0.0,55,2,1
32,0,1.0,0.0,63,1,3
65,0,1.0,0.0,32,3,2
44,0,1.0,0.0,65,4,1
51,0,1.0,0.0,42,1,1
32,0,1.0,0.0,33,2,1
72,0,1.0,0.0,67,2,3
50,0,1.0,0.0,43,2,1
48,0,1.0,0.0,63,9,2
45,0,0.2054794520547945,0.0,44,2,2
41,0,1.0,0.0,68,2,2
39,0,1.0,0.0,82,1,3
37,0,0.4958904109589041,0.0,40,12,3
35,1,0.810958904109589,2850.0,33,1,3
27,0,0.6958904109589041,0.0,54,3,2
47,1,1.0,5554.0,44,11,3
30,0,1.0,0.0,37,1,1
30,2,1.0,81338.0,55,7,3
36,0,1.0,0.0,96,17,1
48,0,1.0,0.0,55,1,3
45,0,1.0,0.0,83,2,1
58,0,0.873972602739726,0.0,83,13,2
70,0,1.0,0.0,50,1,2
35,0,1.0,0.0,58,1,1
50,0,1.0,0.0,54,1,3
60,0,1.0,0.0,35,8,3
52,1,1.0,6584.0,44,1,2
63,0,1.0,0.0,83,5,1
35,0,0.5808219178082191,0.0,77,10,3
45,0,1.0,0.0,44,15,1
31,0,1.0,0.0,47,6,1
30,0,1.0,0.0,51,8,1
24,0,1.0,0.0,32,2,1
38,0,0.2054794520547945,0.0,43,3,3
39,0,1.0,0.0,29,6,1
43,0,1.0,0.0,33,2,2
26,0,1.0,0.0,40,2,1
61,0,1.0,0.0,55,10,3
60,0,0.7506849315068493,0.0,44,2,1
74,0,1.0,0.0,40,2,1
40,0,1.0,0.0,55,1,2
69,0,0.37534246575342467,0.0,59,7,1
25,0,1.0,0.0,44,2,2
58,0,1.0,0.0,54,2,1
66,0,1.0,0.0,50,7,2
45,0,1.0,0.0,55,14,2
28,0,1.0,0.0,48,1,3
50,0,0.2493150684931507,0.0,39,2,1
88,0,1.0,0.0,66,7,3
30,0,1.0,0.0,52,2,1
31,0,1.0,0.0,85,1,3
43,0,1.0,0.0,105,6,1
32,0,1.0,0.0,55,1,1
33,0,0.03287671232876712,0.0,44,1,1
24,1,1.0,226108.0,30,1,1
59,0,0.7479452054794521,0.0,40,12,2
65,0,1.0,0.0,51,12,2
50,0,1.0,0.0,53,5,2
62,1,1.0,22000.0,34,2,3
22,0,0.3835616438356164,0.0,51,1,1
65,0,0.4931506849315068,0.0,47,18,2
51,1,1.0,57540.0,66,2,1
75,1,0.38082191780821917,10723.0,43,2,1
44,0,0.1506849315068493,0.0,89,8,0
62,0,1.0,0.0,44,2,3
64,0,0.7342465753424657,0.0,35,5,3
58,0,1.0,0.0,42,1,1
61,0,1.0,0.0,40,11,1
34,0,1.0,0.0,65,8,3
31,0,1.0,0.0,51,7,2
62,0,1.0,0.0,85,1,1
49,0,1.0,0.0,82,5,2
60,0,0.08767123287671233,0.0,51,2,3
37,0,1.0,0.0,66,1,2
40,0,1.0,0.0,66,2,1
54,1,1.0,38816.0,43,1,3
64,1,1.0,6066.0,66,12,1
31,0,1.0,0.0,40,1,1
36,0,1.0,0.0,85,1,1
79,0,1.0,0.0,66,2,3
64,0,1.0,0.0,46,8,2
33,0,1.0,0.0,65,2,2
48,0,1.0,0.0,29,1,2
58,0,0.4301369863013699,0.0,93,14,1
34,0,1.0,0.0,59,1,2
57,0,1.0,0.0,47,15,1
26,0,1.0,0.0,47,1,1
28,0,1.0,0.0,66,8,1
47,0,1.0,0.0,48,11,1
36,0,1.0,0.0,55,1,1
68,1,1.0,57690.0,55,2,1
36,0,1.0,0.0,63,12,3
31,0,0.8356164383561644,0.0,55,2,3
55,0,1.0,0.0,39,2,2
47,0,1.0,0.0,34,10,1
66,0,1.0,0.0,47,1,2
49,0,1.0,0.0,55,3,2
42,0,1.0,0.0,29,12,1
69,0,1.0,0.0,43,1,1
75,1,1.0,2840.0,55,5,1
49,0,1.0,0.0,68,10,2
75,0,1.0,0.0,66,3,3
34,0,1.0,0.0,69,5,3
32,0,0.7041095890410959,0.0,40,1,2
46,0,1.0,0.0,128,2,3
39,0,1.0,0.0,64,11,3
38,0,0.08493150684931507,0.0,66,1,3
51,0,1.0,0.0,43,1,1
41,0,1.0,0.0,85,1,2
57,0,0.1863013698630137,0.0,76,1,3
45,0,1.0,0.0,34,5,3
38,1,1.0,90961.0,47,1,3
28,1,1.0,76284.0,96,1,3
41,0,0.726027397260274,0.0,36,3,1
41,0,0.8684931506849315,0.0,44,1,2
65,0,1.0,0.0,47,1,2
28,0,1.0,0.0,55,2,3
71,0,1.0,0.0,66,7,2
56,0,0.8712328767123287,0.0,40,7,1
51,0,1.0,0.0,40,1,3
39,0,0.29041095890410956,0.0,40,2,1
30,0,1.0,0.0,40,3,1
67,0,1.0,0.0,60,1,2
37,1,1.0,233804.0,85,2,3
39,1,1.0,57540.0,47,6,3
56,0,1.0,0.0,40,5,3
68,0,1.0,0.0,44,1,3
72,0,1.0,0.0,65,3,2
53,0,0.8301369863013699,0.0,40,1,2
30,0,1.0,0.0,33,3,2
31,0,1.0,0.0,55,1,3
83,0,1.0,0.0,55,1,3
33,0,1.0,0.0,66,1,2
26,0,1.0,0.0,40,7,3
71,0,0.7890410958904109,0.0,82,11,3
61,0,1.0,0.0,53,1,2
68,0,1.0,0.0,51,10,1
49,0,1.0,0.0,44,11,1
42,0,1.0,0.0,47,10,1
58,0,1.0,0.0,40,1,1
22,0,1.0,0.0,40,6,3
40,0,1.0,0.0,51,10,3
33,0,1.0,0.0,100,2,1
54,0,1.0,0.0,43,2,1
76,0,1.0,0.0,85,2,2
77,0,1.0,0.0,75,1,3
40,0,1.0,0.0,84,2,1
51,0,0.0547945205479452,0.0,116,7,1
50,0,0.38082191780821917,0.0,68,1,3
77,0,1.0,0.0,68,3,3
72,0,0.2684931506849315,0.0,54,2,1
26,0,0.6684931506849315,0.0,42,1,3
58,0,0.6027397260273972,0.0,74,1,1
46,1,1.0,2687.0,55,1,1
58,0,1.0,0.0,55,2,1
36,0,1.0,0.0,78,12,1
48,0,1.0,0.0,55,1,2
31,0,1.0,0.0,50,1,3
26,0,1.0,0.0,39,15,3
46,0,1.0,0.0,66,8,3
61,0,0.0410958904109589,0.0,55,6,3
37,0,1.0,0.0,43,1,2
39,1,1.0,80778.0,33,3,1
30,0,1.0,0.0,47,6,3
49,0,0.7479452054794521,0.0,66,1,2
44,0,1.0,0.0,37,1,1
25,0,0.08493150684931507,0.0,48,1,1
32,0,1.0,0.0,51,3,3
48,0,1.0,0.0,66,2,2
37,0,1.0,0.0,66,1,2
37,0,1.0,0.0,55,2,1
21,0,1.0,0.0,64,5,2
20,0,1.0,0.0,37,1,3
55,0,1.0,0.0,54,13,1
50,0,0.7643835616438356,0.0,93,10,2
67,0,1.0,0.0,37,11,3
72,0,1.0,0.0,77,1,3
76,0,1.0,0.0,51,6,2
43,1,1.0,6038.0,57,12,2
27,0,1.0,0.0,53,1,1
46,0,1.0,0.0,83,10,1
57,0,1.0,0.0,48,7,1
47,0,1.0,0.0,60,1,3
30,0,1.0,0.0,37,12,2
40,0,1.0,0.0,36,2,1
34,0,1.0,0.0,90,1,3
53,0,1.0,0.0,40,10,3
36,0,0.3643835616438356,0.0,55,6,2
46,0,1.0,0.0,43,1,1
67,0,1.0,0.0,77,2,1
58,0,1.0,0.0,65,7,3
49,0,1.0,0.0,55,2,1
63,0,1.0,0.0,39,3,1
32,0,1.0,0.0,97,6,1
33,0,1.0,0.0,55,1,1
58,0,1.0,0.0,44,12,1
44,0,1.0,0.0,58,3,3
27,0,1.0,0.0,74,12,1
65,1,1.0,5850.0,58,1,3
39,0,1.0,0.0,51,7,3
53,0,1.0,0.0,66,12,3
37,0,1.0,0.0,52,4,1
73,0,1.0,0.0,85,1,1
42,0,1.0,0.0,30,7,1
75,0,0.10684931506849316,0.0,43,11,1
56,0,1.0,0.0,66,1,3
76,0,1.0,0.0,84,1,2
42,0,1.0,0.0,52,1,1
37,0,1.0,0.0,66,3,3
51,0,1.0,0.0,34,12,3
30,0,0.8438356164383561,0.0,51,7,1
27,0,0.7917808219178082,0.0,66,2,3
31,2,1.0,11972.0,60,10,3
34,0,1.0,0.0,65,11,1
23,0,1.0,0.0,33,2,1
47,0,1.0,0.0,59,5,1
45,1,0.589041095890411,861.0,39,9,1
38,0,1.0,0.0,40,1,1
54,0,1.0,0.0,55,6,1
45,0,1.0,0.0,110,10,2
48,0,1.0,0.0,26,2,1
48,0,1.0,0.0,36,14,2
53,0,1.0,0.0,33,3,1
40,0,1.0,0.0,55,10,1
53,0,1.0,0.0,55,1,1
25,0,0.3863013698630137,0.0,45,1,1
27,0,1.0,0.0,44,12,1
71,0,0.06301369863013699,0.0,50,10,3
50,0,1.0,0.0,68,7,3
64,0,1.0,0.0,55,2,2
44,0,0.4191780821917808,0.0,70,5,2
34,0,1.0,0.0,60,12,3
74,0,1.0,0.0,66,6,1
31,0,1.0,0.0,39,2,1
28,0,1.0,0.0,62,2,1
32,0,1.0,0.0,40,5,2
27,0,0.8328767123287671,0.0,37,1,1
57,1,1.0,57540.0,54,5,2
27,0,1.0,0.0,47,12,1
34,0,1.0,0.0,74,2,3
45,0,0.6054794520547945,0.0,65,1,1
39,0,1.0,0.0,54,1,1
58,0,1.0,0.0,55,12,2
29,1,1.0,6050.0,55,2,3
59,0,0.4136986301369863,0.0,44,1,1
54,0,1.0,0.0,55,1,1
46,0,0.30684931506849317,0.0,39,5,3
35,0,1.0,0.0,43,3,1
51,0,1.0,0.0,57,1,1
72,0,1.0,0.0,55,3,3
45,1,1.0,8116.0,55,2,1
39,0,0.6712328767123288,0.0,69,1,1
65,0,0.8301369863013699,0.0,33,4,1
42,0,0.7808219178082192,0.0,43,1,3
35,0,1.0,0.0,80,2,3
72,0,1.0,0.0,63,12,1
36,0,1.0,0.0,63,1,1
64,0,1.0,0.0,33,12,1
32,0,1.0,0.0,51,4,1
46,0,0.08493150684931507,0.0,58,1,1
69,0,1.0,0.0,66,12,1
33,0,1.0,0.0,33,1,1
46,0,1.0,0.0,66,1,2
54,0,1.0,0.0,40,7,2
47,0,0.00821917808219178,0.0,66,3,2
34,0,1.0,0.0,85,1,2
41,0,1.0,0.0,66,1,2
40,0,0.6602739726027397,0.0,100,1,1
26,2,1.0,22405.0,55,1,1
62,0,1.0,0.0,51,12,3
55,0,0.0958904109589041,0.0,55,12,1
34,1,1.0,5691.0,50,8,3
50,0,1.0,0.0,76,1,1
58,0,0.2493150684931507,0.0,51,12,3
50,0,1.0,0.0,40,6,0
39,0,0.2684931506849315,0.0,55,1,3
41,0,1.0,0.0,83,6,1
61,0,0.5452054794520548,0.0,66,1,2
38,1,1.0,179248.0,68,12,3
33,0,1.0,0.0,70,2,1
30,0,1.0,0.0,35,7,3
40,0,1.0,0.0,50,1,2
54,0,1.0,0.0,70,1,3
39,0,1.0,0.0,44,5,2
42,0,0.7479452054794521,0.0,40,3,2
75,0,1.0,0.0,81,10,1
43,0,1.0,0.0,40,1,3
38,1,0.7753424657534247,2710.0,60,11,3
44,0,1.0,0.0,55,3,1
43,0,1.0,0.0,50,7,3
65,0,0.6657534246575343,0.0,40,12,3
29,0,1.0,0.0,70,1,3
28,0,1.0,0.0,100,20,1
25,1,1.0,96582.0,55,6,3
46,0,1.0,0.0,64,2,3
23,0,1.0,0.0,55,1,2
64,0,1.0,0.0,65,2,2
67,0,1.0,0.0,85,8,2
37,0,1.0,0.0,34,1,3
31,0,1.0,0.0,34,1,3
73,0,1.0,0.0,66,3,1
40,1,1.0,21287.0,100,2,1
30,0,1.0,0.0,66,1,2
57,0,1.0,0.0,55,2,2
54,0,0.5808219178082191,0.0,66,2,2
62,0,1.0,0.0,53,1,2
48,0,1.0,0.0,34,5,1
49,0,1.0,0.0,45,1,2
59,0,1.0,0.0,42,1,3
48,0,1.0,0.0,75,4,3
40,0,1.0,0.0,66,12,2
43,1,0.28493150684931506,45250.0,108,2,2
52,0,1.0,0.0,54,2,1
47,0,0.7506849315068493,0.0,55,10,1
50,0,1.0,0.0,44,7,1
58,0,1.0,0.0,87,6,1
31,0,1.0,0.0,37,2,2
35,0,1.0,0.0,106,7,2
35,0,1.0,0.0,100,6,1
62,0,1.0,0.0,70,10,3
28,0,0.5643835616438356,0.0,52,13,3
33,0,0.6602739726027397,0.0,66,3,1
42,0,1.0,0.0,55,2,3
33,0,1.0,0.0,55,1,2
55,0,1.0,0.0,81,1,1
64,0,1.0,0.0,52,2,1
53,0,1.0,0.0,55,6,3
35,0,1.0,0.0,43,2,1
41,0,1.0,0.0,44,6,1
48,0,1.0,0.0,68,3,1
50,0,1.0,0.0,70,1,1
51,1,1.0,2746.0,62,1,3
41,1,0.8958904109589041,14000.0,121,2,2
28,0,1.0,0.0,44,6,1
72,0,1.0,0.0,50,12,2
86,0,0.12054794520547946,0.0,103,1,1
38,1,1.0,2607.0,55,1,3
39,0,1.0,0.0,47,1,1
68,0,1.0,0.0,43,1,2
25,0,1.0,0.0,48,6,1
50,0,0.08493150684931507,0.0,85,7,3
23,0,1.0,0.0,47,9,2
23,0,1.0,0.0,64,8,3
43,0,1.0,0.0,40,10,3
37,0,0.17534246575342466,0.0,125,1,3
34,0,1.0,0.0,34,2,2
59,0,1.0,0.0,65,7,3
21,0,1.0,0.0,81,5,2
49,0,1.0,0.0,31,11,2
33,1,0.7205479452054795,3843.0,68,2,2
23,0,1.0,0.0,37,2,2
49,1,1.0,38808.0,51,12,2
35,0,1.0,0.0,63,1,2
68,0,1.0,0.0,39,3,2
32,0,0.8547945205479452,0.0,49,1,2
41,0,1.0,0.0,66,6,2
43,0,0.03287671232876712,0.0,40,1,3
38,0,1.0,0.0,55,1,1
60,0,1.0,0.0,52,10,1
51,0,1.0,0.0,58,6,3
34,0,1.0,0.0,83,1,1
26,0,0.3150684931506849,0.0,51,1,1
50,1,1.0,57540.0,40,2,1
26,0,1.0,0.0,51,12,1
61,1,1.0,41611.0,53,7,1
39,0,1.0,0.0,39,3,1
27,0,1.0,0.0,54,1,2
42,0,1.0,0.0,85,2,3
75,0,1.0,0.0,82,2,2
24,2,1.0,216000.0,54,1,2
35,0,1.0,0.0,40,5,1
49,0,1.0,0.0,49,9,1
34,0,0.4136986301369863,0.0,33,1,1
60,0,0.915068493150685,0.0,65,1,3
38,0,1.0,0.0,34,5,1
63,0,1.0,0.0,81,10,1
54,0,1.0,0.0,34,1,2
38,0,1.0,0.0,66,1,1
35,0,1.0,0.0,138,5,3
57,0,0.5835616438356165,0.0,101,15,3
48,0,1.0,0.0,84,10,2
69,0,1.0,0.0,55,2,3
51,2,1.0,35193.0,98,7,2
58,0,1.0,0.0,47,1,3
31,0,1.0,0.0,37,5,3
60,0,0.9287671232876712,0.0,55,1,2
51,0,1.0,0.0,40,2,0
66,0,0.7561643835616438,0.0,42,2,3
50,0,1.0,0.0,55,7,2
42,0,1.0,0.0,63,9,2
51,0,1.0,0.0,50,2,3
39,0,1.0,0.0,61,1,1
25,0,1.0,0.0,60,2,1
47,0,1.0,0.0,40,5,3
26,0,1.0,0.0,101,5,2
57,1,1.0,71921.0,45,10,2
61,0,1.0,0.0,33,1,1
50,0,1.0,0.0,44,1,1
28,0,1.0,0.0,74,12,3
51,0,1.0,0.0,33,2,2
51,0,1.0,0.0,47,2,1
37,0,1.0,0.0,50,2,1
55,0,1.0,0.0,47,19,2
54,0,1.0,0.0,40,1,3
32,0,1.0,0.0,44,3,1
45,0,1.0,0.0,51,8,3
44,0,1.0,0.0,48,1,2
47,0,1.0,0.0,51,11,3
31,0,1.0,0.0,66,6,1
67,0,1.0,0.0,33,13,3
45,0,1.0,0.0,50,2,1
40,0,1.0,0.0,65,15,1
57,0,1.0,0.0,55,1,2
25,0,1.0,0.0,80,1,1
46,0,1.0,0.0,63,1,1
30,0,0.7479452054794521,0.0,51,1,1
45,1,1.0,24797.0,47,11,3
27,0,0.15342465753424658,0.0,44,8,3
36,0,1.0,0.0,43,1,1
32,0,0.057534246575342465,0.0,44,16,3
51,0,1.0,0.0,80,2,1
39,1,1.0,116619.0,33,1,3
30,0,1.0,0.0,66,12,2
27,0,1.0,0.0,55,1,2
51,1,1.0,3822.0,107,11,2
60,0,1.0,0.0,75,2,3
42,0,1.0,0.0,47,2,2
44,0,0.16164383561643836,0.0,44,1,1
59,0,0.10684931506849316,0.0,85,2,2
28,0,0.6109589041095891,0.0,66,6,2
31,0,1.0,0.0,33,6,1
38,0,1.0,0.0,44,12,1
53,0,0.21095890410958903,0.0,41,6,1
26,0,1.0,0.0,73,1,3
64,0,0.5808219178082191,0.0,55,6,1
72,0,1.0,0.0,66,2,2
47,0,1.0,0.0,43,16,1
58,0,1.0,0.0,40,2,3
25,0,1.0,0.0,51,1,1
39,0,1.0,0.0,59,4,3
50,0,1.0,0.0,66,1,2
26,0,1.0,0.0,54,1,2
49,0,1.0,0.0,65,15,3
31,0,1.0,0.0,85,10,3
68,0,1.0,0.0,43,7,2
30,0,1.0,0.0,83,8,2
29,0,1.0,0.0,55,2,1
41,0,1.0,0.0,65,1,1
75,0,1.0,0.0,65,1,1
28,0,1.0,0.0,77,1,2
59,0,1.0,0.0,43,12,2
26,0,1.0,0.0,40,1,3
45,1,0.7479452054794521,57540.0,39,2,2
25,1,1.0,8116.0,45,10,2
27,0,1.0,0.0,66,1,1
51,0,1.0,0.0,37,2,1
41,0,1.0,0.0,43,5,3
44,0,1.0,0.0,66,2,2
52,0,0.6356164383561644,0.0,210,2,1
32,0,1.0,0.0,61,1,2
40,0,1.0,0.0,40,13,2
25,0,0.5123287671232877,0.0,55,1,1
47,0,0.5589041095890411,0.0,51,9,2
32,1,1.0,121902.0,40,3,1
47,0,1.0,0.0,25,6,1
76,0,0.019178082191780823,0.0,40,10,3
27,0,1.0,0.0,74,1,3
70,0,1.0,0.0,82,15,2
67,0,1.0,0.0,40,3,1
72,0,1.0,0.0,33,1,3
50,0,1.0,0.0,43,1,2
47,0,0.6328767123287671,0.0,51,2,3
57,0,1.0,0.0,55,1,3
48,0,0.3150684931506849,0.0,25,11,2
39,0,1.0,0.0,83,1,1
35,0,1.0,0.0,48,1,3
57,0,1.0,0.0,44,5,2
53,0,1.0,0.0,33,2,1
29,0,0.6410958904109589,0.0,80,11,3
41,0,1.0,0.0,44,5,3
71,0,1.0,0.0,55,3,3
24,0,0.7726027397260274,0.0,101,1,3
67,0,1.0,0.0,66,1,2
52,0,1.0,0.0,90,6,1
62,0,1.0,0.0,55,1,1
30,0,0.4273972602739726,0.0,40,3,3
60,0,1.0,0.0,51,5,2
47,0,1.0,0.0,52,3,3
49,0,0.8383561643835616,0.0,69,1,1
25,0,0.32054794520547947,0.0,55,1,2
51,0,1.0,0.0,40,1,1
41,1,0.9808219178082191,5850.0,43,2,2
77,0,1.0,0.0,55,1,2
92,0,1.0,0.0,55,4,1
76,0,1.0,0.0,31,1,1
26,0,1.0,0.0,66,1,2
54,0,1.0,0.0,40,2,1
56,0,1.0,0.0,90,8,2
52,0,1.0,0.0,85,1,3
68,1,1.0,50000.0,52,2,1
38,0,1.0,0.0,110,1,1
39,0,0.936986301369863,0.0,66,11,3
35,0,1.0,0.0,25,2,2
53,0,0.3232876712328767,0.0,66,1,2
45,0,1.0,0.0,50,3,3
28,0,0.43561643835616437,0.0,37,11,3
80,1,1.0,25140.0,80,5,3
36,0,0.15616438356164383,0.0,59,10,3
26,0,0.3835616438356164,0.0,44,2,1
35,0,1.0,0.0,44,1,2
27,1,1.0,5662.0,39,2,3
69,0,1.0,0.0,55,7,3
34,0,1.0,0.0,85,1,1
50,0,1.0,0.0,50,15,3
66,1,1.0,96000.0,60,1,1
50,0,1.0,0.0,82,5,1
27,1,1.0,146605.0,33,1,2
31,0,1.0,0.0,87,12,2
47,0,0.17534246575342466,0.0,62,6,1
36,0,1.0,0.0,105,2,3
36,0,1.0,0.0,59,1,3
70,0,1.0,0.0,66,4,2
21,1,1.0,8082.0,51,1,2
67,0,1.0,0.0,40,1,3
33,0,1.0,0.0,35,1,1
61,0,1.0,0.0,68,1,2
49,0,1.0,0.0,33,2,1
35,0,1.0,0.0,43,2,2
48,0,1.0,0.0,66,11,1
49,0,1.0,0.0,32,2,3
48,0,1.0,0.0,40,1,2
38,0,1.0,0.0,58,2,3
64,0,0.019178082191780823,0.0,114,2,0
31,0,1.0,0.0,30,3,2
46,0,1.0,0.0,55,6,3
22,1,1.0,22637.0,54,12,3
45,0,0.915068493150685,0.0,75,2,1
69,0,1.0,0.0,65,6,1
53,0,1.0,0.0,55,16,1
65,0,1.0,0.0,44,2,2
26,0,1.0,0.0,66,2,1
53,0,1.0,0.0,37,4,2
57,0,1.0,0.0,55,3,2
72,0,1.0,0.0,86,1,3
62,0,1.0,0.0,55,2,1
38,0,1.0,0.0,60,6,2
35,0,1.0,0.0,54,11,1
72,0,0.3287671232876712,0.0,43,5,3
55,0,1.0,0.0,62,1,2
49,0,1.0,0.0,42,8,3
45,0,1.0,0.0,77,1,1
29,1,0.16164383561643836,29997.0,55,1,1
44,0,1.0,0.0,43,1,3
65,1,1.0,38210.0,74,6,1
52,0,0.5726027397260274,0.0,33,8,1
60,0,1.0,0.0,50,2,3
32,0,0.6931506849315069,0.0,43,1,2
36,0,1.0,0.0,54,10,1
53,0,0.410958904109589,0.0,54,7,1
76,0,1.0,0.0,74,9,2
49,0,1.0,0.0,55,1,3
52,0,1.0,0.0,30,1,3
27,1,0.3287671232876712,18110.0,75,3,2
43,0,1.0,0.0,49,8,1
67,0,1.0,0.0,43,1,1
65,0,1.0,0.0,65,1,2
48,0,0.5945205479452055,0.0,33,1,1
54,0,1.0,0.0,80,2,2
63,0,0.019178082191780823,0.0,37,2,3
26,0,0.915068493150685,0.0,47,5,2
46,0,1.0,0.0,60,4,3
66,0,1.0,0.0,70,5,2
50,0,1.0,0.0,85,1,2
45,1,1.0,4452.0,33,2,1
66,1,1.0,57540.0,46,1,3
31,0,1.0,0.0,47,1,2
27,0,0.9561643835616438,0.0,66,5,1
50,0,1.0,0.0,33,2,2
36,0,1.0,0.0,110,1,1
63,0,0.7068493150684931,0.0,73,1,3
62,0,1.0,0.0,55,1,3
31,2,1.0,82515.0,31,6,3
48,0,1.0,0.0,44,1,1
62,0,1.0,0.0,60,9,3
63,1,1.0,57540.0,66,1,3
56,0,1.0,0.0,51,2,3
65,0,1.0,0.0,44,1,1
38,0,0.7205479452054795,0.0,34,5,3
70,0,1.0,0.0,78,1,2
74,1,1.0,35141.0,68,2,3
28,0,0.41643835616438357,0.0,32,1,1
57,0,1.0,0.0,37,7,1
25,0,1.0,0.0,96,6,1
47,1,0.4904109589041096,6066.0,85,1,1
65,0,0.25205479452054796,0.0,66,1,1
30,0,0.08493150684931507,0.0,43,1,3
24,0,1.0,0.0,70,12,3
47,0,1.0,0.0,81,1,2
38,0,1.0,0.0,55,6,2
29,0,1.0,0.0,66,2,1
36,2,1.0,73182.0,62,1,1
67,0,1.0,0.0,50,2,1
41,0,0.863013698630137,0.0,44,1,1
50,0,1.0,0.0,85,2,1
50,0,1.0,0.0,40,1,2
89,0,1.0,0.0,68,6,1
30,0,0.6931506849315069,0.0,66,6,1
36,1,1.0,2762.0,32,2,1
67,0,1.0,0.0,59,1,1
50,0,1.0,0.0,40,7,2
40,1,1.0,35403.0,53,2,3
40,0,1.0,0.0,51,1,1
26,0,1.0,0.0,66,7,2
64,0,1.0,0.0,47,1,2
31,1,1.0,88400.0,55,2,2
43,0,1.0,0.0,90,1,3
36,0,1.0,0.0,79,2,1
59,0,1.0,0.0,50,3,2
42,0,1.0,0.0,47,1,1
60,0,0.4575342465753425,0.0,83,12,1
58,1,1.0,6066.0,59,10,1
23,0,1.0,0.0,36,12,3
65,0,0.16164383561643836,0.0,44,1,1
34,0,1.0,0.0,83,5,1
63,0,1.0,0.0,48,7,2
33,0,1.0,0.0,64,10,1
52,0,1.0,0.0,55,2,2
43,0,1.0,0.0,48,1,2
32,0,1.0,0.0,66,6,3
43,0,0.8383561643835616,0.0,54,2,2
27,0,1.0,0.0,40,2,2
62,0,1.0,0.0,90,2,1
32,0,1.0,0.0,50,1,2
28,0,1.0,0.0,59,11,1
31,0,1.0,0.0,63,1,1
37,0,1.0,0.0,43,1,1
40,0,1.0,0.0,44,1,3
38,0,1.0,0.0,40,3,1
50,0,1.0,0.0,85,14,2
86,0,0.13972602739726028,0.0,50,2,1
38,0,1.0,0.0,108,1,2
50,0,1.0,0.0,44,1,1
28,0,1.0,0.0,66,12,3
27,0,1.0,0.0,55,5,3
36,0,0.3287671232876712,0.0,52,2,1
25,0,1.0,0.0,43,11,1
27,0,1.0,0.0,44,6,3
66,0,1.0,0.0,66,6,1
42,0,0.3095890410958904,0.0,50,12,2
58,0,1.0,0.0,43,1,1
36,0,1.0,0.0,66,4,2
33,0,1.0,0.0,66,6,3
47,0,0.18356164383561643,0.0,47,7,1
66,0,1.0,0.0,40,2,3
68,0,1.0,0.0,80,2,1
35,0,1.0,0.0,50,1,1
42,1,1.0,2706.0,55,1,2
59,0,1.0,0.0,93,1,1
42,0,1.0,0.0,37,1,1
68,0,1.0,0.0,83,5,3
58,0,1.0,0.0,60,1,3
67,0,1.0,0.0,40,2,3
62,0,1.0,0.0,38,1,3
51,0,0.12054794520547946,0.0,33,1,2
45,0,1.0,0.0,48,5,3
37,0,1.0,0.0,21,1,1
39,1,0.5808219178082191,45629.0,44,1,1
34,0,1.0,0.0,66,1,1
35,0,1.0,0.0,55,1,1
63,0,1.0,0.0,50,10,1
59,0,1.0,0.0,40,1,1
31,0,0.6684931506849315,0.0,81,2,2
31,0,0.4136986301369863,0.0,47,1,2
70,0,1.0,0.0,58,2,1
45,0,1.0,0.0,47,12,3
22,0,1.0,0.0,33,4,2
41,0,0.9068493150684932,0.0,44,1,1
30,1,1.0,2685.0,55,1,1
66,0,1.0,0.0,96,1,1
32,0,0.8301369863013699,0.0,57,1,1
28,0,0.8602739726027397,0.0,55,6,2
48,0,1.0,0.0,50,1,1
51,0,1.0,0.0,47,10,1
23,1,1.0,127202.0,69,3,0
36,0,1.0,0.0,68,10,2
53,0,1.0,0.0,33,2,3
59,0,1.0,0.0,62,1,2
69,0,1.0,0.0,55,3,2
28,0,0.16164383561643836,0.0,85,7,3
27,0,1.0,0.0,43,9,3
79,0,1.0,0.0,50,1,3
44,0,0.2465753424657534,0.0,110,3,1
71,0,1.0,0.0,55,3,3
42,0,1.0,0.0,47,2,1
44,0,1.0,0.0,65,1,2
20,0,1.0,0.0,74,3,1
28,0,1.0,0.0,44,1,3
37,0,1.0,0.0,40,1,2
50,1,1.0,5662.0,32,12,2
27,0,1.0,0.0,37,5,3
26,0,1.0,0.0,42,5,2
26,0,1.0,0.0,33,1,2
52,1,1.0,11111.0,73,3,3
25,1,1.0,275383.0,40,11,1
48,0,1.0,0.0,54,1,3
44,0,1.0,0.0,87,2,1
45,0,0.08493150684931507,0.0,34,2,2
62,0,1.0,0.0,48,3,2
60,0,1.0,0.0,39,11,1
85,0,1.0,0.0,60,1,2
38,1,1.0,5506.0,90,11,3
24,0,1.0,0.0,51,2,3
73,0,1.0,0.0,69,7,1
71,0,1.0,0.0,40,1,3
34,0,1.0,0.0,49,1,3
69,0,1.0,0.0,59,2,1
26,0,1.0,0.0,72,10,1
28,0,1.0,0.0,47,3,1
68,0,1.0,0.0,40,2,1
69,0,0.04657534246575343,0.0,96,7,1
39,0,0.6657534246575343,0.0,47,10,2
50,0,1.0,0.0,43,8,0
58,0,1.0,0.0,38,1,2
58,0,1.0,0.0,53,1,2
63,0,1.0,0.0,75,4,2
88,0,1.0,0.0,62,1,2
54,0,1.0,0.0,89,12,2
38,0,1.0,0.0,25,1,1
80,0,1.0,0.0,66,2,3
42,1,1.0,57540.0,40,1,1
48,0,1.0,0.0,70,1,2
75,1,1.0,2390.0,78,11,1
41,0,1.0,0.0,101,8,1
56,0,0.6986301369863014,0.0,67,7,2
44,0,1.0,0.0,44,12,3
51,0,1.0,0.0,83,2,2
28,0,1.0,0.0,47,3,2
60,0,1.0,0.0,44,6,1
40,0,1.0,0.0,81,1,2
29,0,1.0,0.0,54,1,1
48,0,0.3863013698630137,0.0,37,2,1
47,0,0.8958904109589041,0.0,62,2,3
42,0,0.4273972602739726,0.0,55,1,1
39,0,1.0,0.0,29,11,3
29,0,1.0,0.0,40,5,2
49,0,1.0,0.0,33,1,1
43,0,1.0,0.0,55,5,3
46,0,0.5726027397260274,0.0,63,3,3
67,0,1.0,0.0,66,3,1
51,0,1.0,0.0,68,1,3
26,0,1.0,0.0,55,11,3
44,0,1.0,0.0,51,7,2
36,1,1.0,415000.0,63,1,1
42,2,1.0,110518.0,55,6,2
60,0,0.5917808219178082,0.0,66,1,2
78,0,1.0,0.0,41,3,2
72,0,1.0,0.0,68,1,2
47,0,1.0,0.0,66,1,1
70,0,1.0,0.0,43,1,3
42,0,1.0,0.0,61,6,1
77,0,1.0,0.0,55,1,2
55,0,0.5452054794520548,0.0,49,9,2
69,0,1.0,0.0,40,2,2
26,0,1.0,0.0,40,6,1
59,1,1.0,5530.0,86,10,1
53,0,1.0,0.0,47,6,0
57,0,1.0,0.0,40,6,3
29,0,1.0,0.0,64,2,1
45,0,0.4,0.0,44,1,3
49,0,0.44931506849315067,0.0,62,1,1
51,0,0.4465753424657534,0.0,102,12,1
33,0,1.0,0.0,40,1,1
30,0,1.0,0.0,55,1,2
62,0,1.0,0.0,43,1,3
35,0,1.0,0.0,82,10,1
38,0,1.0,0.0,55,3,1
38,0,0.6109589041095891,0.0,83,1,2
56,0,1.0,0.0,60,1,3
75,0,1.0,0.0,37,6,2
59,0,0.2136986301369863,0.0,55,1,2
66,0,1.0,0.0,44,5,2
68,0,1.0,0.0,81,2,1
54,1,1.0,2607.0,55,9,3
34,0,1.0,0.0,60,1,3
34,0,0.6931506849315069,0.0,26,5,2
38,0,1.0,0.0,40,3,3
26,1,0.8986301369863013,2880.0,40,1,1
49,0,1.0,0.0,66,7,1
31,0,0.8876712328767123,0.0,170,2,1
48,0,1.0,0.0,65,1,1
74,1,1.0,5614.0,65,2,2
74,0,1.0,0.0,55,6,1
38,0,1.0,0.0,82,1,2
40,0,1.0,0.0,47,1,3
46,0,1.0,0.0,65,1,3
57,0,0.9041095890410958,0.0,43,7,3
39,0,1.0,0.0,100,3,3
30,0,0.31232876712328766,0.0,53,2,2
57,0,0.8273972602739726,0.0,65,1,2
50,0,1.0,0.0,66,1,2
34,0,1.0,0.0,60,1,1
65,0,1.0,0.0,43,1,1
47,1,1.0,63529.0,33,2,3
60,0,1.0,0.0,66,12,1
34,0,1.0,0.0,66,6,1
61,0,1.0,0.0,66,1,1
57,0,1.0,0.0,51,6,2
44,0,1.0,0.0,39,2,1
51,0,1.0,0.0,47,2,2
34,0,1.0,0.0,54,17,1
28,0,1.0,0.0,40,1,3
53,0,1.0,0.0,79,1,3
50,0,1.0,0.0,68,2,2
58,0,1.0,0.0,55,9,3
62,0,0.13972602739726028,0.0,47,2,2
42,0,0.01643835616438356,0.0,34,1,1
35,0,0.7945205479452054,0.0,44,2,1
42,0,1.0,0.0,66,7,2
25,0,1.0,0.0,66,1,3
48,0,1.0,0.0,110,2,1
29,1,1.0,31602.0,42,1,1
54,0,1.0,0.0,40,8,2
52,0,1.0,0.0,55,1,3
38,0,1.0,0.0,55,3,0
44,0,1.0,0.0,32,2,2
50,0,1.0,0.0,55,3,1
75,0,1.0,0.0,52,2,1
48,1,1.0,1000.0,66,1,3
51,0,1.0,0.0,40,1,3
64,0,1.0,0.0,47,1,1
48,0,1.0,0.0,44,8,3
25,1,1.0,14253.0,58,1,3
62,0,0.136986301369863,0.0,100,1,1
65,0,1.0,0.0,37,1,2
31,0,0.4931506849315068,0.0,48,5,3
32,0,1.0,0.0,43,1,3
58,0,1.0,0.0,42,1,3
20,0,1.0,0.0,85,12,2
29,0,1.0,0.0,32,5,3
70,0,0.7890410958904109,0.0,60,10,3
48,0,1.0,0.0,89,1,1
31,0,0.038356164383561646,0.0,55,1,1
73,0,1.0,0.0,75,1,3
41,1,1.0,5850.0,55,1,3
37,0,0.5863013698630137,0.0,54,1,2
75,0,1.0,0.0,66,3,3
49,0,1.0,0.0,33,1,3
50,0,1.0,0.0,54,10,3
60,0,1.0,0.0,93,2,1
45,3,0.8328767123287671,9049.0,33,10,3
72,0,1.0,0.0,90,2,2
34,0,1.0,0.0,59,9,3
35,0,1.0,0.0,66,6,2
35,1,1.0,6066.0,66,1,1
30,1,1.0,2105.0,55,10,2
58,0,1.0,0.0,125,6,3
44,0,1.0,0.0,43,1,1
47,0,1.0,0.0,44,1,1
62,0,1.0,0.0,66,15,1
58,0,1.0,0.0,55,3,1
53,1,0.4575342465753425,67837.0,66,1,1
73,0,1.0,0.0,54,7,3
58,1,1.0,25959.0,33,2,1
27,0,1.0,0.0,32,1,1
45,0,1.0,0.0,60,11,1
45,0,1.0,0.0,55,8,3
27,0,0.26301369863013696,0.0,66,12,3
70,0,1.0,0.0,47,1,1
64,0,1.0,0.0,42,11,1
52,0,1.0,0.0,29,1,2
24,0,0.915068493150685,0.0,42,1,2
44,1,1.0,121902.0,29,12,2
71,0,1.0,0.0,38,1,1
34,0,0.07671232876712329,0.0,60,9,2
49,0,0.7287671232876712,0.0,47,1,3
51,0,1.0,0.0,40,10,1
42,1,1.0,57540.0,70,1,2
25,0,1.0,0.0,43,6,2
70,0,0.915068493150685,0.0,44,2,2
81,0,1.0,0.0,60,6,2
68,0,1.0,0.0,70,15,2
40,0,0.6465753424657534,0.0,85,12,3
54,0,1.0,0.0,29,11,2
52,0,1.0,0.0,40,6,1
54,0,1.0,0.0,66,1,1
69,0,1.0,0.0,40,1,1
40,0,1.0,0.0,50,5,1
63,2,1.0,60147.0,84,6,1
22,2,1.0,63832.0,53,9,1
65,0,1.0,0.0,68,10,0
47,0,0.12876712328767123,0.0,40,6,1
31,0,1.0,0.0,55,2,1
41,0,1.0,0.0,74,8,3
51,0,1.0,0.0,66,9,2
34,0,1.0,0.0,55,5,1
51,0,0.7698630136986301,0.0,77,1,1
52,0,1.0,0.0,63,12,3
64,0,0.13972602739726028,0.0,100,2,2
27,0,0.8,0.0,77,1,3
47,0,1.0,0.0,47,6,1
52,0,1.0,0.0,85,12,2
49,0,0.7479452054794521,0.0,60,3,1
58,0,1.0,0.0,39,1,1
61,0,1.0,0.0,44,18,3
43,0,1.0,0.0,44,13,1
30,0,1.0,0.0,59,1,2
49,0,1.0,0.0,65,1,3
32,0,1.0,0.0,60,1,1
69,0,1.0,0.0,66,9,3
41,1,1.0,6066.0,47,1,2
46,0,1.0,0.0,40,14,1
47,0,1.0,0.0,55,9,0
45,0,1.0,0.0,41,1,2
34,0,1.0,0.0,44,1,1
52,0,1.0,0.0,51,9,1
52,1,1.0,2479.0,40,1,1
29,0,0.0958904109589041,0.0,49,1,2
66,0,1.0,0.0,55,6,1
67,0,1.0,0.0,132,1,3
27,0,1.0,0.0,40,1,1
25,0,1.0,0.0,83,1,1
39,0,1.0,0.0,33,2,3
38,1,1.0,11405.0,70,2,3
37,0,1.0,0.0,50,2,0
25,0,1.0,0.0,53,1,1
62,0,0.7452054794520548,0.0,47,2,3
31,1,1.0,14234.0,53,2,1
64,0,1.0,0.0,44,5,1
67,0,1.0,0.0,47,1,3
41,1,1.0,73858.0,55,7,2
67,0,1.0,0.0,59,8,2
58,0,1.0,0.0,55,7,3
56,0,1.0,0.0,57,1,1
71,0,1.0,0.0,44,2,1
36,0,1.0,0.0,51,5,2
48,0,0.7863013698630137,0.0,55,5,3
59,0,1.0,0.0,48,10,3
44,0,1.0,0.0,39,9,1
37,0,1.0,0.0,66,1,1
71,0,0.32602739726027397,0.0,60,1,1
30,0,1.0,0.0,44,2,2
52,0,1.0,0.0,66,2,1
43,0,1.0,0.0,44,2,1
39,0,1.0,0.0,66,1,3
47,0,1.0,0.0,33,6,2
61,0,1.0,0.0,55,1,2
47,0,0.8904109589041096,0.0,40,2,1
73,0,0.5643835616438356,0.0,100,12,2
60,0,1.0,0.0,27,1,1
74,0,1.0,0.0,60,2,1
52,0,1.0,0.0,44,5,1
40,0,1.0,0.0,37,11,2
83,0,1.0,0.0,66,2,3
64,0,1.0,0.0,74,2,3
48,1,0.4520547945205479,24640.0,83,6,2
27,0,1.0,0.0,43,12,1
31,0,1.0,0.0,66,1,3
69,0,1.0,0.0,44,1,1
40,0,1.0,0.0,43,6,3
36,0,1.0,0.0,39,6,1
49,0,1.0,0.0,51,1,1
67,0,1.0,0.0,75,1,2
45,0,1.0,0.0,55,3,1
70,0,1.0,0.0,55,2,2
25,0,1.0,0.0,81,6,1
63,0,1.0,0.0,47,2,1
29,1,0.9808219178082191,57540.0,49,5,1
38,0,1.0,0.0,59,10,1
51,0,1.0,0.0,54,10,1
36,1,1.0,70154.0,33,11,3
57,0,1.0,0.0,47,5,3
62,0,1.0,0.0,60,12,3
54,0,1.0,0.0,66,3,3
34,0,1.0,0.0,64,1,1
71,1,1.0,10500.0,51,2,2
46,0,1.0,0.0,90,2,3
69,0,0.5780821917808219,0.0,43,1,3
31,1,1.0,57540.0,44,18,2
28,1,1.0,57540.0,46,6,1
64,0,1.0,0.0,66,1,3
60,0,0.8164383561643835,0.0,47,3,3
63,0,1.0,0.0,36,1,3
63,0,1.0,0.0,44,12,2
68,0,1.0,0.0,40,6,3
73,0,1.0,0.0,43,5,3
73,0,0.08493150684931507,0.0,55,4,3
61,0,1.0,0.0,72,5,1
25,0,1.0,0.0,59,3,3
33,0,1.0,0.0,61,6,3
43,1,1.0,2770.0,29,10,3
30,0,1.0,0.0,37,12,3
73,0,1.0,0.0,40,6,1
29,0,1.0,0.0,85,12,2
23,1,0.7479452054794521,51540.0,81,11,2
74,0,0.27945205479452057,0.0,66,12,2
42,1,1.0,4900.0,47,10,1
26,2,1.0,64338.0,50,1,1
50,0,1.0,0.0,33,1,2
58,0,1.0,0.0,55,1,1
23,1,0.8794520547945206,86000.0,52,8,3
32,0,1.0,0.0,44,8,2
46,0,1.0,0.0,61,9,2
50,0,1.0,0.0,44,14,3
43,0,1.0,0.0,44,7,3
31,0,0.043835616438356165,0.0,73,1,1
39,0,1.0,0.0,61,15,3
72,0,1.0,0.0,43,1,1
45,0,1.0,0.0,47,1,2
51,0,1.0,0.0,66,1,2
44,0,0.6986301369863014,0.0,50,1,3
30,0,1.0,0.0,60,1,1
74,0,1.0,0.0,43,3,1
28,0,1.0,0.0,51,2,1
26,0,1.0,0.0,83,2,3
55,0,1.0,0.0,85,1,3
66,0,1.0,0.0,55,1,1
31,0,1.0,0.0,55,2,1
48,0,1.0,0.0,126,2,1
37,0,1.0,0.0,66,1,3
36,0,1.0,0.0,66,14,1
66,0,1.0,0.0,66,11,1
39,0,0.3095890410958904,0.0,43,6,2
47,1,1.0,57540.0,81,2,3
55,0,0.9232876712328767,0.0,55,3,1
29,1,1.0,42950.0,85,1,1
39,0,1.0,0.0,43,9,1
30,0,0.4136986301369863,0.0,60,2,3
64,0,1.0,0.0,51,1,1
53,0,1.0,0.0,49,1,2
47,0,1.0,0.0,67,11,1
78,0,1.0,0.0,50,1,1
40,0,0.5013698630136987,0.0,40,2,1
37,0,1.0,0.0,36,5,3
50,0,1.0,0.0,43,3,2
71,0,1.0,0.0,40,1,1
35,1,1.0,2607.0,43,7,3
40,0,0.08493150684931507,0.0,40,1,2
31,0,1.0,0.0,100,2,2
45,0,1.0,0.0,66,9,3
72,0,1.0,0.0,48,3,2
32,0,1.0,0.0,55,1,1
37,0,1.0,0.0,44,1,2
48,0,1.0,0.0,49,10,1
56,0,1.0,0.0,40,11,1
45,0,1.0,0.0,54,6,2
47,0,0.2465753424657534,0.0,50,6,1
31,0,1.0,0.0,40,1,2
29,1,0.8438356164383561,5518.0,69,19,2
38,0,1.0,0.0,51,1,2
38,0,1.0,0.0,44,2,1
66,1,1.0,30412.0,50,3,3
22,0,1.0,0.0,81,6,3
66,0,1.0,0.0,66,8,2
37,0,0.16986301369863013,0.0,40,5,1
55,0,1.0,0.0,50,2,3
33,0,0.8410958904109589,0.0,74,3,1
26,0,1.0,0.0,55,2,3
64,2,1.0,64704.0,92,3,1
34,0,0.9534246575342465,0.0,40,1,1
64,1,1.0,57540.0,44,1,1
26,0,0.4136986301369863,0.0,40,1,2
52,1,0.8164383561643835,6284.0,51,1,2
36,0,1.0,0.0,66,1,3
46,1,1.0,8457.0,55,1,3
42,0,1.0,0.0,40,6,1
79,0,0.024657534246575342,0.0,42,1,2
28,0,1.0,0.0,36,11,3
60,0,0.6986301369863014,0.0,143,2,1
25,0,1.0,0.0,60,2,3
49,0,1.0,0.0,66,2,3
28,0,1.0,0.0,65,10,3
63,0,1.0,0.0,51,2,1
73,0,1.0,0.0,40,1,1
30,1,1.0,30250.0,44,6,3
22,1,0.7424657534246575,8552.0,43,2,3
30,0,1.0,0.0,55,6,2
46,0,0.3041095890410959,0.0,40,1,3
36,0,0.25205479452054796,0.0,53,2,1
63,0,1.0,0.0,55,1,1
51,1,1.0,5850.0,82,2,2
41,1,1.0,121902.0,65,3,1
29,0,0.7479452054794521,0.0,55,13,3
72,0,1.0,0.0,101,1,1
43,0,1.0,0.0,55,6,3
54,0,1.0,0.0,64,2,1
30,0,1.0,0.0,51,2,3
25,0,1.0,0.0,100,2,1
65,0,1.0,0.0,101,1,2
30,0,1.0,0.0,44,1,2
61,0,1.0,0.0,115,2,1
68,0,1.0,0.0,83,1,3
48,0,0.5917808219178082,0.0,44,12,1
34,0,1.0,0.0,48,1,3
45,0,0.1589041095890411,0.0,66,1,3
51,0,1.0,0.0,40,1,2
60,1,1.0,57540.0,50,2,3
55,1,1.0,5850.0,55,2,2
32,0,1.0,0.0,40,5,3
50,0,1.0,0.0,96,1,2
51,0,1.0,0.0,33,15,3
68,1,1.0,4452.0,66,2,1
35,0,1.0,0.0,30,12,2
48,0,1.0,0.0,77,1,1
52,0,1.0,0.0,100,12,1
54,0,1.0,0.0,44,5,3
68,0,1.0,0.0,74,12,2
53,0,1.0,0.0,37,2,2
38,0,1.0,0.0,57,1,1
35,0,1.0,0.0,40,1,2
34,0,1.0,0.0,55,1,1
35,0,1.0,0.0,51,6,2
47,0,1.0,0.0,44,3,2
42,0,1.0,0.0,42,6,1
22,0,1.0,0.0,55,11,3
42,0,1.0,0.0,40,1,2
34,0,0.9972602739726028,0.0,50,3,2
48,0,0.8821917808219178,0.0,47,2,2
65,1,1.0,4000.0,90,6,1
33,0,1.0,0.0,35,9,1
32,0,1.0,0.0,54,11,2
63,0,1.0,0.0,55,7,3
26,0,1.0,0.0,57,1,1
53,0,1.0,0.0,40,2,3
56,1,0.1917808219178082,5874.0,65,2,1
36,1,0.5205479452054794,57540.0,60,3,1
39,0,1.0,0.0,68,1,3
51,0,1.0,0.0,44,1,2
45,0,1.0,0.0,60,11,1
49,0,0.2958904109589041,0.0,33,10,1
57,0,1.0,0.0,40,1,3
60,0,1.0,0.0,65,5,1
64,0,1.0,0.0,32,14,3
58,0,0.3095890410958904,0.0,100,1,2
48,0,0.12602739726027398,0.0,51,11,1
23,1,1.0,57540.0,43,6,1
66,0,1.0,0.0,104,6,1
42,0,1.0,0.0,37,6,3
36,0,1.0,0.0,53,2,3
59,0,1.0,0.0,40,2,3
41,0,0.684931506849315,0.0,40,11,3
46,0,1.0,0.0,42,3,1
67,0,0.8082191780821918,0.0,46,3,2
30,0,1.0,0.0,44,12,2
68,0,1.0,0.0,40,1,3
53,0,1.0,0.0,43,1,2
62,0,1.0,0.0,47,1,2
27,0,0.09315068493150686,0.0,33,2,1
39,0,0.5917808219178082,0.0,53,2,3
26,0,1.0,0.0,163,15,3
34,0,1.0,0.0,90,10,1
49,0,1.0,0.0,40,1,1
56,0,1.0,0.0,48,1,1
23,0,1.0,0.0,66,2,1
26,0,0.9123287671232877,0.0,32,10,1
42,1,1.0,2607.0,55,3,1
66,0,1.0,0.0,50,11,1
36,0,1.0,0.0,54,1,2
23,0,0.7643835616438356,0.0,51,1,3
73,1,1.0,57540.0,44,2,1
53,0,1.0,0.0,98,1,2
47,0,1.0,0.0,51,1,2
53,0,1.0,0.0,57,1,3
67,0,1.0,0.0,55,1,3
81,0,0.15616438356164383,0.0,40,1,3
39,0,1.0,0.0,54,3,3
60,0,0.958904109589041,0.0,85,6,3
39,0,1.0,0.0,66,1,1
50,0,1.0,0.0,66,1,3
32,0,0.4958904109589041,0.0,47,8,1
28,0,0.06027397260273973,0.0,54,1,1
44,0,1.0,0.0,77,4,3
29,0,1.0,0.0,40,5,2
46,0,0.7890410958904109,0.0,29,1,3
28,0,0.09041095890410959,0.0,55,1,1
56,0,1.0,0.0,47,1,2
39,0,1.0,0.0,48,5,3
29,0,0.24383561643835616,0.0,55,4,2
38,0,1.0,0.0,41,12,1
33,0,1.0,0.0,66,2,2
38,0,1.0,0.0,54,7,1
27,0,0.821917808219178,0.0,94,12,0
28,0,1.0,0.0,40,2,1
68,1,1.0,57540.0,60,1,1
38,0,1.0,0.0,54,1,1
44,0,1.0,0.0,55,11,3
50,0,1.0,0.0,100,1,2
55,0,1.0,0.0,77,11,3
40,0,1.0,0.0,90,1,3
28,0,1.0,0.0,47,1,2
34,0,1.0,0.0,40,1,3
33,0,1.0,0.0,85,5,2
40,0,0.6547945205479452,0.0,58,1,1
72,0,1.0,0.0,44,1,1
37,0,1.0,0.0,40,12,2
25,0,1.0,0.0,30,1,2
41,0,0.8191780821917808,0.0,40,1,1
77,0,1.0,0.0,34,6,3
59,0,1.0,0.0,43,1,3
48,0,1.0,0.0,37,11,3
44,0,1.0,0.0,60,2,3
48,0,1.0,0.0,55,1,1
64,1,1.0,5214.0,55,6,1
42,0,1.0,0.0,39,15,2
60,0,1.0,0.0,63,5,3
50,0,0.6136986301369863,0.0,40,1,3
71,0,1.0,0.0,69,11,3
21,1,0.4602739726027397,383528.0,47,1,2
55,0,1.0,0.0,85,8,1
70,0,1.0,0.0,55,1,3
61,0,1.0,0.0,44,1,2
53,0,1.0,0.0,65,1,2
65,0,1.0,0.0,29,1,2
49,0,1.0,0.0,51,2,2
39,0,1.0,0.0,73,8,3
60,0,1.0,0.0,49,12,2
53,0,1.0,0.0,19,6,3
26,0,1.0,0.0,59,6,1
44,0,0.4657534246575342,0.0,44,1,3
35,0,0.5178082191780822,0.0,49,1,3
67,0,1.0,0.0,76,2,1
41,0,1.0,0.0,47,11,1
58,0,1.0,0.0,55,12,2
59,0,1.0,0.0,68,1,3
30,0,0.8054794520547945,0.0,39,1,1
56,1,1.0,108179.0,38,6,1
50,0,1.0,0.0,55,1,1
56,0,1.0,0.0,90,5,1
63,0,0.7534246575342466,0.0,51,12,3
62,0,1.0,0.0,62,12,3
33,0,1.0,0.0,47,1,1
41,0,1.0,0.0,43,1,1
46,0,1.0,0.0,51,1,1
66,0,1.0,0.0,50,1,3
25,1,0.9561643835616438,145000.0,47,12,3
49,0,1.0,0.0,66,12,3
60,0,1.0,0.0,37,1,3
27,0,1.0,0.0,40,6,0
61,0,1.0,0.0,93,1,1
26,0,1.0,0.0,32,1,2
40,1,1.0,56481.0,37,15,2
49,0,1.0,0.0,41,1,2
64,0,1.0,0.0,48,10,3
40,0,0.8931506849315068,0.0,40,8,2
75,0,1.0,0.0,47,10,3
39,0,1.0,0.0,68,2,3
58,1,1.0,2685.0,65,1,0
60,0,0.08493150684931507,0.0,65,1,3
36,0,1.0,0.0,37,11,1
28,0,1.0,0.0,54,1,3
62,0,0.043835616438356165,0.0,47,6,1
63,0,1.0,0.0,74,10,2
39,0,1.0,0.0,44,10,3
47,0,0.09041095890410959,0.0,55,7,1
59,0,1.0,0.0,65,1,1
49,0,0.5780821917808219,0.0,48,2,1
44,0,1.0,0.0,85,5,3
49,0,1.0,0.0,29,8,1
62,1,1.0,49980.0,90,10,1
33,0,1.0,0.0,66,2,1
25,1,0.7506849315068493,1180000.0,66,12,2
41,0,0.3835616438356164,0.0,39,2,3
39,0,1.0,0.0,33,1,3
35,0,1.0,0.0,37,1,2
51,0,1.0,0.0,85,10,3
56,0,0.6465753424657534,0.0,55,1,1
27,0,1.0,0.0,32,2,2
28,0,1.0,0.0,70,8,1
32,0,0.7232876712328767,0.0,39,4,3
45,0,1.0,0.0,66,1,2
50,0,1.0,0.0,66,3,3
32,0,1.0,0.0,34,2,3
45,0,1.0,0.0,68,1,2
44,0,1.0,0.0,55,7,1
52,0,1.0,0.0,44,1,1
62,0,1.0,0.0,43,1,3
28,0,1.0,0.0,80,2,2
40,0,1.0,0.0,60,1,2
35,0,1.0,0.0,40,2,2
48,0,1.0,0.0,40,11,1
45,0,1.0,0.0,48,2,3
29,0,1.0,0.0,44,5,1
33,0,0.5780821917808219,0.0,47,5,1
39,0,1.0,0.0,85,12,3
34,0,1.0,0.0,55,6,1
40,0,1.0,0.0,37,1,2
54,0,1.0,0.0,66,1,2
51,1,1.0,70112.0,37,13,2
24,1,1.0,165000.0,84,1,2
61,0,1.0,0.0,70,6,3
41,0,1.0,0.0,51,7,3
52,1,1.0,2607.0,29,4,1
56,0,1.0,0.0,89,2,2
51,0,1.0,0.0,51,2,2
36,0,0.5835616438356165,0.0,55,2,3
51,0,1.0,0.0,55,5,3
61,0,1.0,0.0,55,1,3
79,0,1.0,0.0,44,11,2
56,1,0.29315068493150687,11416.0,51,12,3
30,0,1.0,0.0,34,2,2
65,0,1.0,0.0,47,3,2
46,0,0.736986301369863,0.0,66,2,3
64,0,1.0,0.0,123,5,1
59,1,1.0,24397.0,42,13,2
40,0,1.0,0.0,96,11,2
30,0,1.0,0.0,66,3,3
24,0,1.0,0.0,40,1,1
53,0,1.0,0.0,35,1,3
73,0,1.0,0.0,40,6,1
75,0,1.0,0.0,96,3,3
45,0,0.10410958904109589,0.0,43,2,3
37,1,0.3424657534246575,65000.0,43,1,3
49,0,1.0,0.0,47,3,1
55,0,1.0,0.0,55,5,1
33,0,1.0,0.0,76,1,2
32,0,1.0,0.0,47,1,1
65,0,1.0,0.0,60,6,2
37,0,1.0,0.0,40,6,1
51,0,1.0,0.0,59,1,1
74,0,1.0,0.0,66,11,2
58,0,1.0,0.0,44,2,1
28,0,1.0,0.0,33,4,1
34,0,0.3287671232876712,0.0,40,5,1
22,0,1.0,0.0,100,6,2
46,0,1.0,0.0,21,4,2
60,1,1.0,41806.0,47,1,1
47,1,0.4958904109589041,42277.0,50,4,3
73,0,1.0,0.0,40,1,2
52,1,1.0,57540.0,51,1,1
54,0,1.0,0.0,66,1,1
27,1,1.0,2559.0,51,1,3
43,0,1.0,0.0,40,1,3
53,0,1.0,0.0,95,19,3
50,0,0.8328767123287671,0.0,76,12,1
74,0,1.0,0.0,44,3,1
53,0,1.0,0.0,43,6,1
39,0,1.0,0.0,40,2,1
54,1,1.0,10464.0,52,2,2
74,0,1.0,0.0,85,7,3
37,0,0.3150684931506849,0.0,66,1,3
45,0,0.7123287671232876,0.0,68,1,3
35,0,0.1095890410958904,0.0,50,3,1
58,0,1.0,0.0,47,2,1
41,0,1.0,0.0,55,1,2
48,1,0.8136986301369863,15305.0,66,12,1
34,0,1.0,0.0,40,10,1
36,1,1.0,250000.0,81,6,3
64,2,1.0,71674.0,44,1,1
43,0,1.0,0.0,33,1,3
32,0,1.0,0.0,47,1,2
63,0,1.0,0.0,75,2,3
74,0,1.0,0.0,50,5,2
29,0,1.0,0.0,89,1,1
57,0,0.25205479452054796,0.0,40,1,2
27,0,1.0,0.0,53,2,3
26,1,1.0,23086.0,97,1,3
68,0,1.0,0.0,88,1,1
72,0,1.0,0.0,43,1,3
72,0,1.0,0.0,70,1,2
52,0,1.0,0.0,75,1,3
80,0,1.0,0.0,51,1,2
45,0,0.863013698630137,0.0,55,10,3
38,0,1.0,0.0,105,12,1
31,0,1.0,0.0,32,1,1
36,0,1.0,0.0,44,3,1
38,1,1.0,130947.0,84,10,2
76,0,1.0,0.0,74,15,1
36,0,1.0,0.0,94,1,1
61,0,1.0,0.0,75,1,3
33,0,1.0,0.0,70,1,2
36,0,1.0,0.0,55,6,1
35,0,1.0,0.0,65,6,1
35,0,1.0,0.0,66,8,2
37,0,1.0,0.0,66,1,1
20,0,1.0,0.0,44,1,1
27,0,0.8465753424657534,0.0,64,7,1
32,0,1.0,0.0,38,5,1
56,0,1.0,0.0,66,1,1
30,0,1.0,0.0,100,11,2
63,0,1.0,0.0,89,11,2
54,0,1.0,0.0,76,9,3
36,0,1.0,0.0,78,7,2
27,0,0.4958904109589041,0.0,40,1,1
51,0,1.0,0.0,55,2,2
34,0,0.5315068493150685,0.0,85,1,1
43,0,1.0,0.0,64,1,2
47,1,1.0,82193.0,54,1,1
53,0,0.40821917808219177,0.0,29,3,3
38,0,1.0,0.0,44,7,2
58,0,1.0,0.0,55,1,1
31,0,0.7479452054794521,0.0,44,11,3
50,0,1.0,0.0,39,2,1
38,0,1.0,0.0,38,1,2
22,0,1.0,0.0,100,1,1
67,0,1.0,0.0,59,2,1
46,0,1.0,0.0,51,1,3
24,0,1.0,0.0,55,1,2
40,0,1.0,0.0,40,3,1
37,0,0.3287671232876712,0.0,55,12,2
54,0,1.0,0.0,47,11,3
58,0,1.0,0.0,54,2,1
64,0,1.0,0.0,33,1,2
52,0,1.0,0.0,40,2,1
60,0,1.0,0.0,40,1,1
68,0,1.0,0.0,63,12,1
27,1,1.0,63390.0,55,12,1
50,0,1.0,0.0,55,9,2
37,0,1.0,0.0,30,1,2
35,0,0.8767123287671232,0.0,37,2,1
34,0,1.0,0.0,53,1,2
50,0,0.18904109589041096,0.0,54,2,3
29,0,1.0,0.0,43,1,2
23,0,0.915068493150685,0.0,92,6,3
27,1,1.0,2876.0,55,2,1
34,0,1.0,0.0,42,9,2
32,0,0.8849315068493151,0.0,29,10,3
74,1,1.0,3630.0,66,1,1
26,0,1.0,0.0,55,1,2
25,0,1.0,0.0,47,10,2
71,0,1.0,0.0,43,9,3
43,0,1.0,0.0,74,5,1
36,0,1.0,0.0,39,1,1
30,0,1.0,0.0,50,2,3
70,0,1.0,0.0,40,8,2
74,0,0.5616438356164384,0.0,55,10,1
23,0,1.0,0.0,54,6,3
62,0,1.0,0.0,125,6,1
49,0,0.06301369863013699,0.0,82,1,1
67,0,0.21095890410958903,0.0,37,2,3
35,0,1.0,0.0,71,3,2
36,0,1.0,0.0,55,1,3
83,0,1.0,0.0,83,11,2
76,0,1.0,0.0,40,5,3
29,1,0.8821917808219178,2644.0,85,3,3
54,0,0.7397260273972602,0.0,40,1,2
30,0,1.0,0.0,55,5,3
41,0,1.0,0.0,51,1,1
85,0,1.0,0.0,40,10,2
34,0,1.0,0.0,55,8,2
39,0,1.0,0.0,63,16,2
21,0,1.0,0.0,60,4,1
49,0,1.0,0.0,33,1,3
89,0,1.0,0.0,70,3,2
43,0,1.0,0.0,44,2,3
45,0,0.3506849315068493,0.0,42,12,2
33,0,0.6602739726027397,0.0,66,1,3
36,0,1.0,0.0,51,1,1
73,0,1.0,0.0,44,11,3
62,1,0.29041095890410956,2850.0,55,9,0
66,0,1.0,0.0,66,12,1
71,0,0.049315068493150684,0.0,43,2,2
48,0,1.0,0.0,50,1,2
59,0,1.0,0.0,41,5,2
29,0,0.4246575342465753,0.0,66,6,2
38,0,1.0,0.0,55,2,2
25,0,1.0,0.0,50,1,3
75,0,1.0,0.0,43,4,1
41,0,0.7671232876712328,0.0,59,8,1
36,0,1.0,0.0,77,2,2
53,0,1.0,0.0,64,2,3
57,0,1.0,0.0,85,12,2
31,0,1.0,0.0,73,6,1
27,0,0.7561643835616438,0.0,44,1,1
61,0,0.5835616438356165,0.0,66,1,3
64,0,1.0,0.0,66,4,3
31,0,1.0,0.0,44,4,3
23,0,0.2465753424657534,0.0,63,2,2
53,0,1.0,0.0,50,3,2
56,0,1.0,0.0,47,6,1
33,0,0.8328767123287671,0.0,33,11,2
35,0,0.33424657534246577,0.0,37,8,3
58,0,1.0,0.0,55,1,1
44,0,1.0,0.0,65,1,2
39,0,1.0,0.0,44,10,1
25,1,1.0,28163.0,33,2,1
44,1,1.0,10000.0,40,1,1
63,0,1.0,0.0,85,2,2
32,0,1.0,0.0,37,1,2
55,0,0.915068493150685,0.0,51,11,2
37,0,1.0,0.0,83,1,1
48,0,1.0,0.0,43,12,3
71,0,1.0,0.0,65,10,2
42,0,1.0,0.0,61,1,2
34,0,1.0,0.0,40,2,3
56,0,1.0,0.0,92,1,1
46,1,1.0,2685.0,85,6,3
44,1,1.0,132852.0,50,1,3
72,0,1.0,0.0,74,1,1
74,0,1.0,0.0,47,1,2
35,0,1.0,0.0,74,11,2
60,0,1.0,0.0,39,3,2
33,0,1.0,0.0,33,1,2
59,0,1.0,0.0,51,1,3
51,0,1.0,0.0,38,11,3
55,0,1.0,0.0,65,1,3
40,0,0.08493150684931507,0.0,40,6,2
60,0,1.0,0.0,74,2,2
57,0,1.0,0.0,53,1,3
51,0,1.0,0.0,85,8,3
56,0,1.0,0.0,51,6,1
75,0,1.0,0.0,66,6,2
39,0,0.6821917808219178,0.0,54,9,1
49,0,1.0,0.0,77,3,1
47,0,1.0,0.0,61,2,1
27,0,0.8602739726027397,0.0,55,9,1
27,2,1.0,39034.0,41,5,3
38,0,1.0,0.0,66,1,3
23,0,0.3561643835616438,0.0,40,3,3
24,1,1.0,175000.0,70,12,3
49,0,1.0,0.0,47,8,1
39,0,0.08493150684931507,0.0,40,7,1
71,0,0.4876712328767123,0.0,44,1,1
47,1,1.0,31327.0,25,3,1
57,0,1.0,0.0,100,12,2
51,0,1.0,0.0,103,1,1
64,0,1.0,0.0,39,11,2
40,1,1.0,3207.0,33,11,2
35,0,1.0,0.0,33,1,1
25,0,1.0,0.0,73,11,1
37,0,1.0,0.0,39,1,3
38,1,1.0,3405.0,63,1,2
37,0,1.0,0.0,55,16,1
46,0,1.0,0.0,43,16,1
39,0,1.0,0.0,74,2,1
26,1,0.6547945205479452,6066.0,85,3,2
31,0,1.0,0.0,38,1,3
31,1,1.0,129308.0,55,1,3
53,0,1.0,0.0,44,4,2
69,0,1.0,0.0,55,1,1
37,0,1.0,0.0,33,1,1
40,0,1.0,0.0,55,1,3
42,0,1.0,0.0,40,6,1
60,0,1.0,0.0,66,1,3
76,0,1.0,0.0,59,3,3
51,1,1.0,9534.0,66,12,1
48,0,1.0,0.0,65,6,1
50,0,1.0,0.0,52,1,1
69,0,1.0,0.0,44,3,3
37,1,1.0,44797.0,123,2,1
46,0,1.0,0.0,55,1,3
48,0,1.0,0.0,48,2,1
71,0,0.9506849315068493,0.0,51,6,3
56,0,1.0,0.0,55,11,3
38,0,1.0,0.0,85,2,1
51,0,0.7835616438356164,0.0,53,1,3
80,0,1.0,0.0,81,1,0
27,0,1.0,0.0,50,10,3
31,0,1.0,0.0,52,2,3
60,0,1.0,0.0,66,10,1
68,0,1.0,0.0,40,6,2
28,0,1.0,0.0,66,1,2
67,0,1.0,0.0,33,8,1
43,0,1.0,0.0,66,11,2
34,0,1.0,0.0,40,1,1
48,0,1.0,0.0,129,11,3
72,0,1.0,0.0,100,1,2
39,0,0.7808219178082192,0.0,39,1,1
47,1,1.0,2505.0,40,12,3
50,0,1.0,0.0,69,12,3
49,0,1.0,0.0,38,6,2
50,0,1.0,0.0,40,15,1
51,0,1.0,0.0,39,10,1
45,0,1.0,0.0,55,8,1
54,0,1.0,0.0,77,1,2
46,0,1.0,0.0,67,3,2
43,0,0.7041095890410959,0.0,68,2,2
38,0,1.0,0.0,51,3,1
64,0,0.11506849315068493,0.0,66,2,1
39,0,1.0,0.0,49,6,1
48,0,1.0,0.0,43,7,3
41,0,1.0,0.0,46,1,1
36,1,1.0,96238.0,34,1,2
42,0,0.16986301369863013,0.0,100,1,1
47,0,0.3287671232876712,0.0,55,9,1
54,0,0.24383561643835616,0.0,50,6,1
23,0,1.0,0.0,99,1,2
34,0,1.0,0.0,40,6,3
31,1,1.0,148620.0,40,2,3
30,0,0.3287671232876712,0.0,50,11,1
45,0,1.0,0.0,69,3,3
73,0,1.0,0.0,66,3,3
64,0,1.0,0.0,65,2,2
49,1,1.0,2607.0,44,1,3
39,0,1.0,0.0,85,1,3
35,0,0.12876712328767123,0.0,51,5,3
43,0,1.0,0.0,39,1,3
24,0,0.09315068493150686,0.0,68,4,3
29,0,1.0,0.0,77,1,1
51,0,1.0,0.0,85,2,1
74,0,0.9945205479452055,0.0,40,1,2
73,0,1.0,0.0,58,2,3
40,0,1.0,0.0,66,1,2
45,0,1.0,0.0,55,1,2
25,0,1.0,0.0,59,9,2
32,0,1.0,0.0,40,11,3
27,1,1.0,6172.0,42,12,1
44,0,1.0,0.0,30,9,1
22,0,1.0,0.0,38,1,1
50,0,1.0,0.0,25,3,2
66,0,1.0,0.0,55,1,1
23,0,0.8986301369863013,0.0,54,5,2
31,0,1.0,0.0,55,12,1
46,0,1.0,0.0,41,3,1
49,0,1.0,0.0,55,2,1
66,0,0.42191780821917807,0.0,70,1,1
36,1,1.0,5142.0,70,1,3
32,0,1.0,0.0,60,1,1
42,0,1.0,0.0,55,1,3
76,0,1.0,0.0,40,1,1
57,0,1.0,0.0,54,1,1
62,0,1.0,0.0,140,11,3
42,0,1.0,0.0,58,1,2
28,0,1.0,0.0,43,10,3
73,0,1.0,0.0,54,7,3
56,0,1.0,0.0,37,1,1
64,0,1.0,0.0,55,9,1
49,0,1.0,0.0,65,8,3
36,0,1.0,0.0,55,1,2
31,0,1.0,0.0,32,1,2
41,0,1.0,0.0,33,1,2
36,0,1.0,0.0,66,12,1
48,0,1.0,0.0,55,9,1
45,0,1.0,0.0,105,3,2
26,0,0.038356164383561646,0.0,33,10,3
65,1,1.0,3142.0,85,11,2
58,0,0.10136986301369863,0.0,51,1,1
55,0,1.0,0.0,44,1,1
32,1,1.0,24969.0,40,11,3
31,0,1.0,0.0,48,5,1
68,0,1.0,0.0,46,9,2
37,0,0.04657534246575343,0.0,40,1,2
49,1,1.0,6066.0,33,3,3
52,0,1.0,0.0,59,1,2
72,0,1.0,0.0,66,5,2
59,0,1.0,0.0,50,13,3
44,0,1.0,0.0,93,5,2
37,1,1.0,6066.0,44,6,1
52,0,0.6273972602739726,0.0,55,10,1
24,0,0.5123287671232877,0.0,55,1,3
31,0,0.0027397260273972603,0.0,54,9,1
36,0,0.5780821917808219,0.0,43,1,2
41,0,1.0,0.0,85,10,3
70,0,1.0,0.0,51,1,2
42,0,1.0,0.0,40,2,2
37,0,0.7342465753424657,0.0,66,6,1
54,0,0.4876712328767123,0.0,40,3,2
41,0,1.0,0.0,43,2,1
46,0,0.2328767123287671,0.0,55,1,3
64,1,1.0,2840.0,66,19,1
42,0,0.7397260273972602,0.0,44,5,3
47,0,1.0,0.0,95,1,2
38,0,1.0,0.0,44,2,1
50,0,1.0,0.0,40,9,3
46,0,1.0,0.0,55,3,3
31,0,1.0,0.0,54,12,1
47,0,1.0,0.0,44,10,2
50,0,1.0,0.0,36,6,1
31,0,1.0,0.0,37,2,1
37,0,1.0,0.0,47,9,1
54,0,0.7780821917808219,0.0,50,9,3
35,1,1.0,4376.0,60,7,1
29,0,0.7972602739726027,0.0,40,2,1
38,0,1.0,0.0,44,5,2
54,0,1.0,0.0,64,16,3
40,0,0.08493150684931507,0.0,60,2,3
45,0,0.6657534246575343,0.0,70,2,1
57,0,1.0,0.0,66,12,3
51,0,1.0,0.0,54,1,1
26,2,1.0,12134.0,55,1,3
54,0,1.0,0.0,65,1,3
49,0,1.0,0.0,92,1,1
76,0,1.0,0.0,69,1,3
52,0,1.0,0.0,79,2,1
47,0,1.0,0.0,66,2,1
73,0,1.0,0.0,85,3,1
48,0,1.0,0.0,33,1,2
47,0,0.3041095890410959,0.0,50,13,1
64,0,0.021917808219178082,0.0,84,6,1
29,0,0.06575342465753424,0.0,47,4,1
26,0,1.0,0.0,55,5,1
33,0,1.0,0.0,63,1,3
43,0,1.0,0.0,85,6,2
53,0,1.0,0.0,51,3,3
65,0,1.0,0.0,51,1,1
60,0,1.0,0.0,48,1,2
80,0,1.0,0.0,55,1,1
71,0,0.7534246575342466,0.0,66,1,3
57,0,0.1917808219178082,0.0,33,1,3
52,0,1.0,0.0,90,1,1
29,0,1.0,0.0,64,1,1
36,0,0.3287671232876712,0.0,104,1,1
31,0,1.0,0.0,60,1,3
75,0,1.0,0.0,55,6,3
50,0,0.9945205479452055,0.0,65,3,1
50,0,0.00821917808219178,0.0,83,11,1
27,0,1.0,0.0,66,1,1
52,0,1.0,0.0,40,1,1
67,0,1.0,0.0,40,4,2
43,0,0.2410958904109589,0.0,40,2,2
60,0,0.5863013698630137,0.0,66,1,2
38,0,1.0,0.0,48,5,3
29,0,1.0,0.0,27,1,2
34,0,1.0,0.0,66,10,1
28,0,1.0,0.0,105,6,1
35,0,1.0,0.0,66,1,1
48,0,1.0,0.0,40,2,1
43,0,0.5205479452054794,0.0,54,11,1
56,0,1.0,0.0,40,2,3
73,0,1.0,0.0,53,2,1
60,0,1.0,0.0,90,1,3
69,0,1.0,0.0,99,6,1
56,0,1.0,0.0,74,10,1
78,0,1.0,0.0,77,6,3
41,0,1.0,0.0,40,13,3
47,0,0.7178082191780822,0.0,66,8,1
49,0,1.0,0.0,66,5,2
42,0,0.6602739726027397,0.0,80,7,2
46,0,1.0,0.0,55,10,1
45,1,1.0,6354.0,42,3,1
69,0,1.0,0.0,50,6,2
39,0,1.0,0.0,64,7,2
51,0,1.0,0.0,43,2,1
66,0,1.0,0.0,47,12,3
63,0,1.0,0.0,55,5,2
51,0,1.0,0.0,83,1,1
39,0,0.8136986301369863,0.0,65,11,1
35,0,1.0,0.0,145,7,3
24,0,1.0,0.0,33,12,1
39,0,1.0,0.0,55,8,1
28,2,1.0,121075.0,43,16,0
41,0,1.0,0.0,37,2,1
46,0,1.0,0.0,37,11,1
39,0,1.0,0.0,51,11,1
66,0,1.0,0.0,55,2,1
28,0,1.0,0.0,40,2,3
35,0,1.0,0.0,43,2,1
62,0,1.0,0.0,55,2,1
77,1,0.4054794520547945,404806.0,48,9,1
53,0,1.0,0.0,50,1,1
53,0,1.0,0.0,105,2,2
42,0,0.2465753424657534,0.0,33,1,1
46,0,1.0,0.0,48,1,1
43,0,1.0,0.0,54,1,1
68,0,1.0,0.0,40,11,3
58,0,1.0,0.0,33,6,3
30,2,1.0,51677.0,58,1,1
35,0,1.0,0.0,56,6,2
26,0,1.0,0.0,60,4,1
44,0,1.0,0.0,44,6,1
35,0,0.810958904109589,0.0,44,3,3
49,0,1.0,0.0,33,6,1
41,0,1.0,0.0,55,6,1
61,0,1.0,0.0,55,3,3
28,0,1.0,0.0,65,1,1
39,0,1.0,0.0,48,9,3
34,0,1.0,0.0,73,1,2
70,0,1.0,0.0,60,14,1
71,0,0.3041095890410959,0.0,44,1,1
41,0,1.0,0.0,37,21,3
59,0,0.2465753424657534,0.0,55,15,1
51,0,0.8465753424657534,0.0,55,1,1
27,0,1.0,0.0,40,2,2
36,0,1.0,0.0,39,2,1
29,0,1.0,0.0,40,4,2
70,0,1.0,0.0,55,1,3
35,0,0.19452054794520549,0.0,65,2,2
41,0,1.0,0.0,87,1,1
24,0,0.25753424657534246,0.0,66,1,3
58,0,1.0,0.0,46,1,2
33,0,0.7780821917808219,0.0,32,1,3
23,1,1.0,89539.0,66,1,3
62,0,1.0,0.0,40,9,2
62,0,1.0,0.0,79,5,1
81,0,1.0,0.0,40,2,3
66,0,1.0,0.0,84,1,1
33,0,1.0,0.0,49,1,1
62,0,1.0,0.0,51,1,1
55,0,1.0,0.0,100,12,2
87,0,1.0,0.0,40,2,2
45,0,1.0,0.0,33,1,2
51,0,0.821917808219178,0.0,50,10,1
54,0,0.25205479452054796,0.0,40,5,2
30,0,1.0,0.0,81,3,2
65,0,1.0,0.0,75,1,3
34,0,1.0,0.0,43,1,0
26,1,1.0,6503.0,82,1,3
77,0,1.0,0.0,60,2,3
48,0,1.0,0.0,55,2,1
56,0,1.0,0.0,51,10,1
30,0,1.0,0.0,71,1,1
61,0,1.0,0.0,44,1,2
55,0,0.6657534246575343,0.0,51,12,3
46,0,0.8,0.0,70,1,3
61,0,1.0,0.0,132,2,1
68,0,0.5945205479452055,0.0,37,12,1
32,0,0.915068493150685,0.0,58,13,2
34,0,1.0,0.0,69,11,3
49,0,0.5506849315068493,0.0,37,6,3
55,0,1.0,0.0,29,2,3
60,0,1.0,0.0,69,1,1
21,0,1.0,0.0,44,1,1
60,0,1.0,0.0,66,1,1
24,0,1.0,0.0,40,7,3
22,0,1.0,0.0,66,12,1
73,1,1.0,18661.0,54,1,1
33,0,1.0,0.0,53,1,3
70,0,1.0,0.0,94,2,2
53,0,1.0,0.0,67,6,1
28,0,0.3013698630136986,0.0,83,1,1
34,0,1.0,0.0,47,1,3
44,0,1.0,0.0,53,2,3
29,0,0.7013698630136986,0.0,34,1,3
32,0,1.0,0.0,90,5,3
81,0,1.0,0.0,46,2,1
43,0,1.0,0.0,39,2,1
38,0,1.0,0.0,44,2,3
54,0,1.0,0.0,90,6,1
28,0,1.0,0.0,66,4,3
64,0,0.21643835616438356,0.0,44,10,2
27,0,1.0,0.0,53,9,1
51,0,1.0,0.0,53,6,1
37,0,1.0,0.0,50,6,2
22,0,1.0,0.0,40,2,1
39,0,1.0,0.0,40,2,1
33,0,1.0,0.0,66,6,1
58,0,1.0,0.0,42,1,1
69,0,1.0,0.0,66,12,1
51,0,0.5041095890410959,0.0,72,1,2
37,0,1.0,0.0,58,3,3
25,0,1.0,0.0,55,1,2
32,0,1.0,0.0,42,1,1
51,0,0.5178082191780822,0.0,55,2,1
39,0,0.947945205479452,0.0,36,6,1
50,0,1.0,0.0,55,12,3
66,0,1.0,0.0,50,5,1
58,0,1.0,0.0,43,6,1
49,0,0.33424657534246577,0.0,43,8,2
48,0,1.0,0.0,41,1,3
74,0,1.0,0.0,77,2,1
47,0,0.5013698630136987,0.0,53,6,3
67,0,1.0,0.0,37,2,3
44,1,0.7561643835616438,27503.0,43,9,2
54,0,1.0,0.0,46,5,1
40,0,0.3150684931506849,0.0,40,2,2
45,0,0.0410958904109589,0.0,44,1,3
24,0,1.0,0.0,40,2,2
50,0,1.0,0.0,43,2,1
40,0,1.0,0.0,66,1,3
35,0,1.0,0.0,47,12,1
47,0,1.0,0.0,43,1,1
33,0,1.0,0.0,47,1,3
51,0,1.0,0.0,66,5,2
43,0,0.8328767123287671,0.0,84,1,2
61,0,1.0,0.0,85,5,3
52,0,0.5561643835616439,0.0,66,1,2
42,0,0.8328767123287671,0.0,43,1,3
61,0,1.0,0.0,44,1,1
65,0,0.18356164383561643,0.0,105,17,2
68,1,1.0,7351.0,44,15,3
66,0,1.0,0.0,40,12,3
25,0,1.0,0.0,44,8,1
22,0,1.0,0.0,55,1,1
45,0,1.0,0.0,43,1,3
64,0,1.0,0.0,37,10,3
36,2,1.0,17839.0,59,10,1
70,0,1.0,0.0,89,9,1
27,0,0.9205479452054794,0.0,65,1,2
66,0,1.0,0.0,44,1,1
36,1,0.6136986301369863,6498.0,96,1,1
63,0,1.0,0.0,80,1,3
45,0,1.0,0.0,49,2,1
48,0,0.08493150684931507,0.0,43,5,2
42,0,1.0,0.0,66,12,3
77,0,1.0,0.0,61,1,2
39,0,1.0,0.0,47,6,1
47,0,1.0,0.0,51,1,1
28,0,1.0,0.0,60,1,3
33,0,0.6328767123287671,0.0,47,12,1
47,0,1.0,0.0,54,2,2
26,0,1.0,0.0,40,1,3
36,0,1.0,0.0,37,9,1
38,0,1.0,0.0,34,7,3
52,2,1.0,70896.0,48,6,1
47,0,1.0,0.0,66,7,2
73,0,1.0,0.0,55,1,2
59,1,1.0,30000.0,47,12,2
38,0,1.0,0.0,34,10,1
62,1,1.0,6066.0,93,1,2
28,0,0.9178082191780822,0.0,47,7,3
42,0,0.34794520547945207,0.0,63,1,3
72,0,1.0,0.0,44,5,2
47,0,1.0,0.0,65,3,2
45,0,1.0,0.0,39,20,2
45,0,0.20273972602739726,0.0,47,3,1
43,1,1.0,2997.0,44,1,3
28,1,1.0,7744.0,92,7,1
50,0,1.0,0.0,40,4,3
44,0,1.0,0.0,40,1,2
28,0,1.0,0.0,36,1,1
47,1,0.8191780821917808,55000.0,78,1,1
64,0,1.0,0.0,40,1,1
33,0,0.7534246575342466,0.0,43,1,1
33,0,1.0,0.0,55,1,1
53,0,1.0,0.0,55,6,3
47,0,1.0,0.0,66,7,1
25,0,1.0,0.0,85,1,2
26,1,1.0,6066.0,55,5,3
72,0,1.0,0.0,68,3,1
52,0,1.0,0.0,58,2,2
36,0,0.9342465753424658,0.0,63,4,2
28,1,1.0,57540.0,44,2,1
66,0,1.0,0.0,95,5,2
68,0,1.0,0.0,25,3,1
62,0,1.0,0.0,85,1,1
49,0,1.0,0.0,46,3,2
39,0,0.3315068493150685,0.0,63,1,3
49,1,1.0,96214.0,85,3,1
68,0,0.7534246575342466,0.0,44,6,1
53,0,1.0,0.0,57,4,2
35,0,1.0,0.0,50,2,1
28,0,1.0,0.0,40,2,2
51,0,1.0,0.0,85,3,1
23,0,1.0,0.0,42,1,2
69,0,1.0,0.0,29,12,1
43,0,1.0,0.0,49,1,1
57,0,1.0,0.0,60,1,3
28,0,1.0,0.0,110,3,1
54,0,1.0,0.0,72,1,1
35,0,1.0,0.0,40,15,1
28,0,1.0,0.0,66,1,3
37,0,1.0,0.0,66,1,3
71,0,1.0,0.0,49,8,2
22,2,0.9397260273972603,14331.0,38,2,2
39,0,1.0,0.0,40,1,1
32,0,1.0,0.0,40,1,3
40,0,1.0,0.0,46,1,1
57,0,1.0,0.0,101,6,3
76,0,1.0,0.0,54,9,1
31,0,0.1589041095890411,0.0,55,9,3
71,0,1.0,0.0,47,1,2
64,0,1.0,0.0,43,3,3
52,0,1.0,0.0,40,5,2
67,0,1.0,0.0,57,5,3
37,0,1.0,0.0,67,1,2
39,0,1.0,0.0,64,1,2
64,0,1.0,0.0,40,1,1
26,0,1.0,0.0,39,2,2
71,0,1.0,0.0,70,12,2
36,1,1.0,38630.0,33,5,3
33,0,1.0,0.0,25,1,1
74,1,1.0,6534.0,110,1,1
42,1,0.936986301369863,5566.0,43,6,1
25,0,1.0,0.0,40,4,1
75,0,1.0,0.0,33,1,1
56,1,1.0,67286.0,19,12,3
56,1,0.18082191780821918,121902.0,33,4,1
25,0,1.0,0.0,66,1,1
26,0,1.0,0.0,46,1,1
46,0,0.25205479452054796,0.0,66,1,3
59,0,1.0,0.0,90,1,1
70,0,1.0,0.0,63,1,3
57,0,0.5972602739726027,0.0,55,1,3
70,0,1.0,0.0,40,11,3
40,0,0.2958904109589041,0.0,30,1,2
41,0,0.6712328767123288,0.0,55,1,1
34,1,1.0,6776.0,55,1,1
38,0,1.0,0.0,50,1,2
53,0,1.0,0.0,47,4,1
50,0,1.0,0.0,55,2,2
57,0,1.0,0.0,43,12,3
32,0,1.0,0.0,55,1,1
25,1,1.0,2607.0,55,1,1
65,0,0.5232876712328767,0.0,94,2,1
36,0,1.0,0.0,37,1,2
49,0,1.0,0.0,30,9,3
70,0,1.0,0.0,64,2,3
52,0,1.0,0.0,33,5,1
35,0,1.0,0.0,40,6,1
71,0,1.0,0.0,33,10,1
30,0,1.0,0.0,43,2,3
55,0,1.0,0.0,60,5,1
59,0,1.0,0.0,44,1,2
62,0,1.0,0.0,83,14,1
29,0,0.8328767123287671,0.0,57,1,1
21,1,1.0,6066.0,75,1,1
69,0,0.5232876712328767,0.0,47,10,1
53,0,0.0958904109589041,0.0,77,1,1
68,0,1.0,0.0,29,2,2
22,0,1.0,0.0,66,11,1
31,0,0.5808219178082191,0.0,50,1,2
28,1,1.0,70262.0,42,1,2
55,0,0.3013698630136986,0.0,54,8,1
52,1,1.0,2178.0,43,2,3
69,0,1.0,0.0,43,10,1
20,0,1.0,0.0,76,1,2
69,0,1.0,0.0,40,6,1
71,0,1.0,0.0,33,12,3
24,1,1.0,64624.0,47,1,1
40,2,1.0,57821.0,38,8,1
45,0,1.0,0.0,60,2,1
47,1,1.0,2384.0,44,1,3
58,0,1.0,0.0,43,1,3
35,0,1.0,0.0,55,6,1
24,0,0.8958904109589041,0.0,29,11,2
50,0,0.6219178082191781,0.0,55,12,1
40,0,0.08493150684931507,0.0,40,2,2
24,0,0.7452054794520548,0.0,85,1,1
75,0,1.0,0.0,55,1,1
54,0,1.0,0.0,33,15,1
69,0,1.0,0.0,34,6,3
37,0,1.0,0.0,74,1,2
70,0,1.0,0.0,48,2,2
37,0,1.0,0.0,55,1,1
52,0,1.0,0.0,44,6,1
72,0,1.0,0.0,43,2,2
81,0,1.0,0.0,40,11,2
70,0,1.0,0.0,44,2,1
54,0,1.0,0.0,68,6,3
32,0,0.5780821917808219,0.0,40,1,2
43,0,1.0,0.0,65,2,1
55,0,1.0,0.0,48,8,1
54,1,0.8328767123287671,69911.0,54,15,1
76,0,0.9287671232876712,0.0,33,5,3
60,0,0.4958904109589041,0.0,39,3,2
42,0,1.0,0.0,37,1,2
53,1,0.9041095890410958,2765.0,39,1,1
38,0,0.37534246575342467,0.0,55,7,1
49,0,1.0,0.0,70,12,2
29,0,0.7890410958904109,0.0,40,1,1
33,0,0.052054794520547946,0.0,51,1,1
36,0,1.0,0.0,66,1,1
51,0,1.0,0.0,66,2,1
52,0,0.1589041095890411,0.0,55,10,1
42,0,1.0,0.0,66,1,3
61,0,1.0,0.0,32,1,2
29,0,1.0,0.0,40,1,2
63,0,1.0,0.0,55,9,3
23,0,0.27945205479452057,0.0,43,1,3
55,0,1.0,0.0,68,2,1
62,0,1.0,0.0,46,1,3
52,0,1.0,0.0,55,1,1
52,0,1.0,0.0,33,9,3
80,0,1.0,0.0,46,1,3
32,0,1.0,0.0,70,1,2
42,1,1.0,206247.0,48,6,2
54,0,1.0,0.0,85,1,2
42,0,1.0,0.0,47,1,2
48,0,1.0,0.0,74,3,3
33,0,1.0,0.0,48,1,2
46,0,0.726027397260274,0.0,55,1,3
27,0,1.0,0.0,44,5,1
43,0,1.0,0.0,36,6,0
58,0,1.0,0.0,21,7,1
47,0,0.136986301369863,0.0,51,9,1
66,0,1.0,0.0,85,6,2
63,0,1.0,0.0,83,10,1
49,0,0.4465753424657534,0.0,40,1,1
54,0,0.3287671232876712,0.0,55,1,1
32,0,1.0,0.0,37,2,1
64,1,1.0,24441.0,40,1,1
48,0,0.7589041095890411,0.0,47,1,3
79,0,1.0,0.0,75,1,2
65,0,1.0,0.0,43,1,3
58,0,1.0,0.0,60,1,3
42,0,1.0,0.0,48,14,3
30,0,0.2465753424657534,0.0,55,4,2
39,0,1.0,0.0,53,5,3
71,0,1.0,0.0,40,6,2
45,0,1.0,0.0,54,2,3
73,0,0.9260273972602739,0.0,29,2,2
74,0,1.0,0.0,150,1,3
23,0,1.0,0.0,64,6,1
44,0,1.0,0.0,50,8,2
40,1,1.0,10000.0,77,1,2
65,0,1.0,0.0,66,6,3
51,0,1.0,0.0,66,8,0
44,0,0.10410958904109589,0.0,40,3,2
44,0,1.0,0.0,66,1,2
76,0,1.0,0.0,51,1,2
45,0,1.0,0.0,138,5,2
48,0,1.0,0.0,39,2,3
65,0,1.0,0.0,66,1,2
50,0,1.0,0.0,50,2,1
57,0,1.0,0.0,85,1,1
38,0,0.36164383561643837,0.0,33,2,1
59,0,1.0,0.0,43,1,1
42,0,1.0,0.0,66,6,2
53,0,0.3287671232876712,0.0,81,1,1
35,0,0.21643835616438356,0.0,40,5,2
42,0,0.4191780821917808,0.0,55,1,3
41,0,1.0,0.0,65,11,1
38,0,1.0,0.0,43,1,1
27,0,1.0,0.0,73,6,3
34,0,1.0,0.0,78,1,1
34,0,0.3150684931506849,0.0,52,11,1
33,0,1.0,0.0,55,10,1
71,0,1.0,0.0,76,6,1
66,0,1.0,0.0,55,1,2
34,0,1.0,0.0,55,1,2
41,0,1.0,0.0,30,5,3
56,0,0.28493150684931506,0.0,53,1,1
27,0,0.3041095890410959,0.0,43,3,2
36,0,1.0,0.0,33,1,3
37,0,1.0,0.0,39,2,1
47,0,1.0,0.0,55,11,3
45,0,1.0,0.0,48,1,1
27,0,0.24383561643835616,0.0,51,1,3
58,0,1.0,0.0,55,1,2
38,0,1.0,0.0,37,3,2
63,0,1.0,0.0,66,9,1
55,0,1.0,0.0,33,9,1
29,0,1.0,0.0,103,4,1
35,0,1.0,0.0,58,10,1
56,0,1.0,0.0,59,2,3
22,0,1.0,0.0,80,1,3
25,0,0.3287671232876712,0.0,110,6,3
28,1,1.0,9195.0,44,2,1
50,0,1.0,0.0,30,3,3
47,0,1.0,0.0,73,1,3
48,0,1.0,0.0,82,1,1
38,0,1.0,0.0,44,1,1
51,0,1.0,0.0,66,6,1
56,0,1.0,0.0,55,6,2
65,0,1.0,0.0,55,1,3
49,0,1.0,0.0,43,2,1
56,0,1.0,0.0,85,1,3
66,1,1.0,6498.0,68,1,3
39,0,0.821917808219178,0.0,40,1,1
34,1,1.0,21690.0,53,1,1
52,0,1.0,0.0,21,12,1
76,0,1.0,0.0,43,2,1
43,0,1.0,0.0,40,1,1
65,0,1.0,0.0,68,7,2
39,0,0.6,0.0,40,10,1
53,0,1.0,0.0,60,19,1
61,0,1.0,0.0,60,5,1
35,0,1.0,0.0,37,1,2
64,0,1.0,0.0,61,1,2
34,0,1.0,0.0,33,7,3
40,1,1.0,57540.0,43,6,2
53,0,1.0,0.0,66,6,1
47,0,1.0,0.0,47,11,1
41,1,1.0,56481.0,66,6,3
27,0,1.0,0.0,44,1,1
64,0,1.0,0.0,19,2,2
50,0,1.0,0.0,66,11,1
32,0,0.9260273972602739,0.0,81,1,3
77,0,0.8246575342465754,0.0,37,1,1
38,1,0.7068493150684931,17038.0,64,1,1
74,0,1.0,0.0,66,5,2
42,0,0.16164383561643836,0.0,55,11,3
29,1,0.7726027397260274,55000.0,47,3,3
33,0,1.0,0.0,66,2,2
40,1,1.0,37345.0,39,4,1
68,0,1.0,0.0,65,2,2
55,0,0.7643835616438356,0.0,53,1,1
73,0,1.0,0.0,66,1,3
67,0,1.0,0.0,85,1,3
39,0,1.0,0.0,48,3,1
84,1,1.0,6066.0,53,1,3
75,1,1.0,57540.0,63,1,2
61,0,1.0,0.0,85,2,3
65,0,0.43561643835616437,0.0,65,8,1
37,0,0.19452054794520549,0.0,40,1,2
23,1,1.0,3008.0,43,5,1
45,0,1.0,0.0,92,1,1
67,0,1.0,0.0,63,1,3
49,0,1.0,0.0,66,1,1
41,0,1.0,0.0,54,1,1
50,0,1.0,0.0,59,14,1
60,0,1.0,0.0,67,1,1
67,0,0.5863013698630137,0.0,60,2,3
29,0,1.0,0.0,98,1,3
84,1,1.0,5850.0,55,9,2
57,0,1.0,0.0,32,2,1
59,0,0.7397260273972602,0.0,40,5,2
49,0,1.0,0.0,44,1,3
48,0,1.0,0.0,34,6,2
54,0,1.0,0.0,40,1,3
54,0,1.0,0.0,40,6,3
23,0,0.4931506849315068,0.0,54,9,1
66,0,0.7753424657534247,0.0,63,1,1
31,0,1.0,0.0,42,1,2
70,0,1.0,0.0,66,3,1
70,0,1.0,0.0,55,1,1
30,0,1.0,0.0,55,8,2
70,0,1.0,0.0,89,1,1
47,0,1.0,0.0,66,12,3
57,0,1.0,0.0,40,3,3
50,0,1.0,0.0,74,2,3
39,1,0.3780821917808219,57540.0,45,6,1
43,0,0.3287671232876712,0.0,55,2,1
60,0,1.0,0.0,68,7,1
79,0,1.0,0.0,55,5,3
24,0,1.0,0.0,44,1,2
41,0,0.273972602739726,0.0,55,8,1
59,0,1.0,0.0,40,2,1
65,0,1.0,0.0,40,9,1
33,0,1.0,0.0,42,3,3
29,0,1.0,0.0,54,12,1
67,0,1.0,0.0,50,1,2
54,0,1.0,0.0,62,10,3
37,0,0.8328767123287671,0.0,77,1,2
50,0,0.5808219178082191,0.0,55,1,2
42,0,1.0,0.0,55,4,1
44,0,0.5178082191780822,0.0,70,3,2
68,0,1.0,0.0,33,8,3
44,0,0.5452054794520548,0.0,60,6,2
63,0,0.7561643835616438,0.0,32,1,3
36,0,0.12054794520547946,0.0,33,2,3
72,0,1.0,0.0,40,6,1
66,1,1.0,57540.0,40,2,1
47,0,1.0,0.0,44,2,1
42,0,1.0,0.0,33,1,1
48,1,1.0,66021.0,127,13,2
31,0,1.0,0.0,47,1,1
36,1,1.0,4452.0,62,2,1
64,0,1.0,0.0,65,2,3
35,0,0.4410958904109589,0.0,43,1,3
30,0,1.0,0.0,37,1,1
56,0,1.0,0.0,56,1,3
58,0,0.24383561643835616,0.0,37,3,1
71,0,1.0,0.0,49,1,2
32,0,1.0,0.0,66,6,3
69,0,1.0,0.0,33,1,1
37,0,0.6410958904109589,0.0,36,1,1
46,0,1.0,0.0,43,4,2
38,0,1.0,0.0,58,3,1
21,0,1.0,0.0,37,2,2
40,0,1.0,0.0,85,2,3
46,0,0.4328767123287671,0.0,47,2,2
54,0,0.6027397260273972,0.0,66,1,3
27,0,1.0,0.0,40,12,2
23,0,1.0,0.0,66,1,3
77,0,1.0,0.0,52,1,3
48,0,0.6657534246575343,0.0,44,1,2
41,0,1.0,0.0,32,2,1
37,0,1.0,0.0,47,1,2
35,0,0.4410958904109589,0.0,66,10,1
55,0,1.0,0.0,85,2,1
32,0,0.4821917808219178,0.0,66,2,3
64,0,1.0,0.0,66,1,1
29,0,1.0,0.0,65,2,2
49,0,1.0,0.0,25,2,1
44,0,0.1863013698630137,0.0,70,5,1
50,0,0.4931506849315068,0.0,33,1,1
47,0,1.0,0.0,70,10,1
26,0,0.4136986301369863,0.0,37,1,1
40,0,0.25205479452054796,0.0,47,1,2
39,0,1.0,0.0,44,10,3
76,0,1.0,0.0,91,5,1
51,0,0.4931506849315068,0.0,48,1,1
33,0,0.08493150684931507,0.0,55,9,0
39,0,1.0,0.0,55,9,2
29,0,1.0,0.0,33,2,1
49,0,1.0,0.0,40,10,1
41,0,1.0,0.0,55,10,1
32,1,1.0,40413.0,65,10,1
37,0,0.16164383561643836,0.0,67,6,2
51,0,1.0,0.0,70,3,2
79,0,0.19726027397260273,0.0,43,2,3
73,0,1.0,0.0,40,11,2
66,0,1.0,0.0,82,7,2
43,0,1.0,0.0,61,1,3
68,0,1.0,0.0,42,1,2
69,0,1.0,0.0,29,1,3
38,0,1.0,0.0,39,6,2
53,0,0.7452054794520548,0.0,81,7,1
37,2,1.0,118033.0,50,2,3
26,0,0.16164383561643836,0.0,43,1,2
69,0,0.8301369863013699,0.0,68,1,1
52,1,1.0,2706.0,29,1,1
36,0,1.0,0.0,80,6,3
53,0,1.0,0.0,33,7,2
63,0,1.0,0.0,55,1,3
60,0,1.0,0.0,40,12,1
54,0,1.0,0.0,105,1,3
23,0,1.0,0.0,67,11,2
47,0,1.0,0.0,66,9,3
59,0,1.0,0.0,44,1,3
48,1,1.0,6066.0,54,1,3
31,0,0.2328767123287671,0.0,85,1,1
40,0,0.6767123287671233,0.0,70,1,1
47,0,1.0,0.0,53,12,1
57,1,1.0,6196.0,46,7,1
35,0,1.0,0.0,40,1,1
56,1,1.0,5288.0,55,2,2
46,0,0.4301369863013699,0.0,76,1,3
41,0,1.0,0.0,33,6,3
30,0,1.0,0.0,33,1,1
42,0,1.0,0.0,70,1,1
55,0,1.0,0.0,51,1,1
59,0,1.0,0.0,56,2,1
21,2,1.0,123337.0,44,1,3
30,0,1.0,0.0,85,1,3
39,0,1.0,0.0,53,3,2
29,0,1.0,0.0,47,2,1
72,0,1.0,0.0,47,1,1
50,0,0.5424657534246575,0.0,110,2,3
24,0,1.0,0.0,40,1,2
73,0,1.0,0.0,55,3,1
42,0,1.0,0.0,40,5,2
25,1,1.0,2723.0,55,6,2
64,0,1.0,0.0,50,1,2
41,0,1.0,0.0,60,1,3
40,0,1.0,0.0,40,5,1
25,0,0.44931506849315067,0.0,66,1,1
27,0,1.0,0.0,69,1,3
57,1,1.0,132625.0,50,5,3
24,0,1.0,0.0,83,12,2
53,0,1.0,0.0,47,9,3
74,0,1.0,0.0,95,1,3
37,0,0.7479452054794521,0.0,83,2,3
49,0,1.0,0.0,34,1,1
41,0,1.0,0.0,51,1,1
65,0,0.4465753424657534,0.0,51,1,1
28,0,0.6657534246575343,0.0,44,1,2
61,0,1.0,0.0,83,3,1
38,0,1.0,0.0,40,12,1
30,0,0.7452054794520548,0.0,43,7,3
58,0,1.0,0.0,30,1,1
31,0,0.33424657534246577,0.0,66,1,3
21,0,1.0,0.0,55,9,1
52,0,1.0,0.0,100,12,2
67,0,1.0,0.0,43,10,2
44,0,1.0,0.0,33,1,2
72,0,1.0,0.0,80,9,2
60,0,0.0958904109589041,0.0,85,2,3
25,0,1.0,0.0,141,1,3
49,0,0.4958904109589041,0.0,37,3,2
25,0,1.0,0.0,55,10,2
49,0,1.0,0.0,40,5,2
46,0,0.2876712328767123,0.0,40,11,3
35,0,1.0,0.0,55,3,1
43,1,1.0,11738.0,43,5,1
55,0,1.0,0.0,33,1,3
63,0,1.0,0.0,55,1,3
40,0,0.5095890410958904,0.0,55,2,1
59,0,1.0,0.0,44,1,2
36,0,1.0,0.0,66,12,3
69,1,1.0,25000.0,70,1,1
30,0,1.0,0.0,55,3,1
26,0,0.4931506849315068,0.0,48,1,1
77,1,1.0,8802.0,65,12,2
28,0,1.0,0.0,79,1,3
56,0,0.10410958904109589,0.0,25,5,2
40,0,0.8054794520547945,0.0,50,1,2
36,0,1.0,0.0,55,1,2
36,0,1.0,0.0,29,11,1
30,1,1.0,5542.0,65,2,2
42,0,0.6657534246575343,0.0,95,1,2
63,0,0.9095890410958904,0.0,50,1,1
53,0,1.0,0.0,43,1,1
79,0,1.0,0.0,69,8,3
22,1,1.0,807960.0,55,11,1
60,1,1.0,57540.0,51,1,1
40,0,1.0,0.0,70,1,3
45,0,1.0,0.0,62,9,3
52,0,1.0,0.0,51,2,1
30,0,1.0,0.0,43,9,2
42,0,1.0,0.0,53,5,1
33,0,0.28493150684931506,0.0,33,1,1
28,0,0.2547945205479452,0.0,40,1,2
43,0,1.0,0.0,44,11,3
71,0,0.0410958904109589,0.0,53,10,1
72,0,1.0,0.0,40,3,3
30,0,0.5041095890410959,0.0,77,5,2
23,0,1.0,0.0,55,2,3
62,0,1.0,0.0,85,12,1
40,0,0.4821917808219178,0.0,85,9,3
29,1,1.0,13220.0,60,8,2
68,0,1.0,0.0,50,1,3
40,0,1.0,0.0,87,11,2
43,0,1.0,0.0,60,4,3
28,0,1.0,0.0,50,6,2
76,0,1.0,0.0,29,3,1
53,0,1.0,0.0,55,3,1
28,1,1.0,65000.0,95,9,1
51,0,1.0,0.0,44,9,1
33,0,1.0,0.0,49,1,2
35,0,1.0,0.0,63,6,3
28,0,1.0,0.0,40,10,1
72,0,1.0,0.0,100,1,2
69,0,0.20273972602739726,0.0,67,2,3
36,0,1.0,0.0,40,11,3
70,0,0.1726027397260274,0.0,44,1,1
51,0,0.5424657534246575,0.0,60,12,3
69,0,0.8328767123287671,0.0,40,1,2
47,0,1.0,0.0,51,1,1
26,0,1.0,0.0,55,10,1
61,0,1.0,0.0,40,1,2
47,0,1.0,0.0,65,2,2
35,0,1.0,0.0,64,1,3
58,1,1.0,2607.0,33,12,3
34,0,1.0,0.0,21,1,2
34,0,1.0,0.0,39,12,2
41,0,1.0,0.0,70,2,1
57,0,1.0,0.0,40,3,2
32,0,1.0,0.0,76,1,2
50,0,0.7534246575342466,0.0,44,8,3
80,0,1.0,0.0,43,1,1
44,0,1.0,0.0,55,2,3
57,0,1.0,0.0,100,1,2
44,0,0.8410958904109589,0.0,66,1,1
42,0,1.0,0.0,81,1,2
73,0,1.0,0.0,66,5,1
46,0,0.936986301369863,0.0,57,1,3
41,0,1.0,0.0,51,2,1
42,0,0.4246575342465753,0.0,98,3,1
68,0,1.0,0.0,65,3,1
47,0,1.0,0.0,55,1,1
26,2,1.0,82306.0,55,1,1
62,1,1.0,2873.0,29,11,3
57,1,1.0,153606.0,40,2,2
49,0,0.19452054794520549,0.0,55,4,3
50,0,1.0,0.0,39,1,1
36,0,0.5808219178082191,0.0,85,2,3
42,0,1.0,0.0,87,6,3
28,0,1.0,0.0,60,12,2
29,0,1.0,0.0,44,6,2
50,0,1.0,0.0,84,1,3
46,0,1.0,0.0,107,1,3
46,0,1.0,0.0,65,1,1
47,0,1.0,0.0,40,9,3
66,0,1.0,0.0,50,5,1
75,0,1.0,0.0,100,2,3
54,1,1.0,2687.0,55,5,3
52,0,1.0,0.0,55,15,3
59,0,0.7972602739726027,0.0,40,1,3
42,1,1.0,2496.0,85,12,1
44,0,1.0,0.0,44,1,2
36,0,0.7561643835616438,0.0,65,1,1
37,0,0.6191780821917808,0.0,35,6,1
55,0,0.4958904109589041,0.0,44,6,3
60,0,1.0,0.0,59,1,2
51,1,1.0,60147.0,33,9,3
26,0,1.0,0.0,54,2,3
64,0,1.0,0.0,54,2,3
26,0,1.0,0.0,19,12,2
87,0,1.0,0.0,78,13,1
51,0,1.0,0.0,44,1,1
35,0,0.29041095890410956,0.0,48,2,3
49,0,1.0,0.0,60,8,2
39,0,1.0,0.0,75,2,1
58,0,1.0,0.0,49,1,1
59,0,0.4986301369863014,0.0,40,7,1
45,0,0.10136986301369863,0.0,52,3,3
37,0,1.0,0.0,44,9,2
57,0,0.5534246575342465,0.0,44,3,3
74,0,1.0,0.0,65,1,2
71,0,1.0,0.0,85,1,2
51,0,1.0,0.0,51,2,3
59,0,1.0,0.0,40,1,3
49,0,1.0,0.0,35,7,2
29,0,1.0,0.0,60,1,2
28,0,1.0,0.0,38,11,1
81,0,1.0,0.0,92,1,3
39,0,0.043835616438356165,0.0,55,1,3
64,0,1.0,0.0,45,1,1
26,0,1.0,0.0,50,4,2
72,0,1.0,0.0,44,10,2
67,0,1.0,0.0,43,1,2
55,0,1.0,0.0,40,8,1
52,0,1.0,0.0,55,14,1
42,0,1.0,0.0,40,11,1
50,0,1.0,0.0,66,9,3
42,0,0.5863013698630137,0.0,40,4,2
31,0,0.00821917808219178,0.0,50,1,2
44,0,1.0,0.0,27,13,2
26,1,1.0,65000.0,26,2,2
27,0,1.0,0.0,83,1,1
23,0,0.7808219178082192,0.0,93,1,1
37,0,0.005479452054794521,0.0,55,8,3
51,0,1.0,0.0,40,1,1
41,0,1.0,0.0,68,2,2
40,0,1.0,0.0,40,1,1
34,0,1.0,0.0,66,1,1
74,0,1.0,0.0,33,9,2
73,0,1.0,0.0,39,12,2
52,2,1.0,70762.0,100,5,3
32,0,1.0,0.0,44,3,3
33,0,1.0,0.0,37,8,1
51,0,1.0,0.0,44,10,2
62,0,1.0,0.0,40,12,2
49,0,1.0,0.0,40,1,1
55,0,0.8794520547945206,0.0,65,12,2
71,0,1.0,0.0,50,1,2
36,0,0.273972602739726,0.0,74,1,1
52,0,1.0,0.0,66,8,1
62,0,1.0,0.0,47,1,1
24,0,0.7123287671232876,0.0,66,10,1
45,0,1.0,0.0,94,1,3
47,2,0.810958904109589,6060.0,66,1,3
57,0,0.08493150684931507,0.0,59,1,1
31,0,1.0,0.0,47,1,1
57,1,1.0,2925.0,51,2,2
70,0,1.0,0.0,100,8,3
42,0,1.0,0.0,44,1,1
49,0,0.3287671232876712,0.0,34,10,3
40,0,1.0,0.0,40,1,1
36,0,1.0,0.0,51,3,3
78,0,1.0,0.0,38,8,1
37,0,1.0,0.0,33,3,1
45,0,1.0,0.0,82,7,1
45,0,0.16164383561643836,0.0,40,12,3
25,0,1.0,0.0,44,11,1
50,0,1.0,0.0,55,2,1
40,0,0.5150684931506849,0.0,65,1,3
35,0,0.08493150684931507,0.0,44,1,3
70,3,1.0,86723.0,50,11,1
43,0,0.0027397260273972603,0.0,55,2,1
69,0,1.0,0.0,43,1,1
51,0,1.0,0.0,48,1,2
59,2,1.0,128436.0,82,3,3
64,0,1.0,0.0,82,2,1
59,0,1.0,0.0,69,1,1
54,0,1.0,0.0,68,1,2
58,0,1.0,0.0,70,1,1
53,0,1.0,0.0,85,7,2
70,0,1.0,0.0,55,1,3
58,0,1.0,0.0,40,1,1
58,0,1.0,0.0,98,1,1
25,1,0.8246575342465754,19548.0,42,1,3
44,0,1.0,0.0,55,3,3
77,0,1.0,0.0,44,6,3
49,0,1.0,0.0,55,1,0
47,0,1.0,0.0,37,1,1
45,0,1.0,0.0,65,3,2
57,1,1.0,8675.0,48,2,1
23,1,1.0,2360.0,48,12,1
21,0,0.9808219178082191,0.0,83,12,1
33,0,1.0,0.0,66,1,3
47,0,1.0,0.0,60,2,2
47,0,1.0,0.0,40,2,1
63,0,1.0,0.0,40,5,1
48,0,1.0,0.0,39,1,1
33,0,1.0,0.0,40,1,2
57,0,1.0,0.0,58,1,2
29,0,1.0,0.0,37,1,3
39,1,1.0,17872.0,85,3,2
25,0,1.0,0.0,42,3,2
58,0,1.0,0.0,66,12,1
72,0,1.0,0.0,40,1,1
32,0,1.0,0.0,40,1,1
61,0,1.0,0.0,34,8,2
40,0,1.0,0.0,66,6,1
20,1,0.852054794520548,2057.0,60,12,3
40,0,1.0,0.0,50,11,3
50,0,1.0,0.0,40,1,2
48,0,1.0,0.0,40,1,1
28,0,0.40273972602739727,0.0,42,7,1
71,0,0.3150684931506849,0.0,34,6,3
39,0,1.0,0.0,42,1,1
74,0,1.0,0.0,60,1,1
27,0,0.9315068493150684,0.0,47,9,1
50,1,1.0,6066.0,85,1,1
65,0,0.9917808219178083,0.0,66,12,3
33,0,1.0,0.0,32,1,3
46,0,0.821917808219178,0.0,66,2,1
28,1,1.0,10000.0,52,2,1
68,0,1.0,0.0,95,1,3
63,0,1.0,0.0,50,2,2
29,0,1.0,0.0,51,2,3
26,0,0.3287671232876712,0.0,41,1,1
34,0,0.936986301369863,0.0,66,2,3
65,0,1.0,0.0,55,6,2
31,0,1.0,0.0,43,2,3
41,0,1.0,0.0,55,10,3
53,0,0.9178082191780822,0.0,40,11,2
43,0,1.0,0.0,43,1,1
68,0,0.915068493150685,0.0,66,1,1
44,0,1.0,0.0,66,2,2
39,1,0.9561643835616438,6534.0,54,1,2
78,0,1.0,0.0,45,8,3
23,0,1.0,0.0,44,1,2
53,0,1.0,0.0,51,1,3
26,0,1.0,0.0,60,1,1
33,0,1.0,0.0,69,1,2
64,0,1.0,0.0,39,1,1
25,0,1.0,0.0,77,10,1
39,0,1.0,0.0,101,1,2
36,0,0.5041095890410959,0.0,100,2,1
41,0,1.0,0.0,97,13,3
66,0,1.0,0.0,50,1,1
33,0,1.0,0.0,83,1,1
74,0,1.0,0.0,47,3,3
23,1,0.9178082191780822,63281.0,42,2,1
61,0,1.0,0.0,83,1,1
39,0,1.0,0.0,105,1,1
63,0,0.4191780821917808,0.0,43,1,2
50,0,1.0,0.0,83,1,1
28,0,1.0,0.0,55,12,2
35,0,1.0,0.0,55,11,1
69,0,1.0,0.0,62,1,2
61,1,1.0,5850.0,65,1,1
53,0,1.0,0.0,50,2,3
64,0,1.0,0.0,39,1,1
36,1,1.0,2904.0,58,2,2
49,0,1.0,0.0,47,1,2
29,0,1.0,0.0,37,5,3
58,1,1.0,3146.0,48,11,3
65,0,1.0,0.0,54,1,1
50,0,1.0,0.0,42,1,3
38,0,1.0,0.0,85,1,2
64,0,1.0,0.0,79,13,3
78,0,1.0,0.0,48,1,2
62,0,1.0,0.0,90,1,1
35,0,1.0,0.0,37,1,3
67,0,1.0,0.0,88,1,1
68,0,1.0,0.0,44,7,1
43,1,1.0,3008.0,46,8,1
35,0,1.0,0.0,85,4,2
65,0,1.0,0.0,39,1,3
24,0,1.0,0.0,47,10,2
22,1,1.0,2607.0,66,1,3
43,0,0.6712328767123288,0.0,99,1,1
69,0,1.0,0.0,32,2,1
56,0,1.0,0.0,37,1,1
69,0,1.0,0.0,40,2,2
28,0,0.8273972602739726,0.0,65,12,2
34,0,1.0,0.0,47,2,2
26,0,1.0,0.0,40,5,2
30,0,1.0,0.0,55,1,1
49,0,0.08493150684931507,0.0,66,2,1
67,0,1.0,0.0,39,1,1
62,0,1.0,0.0,78,11,1
28,0,0.12602739726027398,0.0,55,1,1
24,1,1.0,57540.0,55,10,3
27,0,1.0,0.0,55,6,2
48,0,1.0,0.0,85,4,1
29,0,1.0,0.0,44,7,1
59,0,1.0,0.0,60,2,1
47,0,0.6767123287671233,0.0,54,6,1
72,0,1.0,0.0,65,1,1
27,0,1.0,0.0,116,1,3
41,0,1.0,0.0,29,3,3
48,0,1.0,0.0,50,2,1
60,0,0.25205479452054796,0.0,99,1,2
68,0,1.0,0.0,60,14,1
63,0,0.673972602739726,0.0,65,3,1
65,0,1.0,0.0,31,2,3
38,0,1.0,0.0,33,12,1
63,0,1.0,0.0,42,12,3
36,0,0.07671232876712329,0.0,55,3,1
27,0,1.0,0.0,51,2,3
45,0,1.0,0.0,55,1,1
33,0,1.0,0.0,29,5,3
39,0,1.0,0.0,49,7,1
59,0,1.0,0.0,38,4,3
68,0,1.0,0.0,40,1,1
37,0,1.0,0.0,80,1,2
24,0,1.0,0.0,44,8,2
46,1,1.0,57540.0,54,1,3
58,0,0.0821917808219178,0.0,54,1,2
42,0,1.0,0.0,43,2,1
39,0,0.3452054794520548,0.0,65,10,3
34,1,1.0,57540.0,51,1,1
45,0,1.0,0.0,36,1,0
47,0,0.9835616438356164,0.0,64,1,1
58,0,1.0,0.0,51,12,2
58,0,1.0,0.0,42,1,1
35,0,1.0,0.0,32,11,1
26,0,1.0,0.0,44,6,1
50,0,1.0,0.0,65,15,1
31,0,1.0,0.0,45,12,2
58,0,0.6712328767123288,0.0,47,5,1
48,0,1.0,0.0,50,6,3
36,0,1.0,0.0,44,1,1
42,0,1.0,0.0,52,2,1
49,0,1.0,0.0,85,1,1
42,0,1.0,0.0,66,8,1
36,0,1.0,0.0,34,2,2
71,0,1.0,0.0,57,1,3
33,0,1.0,0.0,47,2,1
36,0,1.0,0.0,58,2,1
67,0,1.0,0.0,55,5,2
25,0,0.3287671232876712,0.0,39,1,2
71,0,0.9287671232876712,0.0,42,2,2
26,0,0.4712328767123288,0.0,63,7,2
41,0,1.0,0.0,37,6,1
51,0,1.0,0.0,53,8,2
54,0,1.0,0.0,78,12,1
32,0,0.08493150684931507,0.0,89,12,1
67,0,1.0,0.0,77,1,2
81,0,1.0,0.0,40,1,1
34,0,1.0,0.0,55,1,1
65,0,1.0,0.0,81,5,2
37,0,1.0,0.0,55,1,2
40,0,1.0,0.0,81,3,1
78,0,0.8301369863013699,0.0,58,7,3
51,0,0.6876712328767123,0.0,66,12,1
64,0,0.9945205479452055,0.0,43,2,3
43,0,1.0,0.0,66,2,2
48,0,1.0,0.0,100,1,1
53,0,1.0,0.0,53,9,2
30,0,0.8684931506849315,0.0,44,1,1
77,0,0.4,0.0,55,9,1
29,0,1.0,0.0,40,3,2
24,0,0.3150684931506849,0.0,40,10,3
41,0,1.0,0.0,103,1,2
37,0,1.0,0.0,65,1,1
28,0,1.0,0.0,66,6,3
46,0,1.0,0.0,25,2,3
54,1,0.40821917808219177,7720.0,47,6,3
35,0,1.0,0.0,60,2,3
24,0,1.0,0.0,83,1,1
70,0,1.0,0.0,40,2,2
48,0,1.0,0.0,39,9,1
41,0,0.37534246575342467,0.0,65,1,3
24,0,1.0,0.0,100,1,1
25,0,1.0,0.0,47,2,2
43,0,0.3150684931506849,0.0,50,1,3
31,0,1.0,0.0,35,11,2
42,0,1.0,0.0,55,2,1
34,0,1.0,0.0,42,7,1
62,0,1.0,0.0,47,6,1
35,1,1.0,74111.0,33,6,3
39,0,1.0,0.0,55,6,2
51,0,0.7671232876712328,0.0,29,8,1
45,0,1.0,0.0,77,1,3
26,0,1.0,0.0,66,6,3
61,0,1.0,0.0,33,6,2
57,0,0.136986301369863,0.0,40,1,0
37,0,1.0,0.0,34,1,2
38,0,1.0,0.0,73,7,3
73,0,1.0,0.0,56,1,3
85,0,0.07671232876712329,0.0,55,4,3
44,1,1.0,4078.0,66,7,2
25,1,1.0,66969.0,66,9,3
53,0,1.0,0.0,33,12,3
55,0,1.0,0.0,83,10,1
65,0,0.8438356164383561,0.0,47,2,1
21,2,0.8328767123287671,204575.0,51,9,1
57,0,1.0,0.0,44,2,2
46,0,1.0,0.0,40,1,2
39,0,1.0,0.0,51,3,2
35,0,1.0,0.0,33,1,0
49,0,0.5260273972602739,0.0,78,1,3
31,0,0.9917808219178083,0.0,40,2,3
43,1,1.0,2704.0,47,6,2
49,0,1.0,0.0,166,10,3
22,0,1.0,0.0,64,1,1
43,0,0.5698630136986301,0.0,54,10,1
43,0,1.0,0.0,40,10,3
53,0,1.0,0.0,65,1,2
23,0,1.0,0.0,34,1,3
49,1,1.0,57540.0,95,1,3
67,0,1.0,0.0,37,6,3
38,0,0.5561643835616439,0.0,55,2,3
57,0,1.0,0.0,55,1,1
40,0,0.4657534246575342,0.0,66,1,3
64,0,1.0,0.0,66,5,3
56,0,0.27671232876712326,0.0,40,2,1
54,0,1.0,0.0,44,1,1
40,0,1.0,0.0,37,2,1
55,0,0.6246575342465753,0.0,44,3,1
58,0,1.0,0.0,47,1,2
26,0,1.0,0.0,50,14,3
69,0,1.0,0.0,33,1,2
44,0,0.11232876712328767,0.0,68,7,2
52,0,1.0,0.0,37,1,1
41,0,1.0,0.0,54,1,3
48,0,1.0,0.0,85,4,1
27,0,1.0,0.0,51,2,1
76,0,1.0,0.0,110,2,1
37,2,1.0,13844.0,25,10,2
40,0,1.0,0.0,48,1,3
41,0,1.0,0.0,55,6,3
46,0,0.5616438356164384,0.0,70,1,1
34,0,1.0,0.0,40,10,1
55,0,1.0,0.0,66,6,2
28,0,1.0,0.0,37,2,3
36,0,1.0,0.0,74,6,1
36,1,1.0,2948.0,41,1,1
40,0,1.0,0.0,65,1,3
40,1,1.0,19176.0,50,6,1
35,0,0.6328767123287671,0.0,80,1,1
59,1,0.810958904109589,60147.0,33,12,3
34,0,1.0,0.0,76,2,3
63,0,1.0,0.0,55,6,2
27,0,1.0,0.0,55,1,2
39,0,1.0,0.0,73,9,1
82,0,1.0,0.0,44,12,1
25,0,1.0,0.0,55,3,3
49,0,1.0,0.0,48,1,2
54,0,0.915068493150685,0.0,51,10,2
45,0,1.0,0.0,55,2,3
60,0,1.0,0.0,25,11,1
33,0,1.0,0.0,43,9,3
35,0,1.0,0.0,40,1,3
49,0,1.0,0.0,62,1,2
53,0,1.0,0.0,40,1,1
45,0,1.0,0.0,36,3,1
61,0,1.0,0.0,80,2,3
50,0,1.0,0.0,55,2,1
57,0,1.0,0.0,34,1,1
50,0,0.852054794520548,0.0,81,6,2
46,0,1.0,0.0,32,8,1
44,0,0.7726027397260274,0.0,40,7,3
71,0,1.0,0.0,50,6,2
43,0,0.5068493150684932,0.0,81,2,1
33,0,0.29041095890410956,0.0,40,3,2
61,0,0.24383561643835616,0.0,47,1,3
68,0,1.0,0.0,66,10,1
38,0,1.0,0.0,95,6,2
57,0,1.0,0.0,56,11,1
31,0,1.0,0.0,40,15,2
40,0,1.0,0.0,30,1,3
45,0,1.0,0.0,51,6,2
51,0,1.0,0.0,37,12,3
66,0,1.0,0.0,51,7,2
55,0,1.0,0.0,43,1,2
33,0,0.8328767123287671,0.0,73,8,2
69,0,1.0,0.0,77,2,1
63,0,0.9972602739726028,0.0,48,1,1
57,0,0.6821917808219178,0.0,43,1,1
48,0,1.0,0.0,34,10,3
61,0,1.0,0.0,43,1,1
39,0,1.0,0.0,65,9,2
52,0,1.0,0.0,47,7,2
66,1,1.0,55000.0,21,5,3
34,0,1.0,0.0,47,9,1
46,0,1.0,0.0,44,3,2
43,1,0.7671232876712328,51780.0,47,2,1
46,0,0.36712328767123287,0.0,98,2,3
38,0,1.0,0.0,48,2,3
31,1,1.0,8161.0,83,1,3
36,0,1.0,0.0,73,2,1
81,0,1.0,0.0,55,3,2
53,0,1.0,0.0,50,11,1
58,0,1.0,0.0,66,5,2
58,0,0.4246575342465753,0.0,43,2,2
33,0,1.0,0.0,40,11,1
76,0,1.0,0.0,33,2,3
43,0,1.0,0.0,40,12,1
37,0,0.08493150684931507,0.0,37,6,3
51,0,1.0,0.0,40,2,1
41,0,0.7561643835616438,0.0,110,4,3
41,0,0.8328767123287671,0.0,70,6,1
43,0,1.0,0.0,42,1,2
59,0,1.0,0.0,60,3,1
23,0,1.0,0.0,55,5,2
56,0,0.4684931506849315,0.0,98,10,1
53,1,1.0,5820.0,44,1,3
32,0,1.0,0.0,40,12,1
33,0,1.0,0.0,60,2,1
54,0,1.0,0.0,30,7,2
45,0,1.0,0.0,66,2,1
42,0,1.0,0.0,32,12,2
42,0,1.0,0.0,83,1,3
50,0,1.0,0.0,43,3,2
67,0,1.0,0.0,66,1,3
34,0,0.8328767123287671,0.0,66,1,1
31,0,1.0,0.0,63,9,2
53,0,1.0,0.0,44,1,2
23,0,1.0,0.0,55,2,1
29,0,1.0,0.0,44,12,1
47,0,1.0,0.0,59,11,2
69,0,1.0,0.0,91,4,2
33,0,0.6301369863013698,0.0,34,8,2
31,0,1.0,0.0,47,4,2
59,0,0.27123287671232876,0.0,33,3,2
51,0,1.0,0.0,40,8,1
36,0,1.0,0.0,51,6,2
42,0,0.7835616438356164,0.0,33,1,2
71,0,1.0,0.0,49,7,2
55,0,1.0,0.0,44,7,2
44,0,0.673972602739726,0.0,55,2,3
71,0,1.0,0.0,65,1,1
37,0,1.0,0.0,47,6,2
57,0,1.0,0.0,47,2,2
40,1,1.0,5204.0,66,9,2
29,0,1.0,0.0,60,11,3
39,0,1.0,0.0,47,15,3
59,0,1.0,0.0,102,1,3
49,0,1.0,0.0,68,1,1
54,0,1.0,0.0,33,6,2
53,1,1.0,5850.0,75,1,3
31,1,0.5452054794520548,17340.0,53,7,2
50,0,1.0,0.0,55,5,3
51,0,1.0,0.0,85,2,1
51,0,0.8301369863013699,0.0,40,6,1
51,0,1.0,0.0,77,6,3
59,1,1.0,66213.0,66,1,1
80,1,1.0,57540.0,33,6,3
40,0,0.21643835616438356,0.0,66,1,3
64,0,1.0,0.0,43,1,3
67,0,1.0,0.0,51,5,1
73,0,1.0,0.0,69,1,1
46,0,0.5232876712328767,0.0,35,2,3
25,0,1.0,0.0,44,1,2
32,0,1.0,0.0,55,1,1
34,0,1.0,0.0,55,3,3
46,0,1.0,0.0,40,6,2
48,0,1.0,0.0,55,2,1
60,0,1.0,0.0,43,3,2
30,0,1.0,0.0,39,12,1
43,0,1.0,0.0,66,1,1
49,0,1.0,0.0,37,4,1
41,0,1.0,0.0,40,6,3
23,1,0.4986301369863014,15000.0,55,7,1
72,0,1.0,0.0,42,8,2
48,0,1.0,0.0,90,6,3
46,2,1.0,7362.0,50,2,1
45,0,1.0,0.0,32,6,1
61,0,1.0,0.0,47,1,3
29,0,0.25753424657534246,0.0,147,2,3
44,0,1.0,0.0,50,1,3
66,0,1.0,0.0,43,10,3
58,0,1.0,0.0,51,2,1
26,0,0.3150684931506849,0.0,80,1,1
32,0,0.35342465753424657,0.0,69,1,2
73,0,1.0,0.0,78,11,1
39,0,1.0,0.0,48,2,3
68,0,0.32054794520547947,0.0,78,3,3
44,1,1.0,16285.0,40,10,3
58,0,1.0,0.0,66,10,1
75,0,0.8493150684931506,0.0,40,1,2
36,0,1.0,0.0,55,1,2
45,0,1.0,0.0,40,9,3
49,0,0.08493150684931507,0.0,40,1,2
53,0,1.0,0.0,106,11,1
56,1,0.8465753424657534,91854.0,50,10,2
64,0,0.8383561643835616,0.0,43,6,1
33,1,1.0,108165.0,65,2,3
40,0,1.0,0.0,98,5,1
81,0,1.0,0.0,33,1,3
51,1,0.9643835616438357,55000.0,82,1,2
24,0,1.0,0.0,72,8,1
35,0,0.4136986301369863,0.0,47,8,1
49,0,1.0,0.0,66,11,2
32,0,1.0,0.0,52,12,1
24,0,0.16164383561643836,0.0,25,10,2
43,0,1.0,0.0,65,1,2
26,0,1.0,0.0,50,11,2
29,0,1.0,0.0,51,3,1
66,0,1.0,0.0,66,1,2
82,0,1.0,0.0,29,4,1
67,0,1.0,0.0,68,1,1
40,0,1.0,0.0,40,5,3
64,0,1.0,0.0,57,1,1
54,0,1.0,0.0,57,2,1
44,0,1.0,0.0,40,1,1
29,0,1.0,0.0,60,12,1
59,0,1.0,0.0,55,1,2
45,0,1.0,0.0,44,2,3
63,0,1.0,0.0,51,2,3
52,0,0.12054794520547946,0.0,77,12,3
66,0,1.0,0.0,138,1,2
28,0,0.27945205479452057,0.0,60,6,3
61,1,1.0,2841.0,44,1,3
52,0,1.0,0.0,62,9,2
57,0,1.0,0.0,55,1,2
37,0,1.0,0.0,61,10,1
42,0,1.0,0.0,48,1,1
51,0,0.5452054794520548,0.0,81,1,1
29,0,1.0,0.0,40,12,1
37,0,0.873972602739726,0.0,72,1,1
58,0,0.3589041095890411,0.0,55,1,1
51,0,1.0,0.0,25,6,3
39,0,1.0,0.0,68,12,2
48,1,1.0,6510.0,62,1,2
32,0,0.38904109589041097,0.0,55,6,1
48,0,1.0,0.0,44,1,3
33,0,1.0,0.0,34,3,1
33,0,1.0,0.0,66,2,3
67,2,0.8821917808219178,46224.0,55,1,1
42,0,1.0,0.0,40,1,3
49,1,0.4273972602739726,64362.0,83,5,2
68,0,1.0,0.0,50,12,3
37,0,1.0,0.0,43,1,1
77,0,1.0,0.0,51,6,3
29,0,1.0,0.0,34,7,1
32,0,1.0,0.0,60,10,2
65,0,1.0,0.0,60,7,1
45,0,0.03561643835616438,0.0,49,2,2
38,0,1.0,0.0,70,3,1
45,0,1.0,0.0,66,11,3
50,0,1.0,0.0,74,1,3
41,0,1.0,0.0,92,6,1
50,0,1.0,0.0,92,2,3
57,0,0.39452054794520547,0.0,68,1,2
64,0,1.0,0.0,40,2,1
40,0,1.0,0.0,44,17,1
64,0,1.0,0.0,66,8,2
33,0,1.0,0.0,96,1,1
65,0,1.0,0.0,65,6,1
51,0,1.0,0.0,53,3,1
32,0,1.0,0.0,53,1,3
45,1,1.0,78381.0,40,2,1
39,0,1.0,0.0,53,5,3
80,0,0.6438356164383562,0.0,50,7,2
44,0,1.0,0.0,55,12,1
44,0,1.0,0.0,44,12,2
23,0,0.9013698630136986,0.0,66,10,2
48,0,1.0,0.0,66,12,3
49,1,1.0,77894.0,66,1,2
42,1,1.0,57540.0,40,2,1
43,1,1.0,57540.0,55,5,2
37,0,0.5123287671232877,0.0,57,1,2
36,1,0.4958904109589041,122202.0,55,10,1
66,0,1.0,0.0,26,1,3
58,0,1.0,0.0,33,7,1
35,0,1.0,0.0,44,1,1
51,0,1.0,0.0,66,11,1
45,0,1.0,0.0,46,11,1
28,0,0.16164383561643836,0.0,39,12,1
40,1,1.0,57540.0,66,1,1
44,0,1.0,0.0,55,1,3
71,0,1.0,0.0,44,8,1
40,1,1.0,206844.0,40,1,3
78,1,1.0,5808.0,96,1,3
66,1,1.0,8053.0,54,2,1
26,0,1.0,0.0,40,4,1
54,0,1.0,0.0,47,1,2
26,0,0.4054794520547945,0.0,33,12,3
39,0,1.0,0.0,60,6,1
52,0,1.0,0.0,43,1,3
42,0,1.0,0.0,55,6,1
49,0,1.0,0.0,48,15,2
54,0,0.3315068493150685,0.0,98,11,2
28,1,1.0,121902.0,27,10,2
48,0,1.0,0.0,40,3,3
36,0,1.0,0.0,40,6,2
30,1,0.8657534246575342,173060.0,60,11,3
44,0,0.4054794520547945,0.0,67,3,3
45,0,0.08767123287671233,0.0,66,12,2
36,0,1.0,0.0,66,1,3
66,0,1.0,0.0,51,1,1
35,0,1.0,0.0,70,5,1
78,0,1.0,0.0,51,6,2
72,0,1.0,0.0,40,1,2
73,0,1.0,0.0,59,1,3
60,0,0.915068493150685,0.0,51,2,1
37,0,1.0,0.0,66,2,2
51,0,1.0,0.0,48,1,1
60,0,0.673972602739726,0.0,60,12,2
32,0,1.0,0.0,36,1,1
48,0,1.0,0.0,74,6,3
59,0,1.0,0.0,66,2,2
24,0,0.7835616438356164,0.0,40,2,1
74,0,1.0,0.0,51,1,1
49,0,1.0,0.0,76,2,1
44,0,0.32054794520547947,0.0,40,1,1
37,0,1.0,0.0,46,5,1
36,0,0.4328767123287671,0.0,66,1,3
29,0,1.0,0.0,96,7,3
29,0,0.1643835616438356,0.0,55,2,1
43,0,1.0,0.0,65,11,1
51,0,1.0,0.0,70,1,1
33,0,1.0,0.0,65,15,3
51,0,1.0,0.0,40,12,2
79,0,1.0,0.0,40,6,1
45,0,1.0,0.0,48,11,1
36,0,1.0,0.0,55,2,3
33,0,1.0,0.0,43,9,2
48,0,1.0,0.0,25,12,3
25,0,1.0,0.0,36,2,2
47,0,0.8027397260273973,0.0,83,13,1
51,1,1.0,57540.0,33,9,1
57,0,1.0,0.0,59,3,2
71,0,1.0,0.0,55,10,1
48,0,1.0,0.0,50,2,1
51,0,1.0,0.0,43,1,1
55,0,1.0,0.0,33,1,3
39,0,0.25205479452054796,0.0,55,1,2
61,0,1.0,0.0,44,12,3
66,0,1.0,0.0,50,1,2
75,0,1.0,0.0,94,3,3
59,0,0.5726027397260274,0.0,60,1,1
76,0,1.0,0.0,66,1,3
46,0,0.5041095890410959,0.0,43,1,1
59,0,1.0,0.0,66,2,3
63,0,1.0,0.0,105,12,3
51,0,1.0,0.0,33,2,1
40,0,0.18082191780821918,0.0,55,1,3
77,0,1.0,0.0,55,1,1
50,0,1.0,0.0,55,1,3
39,0,1.0,0.0,70,12,1
51,0,1.0,0.0,66,12,3
21,0,1.0,0.0,44,12,1
38,0,1.0,0.0,51,5,0
52,0,1.0,0.0,42,2,1
48,0,1.0,0.0,36,2,3
24,0,1.0,0.0,74,10,2
53,0,1.0,0.0,40,8,1
37,0,1.0,0.0,220,6,2
55,0,1.0,0.0,81,1,2
45,0,1.0,0.0,53,3,2
40,0,1.0,0.0,33,2,1
36,0,0.7945205479452054,0.0,92,11,1
37,0,1.0,0.0,42,1,2
81,1,1.0,70007.0,47,1,1
53,0,1.0,0.0,53,3,1
52,0,1.0,0.0,47,7,2
46,0,0.2136986301369863,0.0,40,1,1
37,1,1.0,46000.0,62,1,1
62,1,1.0,3328.0,33,8,0
52,0,0.5780821917808219,0.0,44,6,1
60,0,1.0,0.0,34,1,2
33,1,1.0,28684.0,55,1,1
61,1,1.0,6066.0,33,2,3
42,0,0.7890410958904109,0.0,40,5,3
49,0,1.0,0.0,44,3,2
39,0,1.0,0.0,96,3,2
38,0,1.0,0.0,66,2,3
55,0,1.0,0.0,55,1,2
32,0,1.0,0.0,66,5,3
40,1,0.684931506849315,216761.0,110,2,1
55,0,1.0,0.0,65,1,1
28,0,1.0,0.0,42,1,2
60,0,1.0,0.0,44,10,2
28,2,1.0,9117.0,85,1,1
67,0,1.0,0.0,50,1,3
63,0,1.0,0.0,90,6,1
49,3,0.7753424657534247,132839.0,50,10,3
23,0,0.863013698630137,0.0,100,1,3
48,0,0.0027397260273972603,0.0,51,5,1
61,0,1.0,0.0,69,12,1
62,0,0.6657534246575343,0.0,45,1,3
27,0,0.4410958904109589,0.0,44,6,2
34,1,0.8410958904109589,2710.0,34,2,1
65,0,1.0,0.0,44,2,3
71,0,1.0,0.0,66,9,1
39,0,1.0,0.0,60,1,2
36,0,0.31232876712328766,0.0,40,2,1
49,0,1.0,0.0,78,1,1
52,0,0.5287671232876713,0.0,37,1,1
29,0,0.3287671232876712,0.0,39,1,3
33,0,1.0,0.0,55,2,3
48,0,0.6191780821917808,0.0,33,2,1
49,0,1.0,0.0,53,1,1
62,0,0.8958904109589041,0.0,85,2,3
55,0,0.6493150684931507,0.0,40,1,1
28,1,1.0,2625.0,55,6,1
40,1,1.0,186552.0,141,1,1
31,0,1.0,0.0,60,1,3
44,0,1.0,0.0,150,1,2
51,0,1.0,0.0,60,1,3
61,0,0.8410958904109589,0.0,64,1,1
32,0,1.0,0.0,48,1,1
52,0,1.0,0.0,94,1,3
24,0,1.0,0.0,55,5,2
63,0,1.0,0.0,65,1,1
30,0,1.0,0.0,48,12,2
36,0,0.4958904109589041,0.0,83,1,3
48,0,1.0,0.0,83,1,1
37,0,0.1589041095890411,0.0,33,3,3
31,0,1.0,0.0,57,1,1
36,1,1.0,4452.0,64,6,1
45,1,1.0,390000.0,40,6,1
40,1,0.6465753424657534,56481.0,29,6,1
46,0,1.0,0.0,51,1,1
37,0,1.0,0.0,55,11,2
42,0,1.0,0.0,64,1,3
51,0,1.0,0.0,72,11,2
44,0,1.0,0.0,52,11,1
35,0,1.0,0.0,41,10,1
38,0,1.0,0.0,40,1,2
43,0,1.0,0.0,89,2,1
21,0,1.0,0.0,37,7,1
26,0,1.0,0.0,37,5,1
47,0,1.0,0.0,40,2,3
49,0,1.0,0.0,37,2,1
56,0,1.0,0.0,60,13,1
36,0,1.0,0.0,65,1,2
58,0,1.0,0.0,44,12,1
58,0,1.0,0.0,43,5,3
31,0,1.0,0.0,44,2,1
53,1,1.0,5070.0,66,1,1
68,0,1.0,0.0,145,6,3
33,0,1.0,0.0,50,1,3
66,0,1.0,0.0,42,6,1
46,0,1.0,0.0,43,15,1
66,0,1.0,0.0,51,1,2
66,0,1.0,0.0,44,11,1
60,0,1.0,0.0,64,12,2
31,0,1.0,0.0,53,12,1
39,0,1.0,0.0,40,9,1
48,0,1.0,0.0,61,8,3
40,0,1.0,0.0,66,2,1
22,0,1.0,0.0,66,1,3
44,0,0.673972602739726,0.0,55,9,2
40,0,0.2602739726027397,0.0,57,2,3
50,0,1.0,0.0,40,5,1
64,0,1.0,0.0,66,2,3
48,0,1.0,0.0,76,11,1
53,0,1.0,0.0,83,1,1
65,0,1.0,0.0,44,2,1
51,0,1.0,0.0,53,12,2
37,0,0.4876712328767123,0.0,55,12,3
37,0,1.0,0.0,87,9,1
49,0,1.0,0.0,54,2,1
43,0,0.2547945205479452,0.0,33,11,1
40,1,1.0,30575.0,37,2,2
34,1,1.0,6066.0,77,3,2
66,0,1.0,0.0,95,4,1
49,0,1.0,0.0,87,11,1
60,0,1.0,0.0,37,1,2
26,0,1.0,0.0,51,1,1
42,0,1.0,0.0,37,1,3
61,0,0.5068493150684932,0.0,69,1,3
31,0,0.4958904109589041,0.0,75,2,1
43,0,1.0,0.0,55,1,2
27,0,0.15616438356164383,0.0,55,1,2
29,0,1.0,0.0,110,10,1
35,0,0.8328767123287671,0.0,55,1,3
40,1,1.0,40320.0,52,5,3
35,0,1.0,0.0,51,2,2
38,0,0.7753424657534247,0.0,66,1,2
40,0,1.0,0.0,65,11,3
37,0,1.0,0.0,47,2,1
59,0,1.0,0.0,33,11,3
48,0,1.0,0.0,48,2,3
66,0,1.0,0.0,55,1,2
72,0,1.0,0.0,46,2,1
51,0,1.0,0.0,47,8,2
41,0,1.0,0.0,48,3,3
39,0,0.16164383561643836,0.0,40,1,1
76,0,1.0,0.0,68,1,0
42,0,1.0,0.0,35,9,2
34,0,1.0,0.0,51,2,3
46,0,1.0,0.0,66,3,1
65,1,1.0,2607.0,65,1,1
44,0,0.18356164383561643,0.0,55,11,1
43,0,1.0,0.0,69,10,2
25,0,1.0,0.0,55,1,1
55,0,1.0,0.0,40,1,2
48,0,1.0,0.0,54,1,2
34,1,0.4136986301369863,2899.0,66,1,1
50,0,1.0,0.0,78,9,3
27,0,1.0,0.0,66,3,3
47,0,1.0,0.0,87,1,2
64,0,1.0,0.0,66,1,1
83,0,1.0,0.0,65,5,3
31,0,1.0,0.0,44,1,3
62,0,1.0,0.0,98,12,3
30,0,0.2876712328767123,0.0,35,1,3
32,2,1.0,119037.0,66,6,1
27,0,1.0,0.0,55,10,1
28,0,1.0,0.0,39,2,2
51,0,1.0,0.0,91,2,3
53,0,1.0,0.0,62,5,2
43,0,1.0,0.0,51,1,1
47,0,1.0,0.0,77,12,1
29,0,1.0,0.0,50,1,2
29,0,1.0,0.0,40,1,1
49,0,0.4575342465753425,0.0,51,12,3
44,0,1.0,0.0,40,1,1
29,0,1.0,0.0,33,2,1
32,0,1.0,0.0,51,1,2
38,0,1.0,0.0,40,10,3
40,0,1.0,0.0,50,1,0
39,0,0.2356164383561644,0.0,54,1,3
66,0,1.0,0.0,40,1,2
54,0,1.0,0.0,65,1,3
42,0,1.0,0.0,55,1,3
58,1,1.0,78537.0,26,1,2
40,1,1.0,8457.0,39,5,2
72,0,1.0,0.0,43,2,3
28,0,1.0,0.0,33,1,3
58,1,1.0,5850.0,74,9,3
77,0,1.0,0.0,48,1,3
35,0,1.0,0.0,44,5,1
58,0,1.0,0.0,43,8,1
51,0,1.0,0.0,90,11,1
49,0,1.0,0.0,39,11,1
63,0,1.0,0.0,51,15,1
40,0,1.0,0.0,65,1,1
54,0,0.7534246575342466,0.0,55,1,1
34,0,1.0,0.0,44,2,1
46,2,1.0,8673.0,29,8,2
58,0,0.3150684931506849,0.0,66,9,1
45,0,1.0,0.0,43,6,2
34,1,0.5589041095890411,24184.0,40,1,3
49,0,1.0,0.0,55,1,1
52,0,0.5863013698630137,0.0,60,1,1
29,0,0.0410958904109589,0.0,66,8,3
55,0,1.0,0.0,55,5,1
38,0,1.0,0.0,40,1,3
28,0,1.0,0.0,60,1,2
59,0,1.0,0.0,40,1,2
31,0,1.0,0.0,44,2,3
33,0,1.0,0.0,85,1,1
75,0,0.5808219178082191,0.0,38,11,1
71,1,0.8273972602739726,68787.0,55,12,1
55,0,1.0,0.0,44,1,2
27,0,1.0,0.0,63,1,3
51,0,1.0,0.0,55,8,3
30,0,0.6493150684931507,0.0,40,6,1
32,1,1.0,9383.0,34,3,1
59,0,1.0,0.0,40,6,1
31,0,1.0,0.0,39,1,1
69,0,0.8273972602739726,0.0,70,2,1
31,0,0.6712328767123288,0.0,63,1,1
46,0,0.16164383561643836,0.0,51,11,3
43,0,1.0,0.0,50,2,2
82,0,1.0,0.0,55,3,1
40,1,1.0,17793.0,92,2,1
35,0,1.0,0.0,47,2,1
66,0,1.0,0.0,47,2,3
68,0,1.0,0.0,55,2,1
28,0,1.0,0.0,66,1,1
84,0,1.0,0.0,42,1,1
37,0,1.0,0.0,44,1,3
44,0,1.0,0.0,51,1,1
44,0,1.0,0.0,43,7,1
50,1,1.0,89957.0,33,1,2
24,1,0.9698630136986301,2698.0,33,15,3
33,0,1.0,0.0,98,2,2
38,0,1.0,0.0,44,3,2
53,0,0.10136986301369863,0.0,39,1,3
48,0,1.0,0.0,29,9,2
52,0,0.9972602739726028,0.0,84,10,2
60,0,1.0,0.0,62,1,1
27,0,0.18082191780821918,0.0,65,2,1
21,1,1.0,2607.0,45,1,2
38,0,1.0,0.0,51,1,3
27,1,0.8986301369863013,5784.0,90,2,3
36,0,0.9232876712328767,0.0,40,6,2
55,0,1.0,0.0,21,6,3
66,0,0.29041095890410956,0.0,85,4,1
31,1,0.7726027397260274,3430.0,64,11,1
24,0,0.3315068493150685,0.0,66,10,3
64,0,1.0,0.0,54,1,1
33,0,0.0136986301369863,0.0,55,2,3
67,0,1.0,0.0,23,12,1
48,0,1.0,0.0,75,4,1
37,0,1.0,0.0,40,1,3
29,0,1.0,0.0,85,5,2
32,0,1.0,0.0,37,2,2
55,0,1.0,0.0,29,6,2
57,0,1.0,0.0,66,1,2
46,0,0.863013698630137,0.0,51,1,3
21,0,1.0,0.0,21,2,1
57,1,1.0,64362.0,85,9,1
76,0,1.0,0.0,55,2,3
23,1,1.0,5614.0,61,5,1
60,0,1.0,0.0,51,12,2
49,0,1.0,0.0,39,2,3
42,0,1.0,0.0,90,1,1
40,0,1.0,0.0,67,2,3
41,0,1.0,0.0,184,9,2
63,0,1.0,0.0,60,2,1
39,0,0.06575342465753424,0.0,68,1,3
27,0,1.0,0.0,40,12,1
45,0,1.0,0.0,77,5,2
35,0,1.0,0.0,90,8,1
46,0,1.0,0.0,55,1,3
86,0,1.0,0.0,50,10,3
49,0,1.0,0.0,48,1,2
41,0,1.0,0.0,85,12,2
73,0,0.16712328767123288,0.0,57,1,1
40,1,1.0,48708.0,54,1,1
67,0,1.0,0.0,44,1,3
47,0,1.0,0.0,55,6,1
55,0,1.0,0.0,66,1,1
51,0,1.0,0.0,43,3,1
41,1,1.0,3544.0,83,11,2
57,0,1.0,0.0,96,3,1
47,1,1.0,60147.0,33,2,2
33,1,0.7808219178082192,139150.0,220,16,1
60,0,1.0,0.0,51,9,3
68,0,1.0,0.0,66,1,2
65,0,1.0,0.0,47,1,1
70,0,1.0,0.0,40,1,1
32,1,1.0,6066.0,44,2,2
26,0,0.17534246575342466,0.0,48,3,2
33,0,1.0,0.0,55,1,2
33,0,0.7506849315068493,0.0,40,10,1
39,0,0.5972602739726027,0.0,68,1,1
68,0,1.0,0.0,84,3,2
59,0,0.7315068493150685,0.0,30,1,3
27,0,1.0,0.0,59,1,2
46,0,0.16712328767123288,0.0,55,1,2
35,0,1.0,0.0,63,10,1
42,0,1.0,0.0,44,3,1
26,0,0.2465753424657534,0.0,47,1,1
49,1,1.0,2849.0,63,8,1
32,0,0.7698630136986301,0.0,47,8,1
46,0,1.0,0.0,32,9,3
32,0,1.0,0.0,44,2,1
26,0,0.6575342465753424,0.0,60,1,2
56,0,0.07945205479452055,0.0,100,1,3
43,0,0.7479452054794521,0.0,47,1,1
55,1,1.0,8712.0,42,6,2
66,0,1.0,0.0,94,2,1
27,0,1.0,0.0,44,11,1
32,0,1.0,0.0,66,12,1
43,0,1.0,0.0,45,6,1
51,0,1.0,0.0,110,2,3
35,0,1.0,0.0,39,2,1
37,2,1.0,60491.0,65,4,1
46,0,1.0,0.0,55,6,2
34,0,0.5917808219178082,0.0,40,10,1
53,0,1.0,0.0,103,2,3
50,0,1.0,0.0,65,7,3
30,0,0.1917808219178082,0.0,47,11,3
40,0,1.0,0.0,110,1,1
28,0,0.5013698630136987,0.0,32,6,2
49,0,1.0,0.0,48,1,1
34,1,1.0,2607.0,103,1,1
59,1,1.0,6066.0,66,11,1
71,0,1.0,0.0,44,2,3
66,0,1.0,0.0,48,6,1
46,1,1.0,55000.0,66,1,2
37,0,0.8328767123287671,0.0,40,12,2
48,0,1.0,0.0,55,7,1
27,0,1.0,0.0,51,1,3
30,0,1.0,0.0,40,1,3
69,0,1.0,0.0,75,1,2
37,0,1.0,0.0,50,9,1
62,0,0.5150684931506849,0.0,43,3,1
48,0,0.5150684931506849,0.0,40,10,2
50,0,1.0,0.0,44,8,3
35,0,1.0,0.0,54,1,1
58,0,1.0,0.0,37,1,1
25,0,0.2958904109589041,0.0,55,1,2
86,0,1.0,0.0,70,8,3
63,0,1.0,0.0,43,1,1
40,0,1.0,0.0,73,2,1
31,0,1.0,0.0,44,10,1
78,0,1.0,0.0,47,1,1
52,0,1.0,0.0,32,12,3
35,1,1.0,25000.0,66,10,1
53,1,0.4191780821917808,270.0,54,1,3
56,0,1.0,0.0,43,1,2
59,0,1.0,0.0,63,2,3
38,0,1.0,0.0,42,5,1
27,1,1.0,6534.0,82,6,2
62,1,1.0,7500.0,37,10,3
72,1,1.0,77440.0,55,1,2
28,0,1.0,0.0,83,1,3
32,0,1.0,0.0,69,2,2
32,0,1.0,0.0,151,1,2
29,0,1.0,0.0,70,2,2
48,1,1.0,44068.0,51,1,2
44,1,1.0,22741.0,55,2,1
43,0,1.0,0.0,66,2,1
30,0,1.0,0.0,55,16,2
35,0,1.0,0.0,83,3,0
62,0,1.0,0.0,77,2,1
29,0,1.0,0.0,50,1,2
38,0,1.0,0.0,49,10,3
52,0,1.0,0.0,55,1,1
76,0,1.0,0.0,43,5,1
52,0,1.0,0.0,57,14,2
29,0,1.0,0.0,80,12,3
44,0,1.0,0.0,76,1,1
32,3,1.0,95304.0,74,1,2
62,0,1.0,0.0,44,5,3
59,0,0.12602739726027398,0.0,66,9,1
54,0,1.0,0.0,38,11,2
28,0,1.0,0.0,50,2,2
50,0,1.0,0.0,79,5,3
38,0,1.0,0.0,65,15,3
74,0,1.0,0.0,54,2,2
51,0,1.0,0.0,77,1,3
24,0,1.0,0.0,65,10,2
50,0,1.0,0.0,59,7,3
63,0,1.0,0.0,43,2,1
25,0,1.0,0.0,95,2,3
70,0,1.0,0.0,44,7,2
40,0,0.13150684931506848,0.0,60,1,1
61,0,0.42191780821917807,0.0,43,2,3
35,0,1.0,0.0,47,1,1
41,1,0.7068493150684931,6284.0,41,2,2
44,0,1.0,0.0,68,10,1
26,0,1.0,0.0,85,7,2
41,0,1.0,0.0,68,1,2
30,0,0.8712328767123287,0.0,51,2,1
33,0,1.0,0.0,34,7,2
37,0,1.0,0.0,55,11,3
68,0,1.0,0.0,67,10,2
67,0,1.0,0.0,37,1,2
35,0,1.0,0.0,44,9,1
67,0,1.0,0.0,42,1,2
66,0,1.0,0.0,66,1,2
36,0,1.0,0.0,48,1,1
28,0,1.0,0.0,70,11,1
36,0,1.0,0.0,48,12,3
51,0,0.7780821917808219,0.0,40,2,1
60,0,1.0,0.0,51,8,3
48,0,0.3452054794520548,0.0,34,9,1
40,0,0.2547945205479452,0.0,94,7,3
47,0,1.0,0.0,39,2,2
43,0,1.0,0.0,68,3,1
23,0,1.0,0.0,46,12,2
68,0,1.0,0.0,76,1,1
48,0,1.0,0.0,40,1,2
52,0,1.0,0.0,29,1,1
54,0,1.0,0.0,74,10,3
39,0,1.0,0.0,43,4,1
35,1,1.0,57540.0,68,1,3
50,0,1.0,0.0,43,5,3
30,1,1.0,6922.0,55,2,3
58,0,1.0,0.0,47,2,3
35,1,1.0,6776.0,73,12,3
33,0,1.0,0.0,85,9,3
28,0,1.0,0.0,50,1,1
44,0,0.915068493150685,0.0,40,6,3
44,0,1.0,0.0,77,7,1
62,0,1.0,0.0,40,2,3
32,0,0.18904109589041096,0.0,33,1,1
43,0,1.0,0.0,51,1,1
63,0,0.1178082191780822,0.0,66,1,2
40,0,1.0,0.0,63,12,1
70,0,0.11506849315068493,0.0,40,15,2
41,0,1.0,0.0,55,1,1
33,0,0.8136986301369863,0.0,51,10,2
69,0,1.0,0.0,40,5,2
42,0,1.0,0.0,48,7,1
43,0,1.0,0.0,33,1,2
37,0,1.0,0.0,48,2,2
47,0,1.0,0.0,55,3,2
42,0,1.0,0.0,53,2,1
50,0,1.0,0.0,34,1,1
52,0,0.7479452054794521,0.0,53,1,1
65,0,1.0,0.0,60,2,2
36,0,1.0,0.0,70,1,3
21,0,0.3150684931506849,0.0,40,2,3
67,0,1.0,0.0,66,10,1
27,0,0.2547945205479452,0.0,33,1,1
55,1,1.0,63426.0,44,11,1
76,0,1.0,0.0,55,3,3
35,0,1.0,0.0,44,1,2
49,0,1.0,0.0,66,2,2
42,0,0.25753424657534246,0.0,59,1,3
36,0,0.16164383561643836,0.0,33,3,1
39,0,1.0,0.0,100,1,3
27,0,1.0,0.0,27,3,3
42,0,1.0,0.0,40,1,2
50,0,0.852054794520548,0.0,60,7,2
24,0,1.0,0.0,65,3,1
53,0,1.0,0.0,47,7,1
61,1,1.0,4452.0,66,8,1
61,0,1.0,0.0,55,10,1
40,0,1.0,0.0,40,2,2
67,1,1.0,57487.0,55,10,1
30,0,0.005479452054794521,0.0,105,6,2
60,0,1.0,0.0,40,2,1
40,0,1.0,0.0,68,1,3
29,0,0.1589041095890411,0.0,83,9,3
33,0,1.0,0.0,40,1,2
23,0,0.07945205479452055,0.0,138,1,2
25,0,1.0,0.0,65,2,3
52,0,0.7589041095890411,0.0,81,2,3
51,0,0.7835616438356164,0.0,40,5,1
50,0,0.4438356164383562,0.0,64,7,2
61,0,1.0,0.0,49,2,1
26,0,1.0,0.0,40,8,2
76,0,1.0,0.0,55,12,1
50,0,1.0,0.0,40,1,1
45,0,1.0,0.0,33,1,3
51,1,1.0,26407.0,60,1,3
46,0,1.0,0.0,68,10,1
32,0,1.0,0.0,33,9,2
52,0,0.5589041095890411,0.0,100,1,3
43,0,0.43561643835616437,0.0,60,10,1
35,0,0.3150684931506849,0.0,73,1,1
55,0,1.0,0.0,48,2,3
55,0,1.0,0.0,44,12,3
52,0,0.1643835616438356,0.0,80,1,1
76,0,1.0,0.0,66,5,1
23,0,0.2684931506849315,0.0,81,1,3
39,0,1.0,0.0,90,1,1
40,0,1.0,0.0,66,2,1
62,0,1.0,0.0,33,7,2
52,0,0.11232876712328767,0.0,81,1,3
46,0,1.0,0.0,66,1,2
49,0,0.7890410958904109,0.0,43,2,2
28,0,1.0,0.0,43,1,1
61,1,1.0,6052.0,56,4,1
63,0,1.0,0.0,58,1,1
19,0,1.0,0.0,66,1,1
38,0,1.0,0.0,43,1,1
27,0,1.0,0.0,48,12,2
50,0,1.0,0.0,55,1,1
29,0,1.0,0.0,51,1,1
35,0,1.0,0.0,75,1,1
43,0,1.0,0.0,55,2,1
33,1,0.873972602739726,32269.0,37,9,2
26,1,0.9452054794520548,128676.0,51,8,1
38,0,1.0,0.0,46,7,2
65,0,1.0,0.0,44,2,1
40,0,0.9917808219178083,0.0,85,1,3
48,0,0.2465753424657534,0.0,60,1,1
35,0,1.0,0.0,40,4,1
67,1,1.0,13500.0,44,1,2
32,0,0.5150684931506849,0.0,43,1,3
41,1,1.0,78940.0,43,1,3
37,0,1.0,0.0,33,1,2
38,0,1.0,0.0,81,2,2
48,0,1.0,0.0,85,10,1
27,0,1.0,0.0,44,2,2
32,0,1.0,0.0,44,1,1
39,0,0.08493150684931507,0.0,33,2,2
31,0,1.0,0.0,75,10,3
58,1,1.0,70189.0,66,2,1
49,0,0.947945205479452,0.0,60,1,3
41,0,1.0,0.0,40,6,1
50,0,1.0,0.0,40,3,3
51,0,1.0,0.0,55,6,3
64,0,1.0,0.0,43,12,1
52,0,1.0,0.0,55,1,2
61,0,1.0,0.0,55,1,1
49,0,1.0,0.0,40,12,3
42,0,1.0,0.0,65,1,1
67,0,1.0,0.0,94,1,2
42,0,1.0,0.0,50,8,3
45,0,1.0,0.0,55,1,2
55,0,1.0,0.0,68,6,3
62,0,1.0,0.0,54,12,2
46,0,0.2465753424657534,0.0,40,12,2
62,0,1.0,0.0,40,1,2
59,0,1.0,0.0,68,5,2
31,0,1.0,0.0,50,12,1
54,0,1.0,0.0,40,6,3
35,0,0.3041095890410959,0.0,54,2,3
47,0,1.0,0.0,68,4,1
69,0,1.0,0.0,64,5,1
57,0,1.0,0.0,90,1,1
52,0,1.0,0.0,47,1,1
26,0,1.0,0.0,44,1,1
48,0,1.0,0.0,33,9,1
64,0,0.8904109589041096,0.0,100,10,2
70,0,1.0,0.0,60,1,3
33,0,1.0,0.0,40,1,2
28,0,0.2465753424657534,0.0,74,1,1
52,0,1.0,0.0,66,1,3
28,0,0.915068493150685,0.0,46,13,1
56,0,1.0,0.0,40,3,1
50,0,1.0,0.0,33,12,3
62,0,1.0,0.0,45,11,3
77,0,1.0,0.0,65,7,1
43,0,0.30684931506849317,0.0,109,1,1
54,0,1.0,0.0,52,11,1
35,0,1.0,0.0,60,7,2
28,0,1.0,0.0,52,6,2
85,1,1.0,67069.0,29,12,3
49,0,1.0,0.0,76,1,3
51,0,1.0,0.0,47,4,3
41,0,1.0,0.0,38,2,3
50,0,1.0,0.0,60,6,1
26,0,0.3726027397260274,0.0,66,7,2
51,0,1.0,0.0,55,10,3
31,0,1.0,0.0,46,3,2
38,0,1.0,0.0,73,1,3
39,0,0.2493150684931507,0.0,58,1,3
40,0,1.0,0.0,90,5,1
32,0,1.0,0.0,75,3,2
74,0,1.0,0.0,77,7,1
37,1,0.8410958904109589,1105718.0,51,5,1
47,0,1.0,0.0,55,2,1
66,0,1.0,0.0,66,15,1
65,0,1.0,0.0,43,1,1
67,0,1.0,0.0,90,8,2
55,0,0.4136986301369863,0.0,40,1,1
49,0,1.0,0.0,66,11,0
41,0,1.0,0.0,40,1,3
27,0,1.0,0.0,55,6,3
38,1,1.0,2607.0,75,1,1
74,0,1.0,0.0,66,6,3
68,0,0.08493150684931507,0.0,52,6,1
69,0,1.0,0.0,47,6,1
69,0,1.0,0.0,49,6,2
49,0,1.0,0.0,66,1,1
70,0,1.0,0.0,51,16,1
29,0,1.0,0.0,29,1,1
46,0,1.0,0.0,55,1,1
35,0,1.0,0.0,54,6,2
74,0,1.0,0.0,65,1,1
34,0,0.5506849315068493,0.0,85,1,2
29,2,0.7342465753424657,910350.0,40,1,1
41,1,1.0,2607.0,40,2,2
49,0,1.0,0.0,50,3,3
35,0,1.0,0.0,67,1,1
76,0,1.0,0.0,33,2,2
56,0,1.0,0.0,40,12,2
24,0,0.4958904109589041,0.0,107,2,2
26,0,0.18356164383561643,0.0,55,1,2
23,0,1.0,0.0,51,1,1
53,0,1.0,0.0,55,1,2
29,1,1.0,55000.0,140,3,1
39,0,1.0,0.0,44,9,3
75,0,1.0,0.0,24,1,1
26,1,0.8301369863013699,28623.0,39,2,2
44,0,1.0,0.0,33,1,2
38,0,0.5808219178082191,0.0,40,5,2
75,0,1.0,0.0,65,4,1
52,2,0.9753424657534246,20511.0,43,9,1
40,0,1.0,0.0,39,5,3
53,0,1.0,0.0,44,1,1
44,0,1.0,0.0,138,12,1
39,0,1.0,0.0,43,2,2
42,0,1.0,0.0,59,1,1
77,1,1.0,17500.0,33,2,1
63,0,1.0,0.0,64,5,1
72,0,1.0,0.0,48,2,2
31,0,1.0,0.0,34,1,3
31,0,1.0,0.0,43,2,1
30,0,1.0,0.0,33,2,1
40,0,1.0,0.0,54,1,3
49,0,0.3561643835616438,0.0,55,6,3
45,0,1.0,0.0,47,12,1
34,0,0.7561643835616438,0.0,50,2,1
37,0,0.8,0.0,85,10,3
44,0,1.0,0.0,40,1,2
33,0,1.0,0.0,37,2,3
51,0,0.8958904109589041,0.0,60,1,3
38,0,1.0,0.0,66,6,1
75,0,1.0,0.0,51,1,2
59,0,1.0,0.0,49,1,2
55,0,1.0,0.0,66,1,1
49,1,1.0,5850.0,29,6,1
64,0,1.0,0.0,81,8,2
79,0,1.0,0.0,66,1,1
69,0,1.0,0.0,66,10,3
40,0,0.16164383561643836,0.0,37,1,3
25,0,1.0,0.0,55,8,1
67,0,1.0,0.0,77,12,1
57,0,0.6191780821917808,0.0,55,5,2
73,0,1.0,0.0,43,1,2
25,0,0.5808219178082191,0.0,48,6,0
51,0,0.8383561643835616,0.0,66,3,0
54,0,1.0,0.0,66,1,1
59,0,1.0,0.0,33,5,2
28,0,1.0,0.0,66,1,3
58,0,1.0,0.0,55,1,1
35,0,1.0,0.0,85,3,1
26,0,1.0,0.0,43,1,1
38,0,1.0,0.0,51,10,3
49,0,1.0,0.0,58,1,1
45,0,1.0,0.0,70,16,3
65,0,0.8328767123287671,0.0,62,1,3
30,0,1.0,0.0,45,6,3
48,0,1.0,0.0,30,1,2
34,0,0.6657534246575343,0.0,55,2,2
40,0,1.0,0.0,54,1,1
71,0,1.0,0.0,33,6,3
76,0,1.0,0.0,54,6,1
38,0,1.0,0.0,40,10,1
46,0,1.0,0.0,66,1,1
45,0,1.0,0.0,59,3,3
44,0,0.2684931506849315,0.0,47,2,1
40,1,1.0,20932.0,44,1,3
42,0,1.0,0.0,55,1,3
36,0,1.0,0.0,43,1,1
34,0,1.0,0.0,44,2,3
27,0,1.0,0.0,41,1,2
26,0,1.0,0.0,74,3,2
41,1,1.0,57540.0,89,1,2
46,1,1.0,60147.0,58,12,1
78,0,0.09041095890410959,0.0,37,1,1
64,0,1.0,0.0,43,1,3
61,0,1.0,0.0,115,7,3
41,0,1.0,0.0,50,3,2
38,0,1.0,0.0,85,1,2
60,0,1.0,0.0,48,11,1
58,1,1.0,6284.0,40,1,1
52,0,1.0,0.0,55,2,3
32,0,0.4465753424657534,0.0,38,1,3
37,0,1.0,0.0,51,14,3
30,1,1.0,6764.0,47,1,0
63,1,1.0,57540.0,62,3,1
38,0,1.0,0.0,125,3,3
29,0,0.10410958904109589,0.0,51,3,2
45,0,1.0,0.0,58,6,1
30,0,0.2465753424657534,0.0,40,6,1
40,1,1.0,5850.0,55,1,3
25,0,1.0,0.0,85,10,2
50,0,1.0,0.0,44,2,1
34,0,1.0,0.0,43,3,3
46,0,1.0,0.0,25,2,1
54,2,0.9232876712328767,133439.0,50,1,1
31,0,0.6328767123287671,0.0,43,5,3
66,0,1.0,0.0,77,6,2
39,0,0.26575342465753427,0.0,110,1,3
38,0,1.0,0.0,55,10,3
61,0,1.0,0.0,47,1,1
53,0,1.0,0.0,40,1,1
48,0,1.0,0.0,44,2,3
40,0,0.7698630136986301,0.0,95,10,1
55,0,1.0,0.0,63,1,1
46,0,1.0,0.0,66,12,1
42,0,1.0,0.0,69,7,2
68,1,1.0,124509.0,44,2,3
41,0,1.0,0.0,103,1,3
69,0,1.0,0.0,48,1,1
55,0,1.0,0.0,55,1,1
20,1,1.0,5458.0,40,12,1
47,0,0.5534246575342465,0.0,51,1,1
34,0,1.0,0.0,40,1,1
31,0,0.2219178082191781,0.0,67,12,2
49,0,1.0,0.0,55,1,1
74,0,1.0,0.0,44,6,1
48,0,1.0,0.0,50,4,1
45,0,1.0,0.0,55,9,3
36,0,1.0,0.0,66,8,1
64,0,1.0,0.0,42,3,2
61,0,0.8301369863013699,0.0,44,7,3
72,0,1.0,0.0,40,2,2
48,0,1.0,0.0,78,2,2
60,0,1.0,0.0,33,11,2
58,0,1.0,0.0,55,2,1
63,0,1.0,0.0,42,1,1
61,0,1.0,0.0,47,6,3
45,0,1.0,0.0,55,4,1
68,0,1.0,0.0,47,2,3
49,0,1.0,0.0,39,1,1
31,1,1.0,6922.0,48,1,3
57,0,1.0,0.0,87,3,1
59,0,1.0,0.0,66,2,2
31,0,1.0,0.0,105,1,3
61,0,0.06575342465753424,0.0,58,12,1
70,0,0.9178082191780822,0.0,66,1,3
23,0,1.0,0.0,60,1,3
47,0,1.0,0.0,29,13,3
50,0,1.0,0.0,89,2,2
30,1,1.0,7390.0,40,8,1
66,0,1.0,0.0,47,1,3
48,0,1.0,0.0,32,5,1
72,0,0.09863013698630137,0.0,25,1,3
30,0,0.0410958904109589,0.0,33,3,2
44,0,1.0,0.0,40,7,2
39,0,1.0,0.0,73,5,3
37,0,1.0,0.0,48,2,2
38,0,1.0,0.0,59,4,1
51,0,1.0,0.0,65,5,1
59,0,1.0,0.0,65,6,2
25,0,1.0,0.0,40,2,2
50,0,1.0,0.0,55,1,2
53,0,1.0,0.0,90,3,3
28,0,0.7013698630136986,0.0,46,9,2
23,1,0.4986301369863014,210.0,33,1,1
38,0,0.3095890410958904,0.0,44,3,2
25,0,0.5041095890410959,0.0,85,2,1
66,0,1.0,0.0,39,2,1
55,0,1.0,0.0,65,1,3
36,0,1.0,0.0,44,1,1
74,0,1.0,0.0,41,1,1
47,2,1.0,90431.0,66,2,1
50,0,1.0,0.0,60,3,3
25,0,1.0,0.0,65,3,2
25,0,1.0,0.0,54,5,2
47,0,1.0,0.0,55,1,1
45,0,1.0,0.0,55,15,1
46,0,1.0,0.0,66,1,1
22,0,1.0,0.0,51,10,3
72,0,1.0,0.0,51,6,3
58,0,1.0,0.0,47,1,1
62,1,1.0,525000.0,40,2,1
61,0,1.0,0.0,49,8,3
29,0,1.0,0.0,63,12,3
52,0,1.0,0.0,43,5,1
61,0,1.0,0.0,74,1,1
40,0,1.0,0.0,51,1,2
29,0,0.27671232876712326,0.0,57,8,1
43,0,1.0,0.0,67,1,1
32,0,1.0,0.0,81,3,1
44,0,1.0,0.0,85,14,2
55,0,1.0,0.0,52,1,2
42,0,0.8301369863013699,0.0,40,8,2
32,0,0.6328767123287671,0.0,40,1,1
60,0,1.0,0.0,55,5,1
80,0,1.0,0.0,44,1,3
50,0,0.8657534246575342,0.0,65,17,2
72,0,1.0,0.0,40,8,2
47,1,1.0,5850.0,69,2,1
41,0,1.0,0.0,85,6,1
39,0,0.6164383561643836,0.0,40,8,2
61,0,1.0,0.0,66,2,2
24,0,0.7452054794520548,0.0,55,11,3
38,0,1.0,0.0,66,1,2
77,0,1.0,0.0,46,1,1
30,0,1.0,0.0,55,2,2
69,0,1.0,0.0,42,9,1
46,0,1.0,0.0,55,1,2
53,0,1.0,0.0,66,12,3
46,0,1.0,0.0,58,2,1
71,0,1.0,0.0,48,6,1
43,0,1.0,0.0,44,10,1
49,0,1.0,0.0,46,14,3
31,0,1.0,0.0,66,1,1
49,0,1.0,0.0,75,5,1
70,0,1.0,0.0,43,1,3
77,0,1.0,0.0,33,2,2
74,0,1.0,0.0,33,10,3
48,0,1.0,0.0,44,10,2
35,0,0.1780821917808219,0.0,51,2,1
75,0,1.0,0.0,46,1,2
26,0,1.0,0.0,48,1,1
24,0,1.0,0.0,59,6,2
56,0,1.0,0.0,65,2,2
40,2,1.0,132188.0,35,3,1
43,0,0.915068493150685,0.0,34,12,2
28,0,1.0,0.0,44,1,3
58,0,0.18356164383561643,0.0,49,11,1
31,0,1.0,0.0,33,16,1
64,0,1.0,0.0,51,10,1
39,0,0.01643835616438356,0.0,66,2,1
44,0,1.0,0.0,39,1,2
37,0,1.0,0.0,48,10,2
76,0,0.31232876712328766,0.0,39,3,3
37,0,1.0,0.0,55,10,1
45,0,0.12876712328767123,0.0,47,11,3
23,0,0.9123287671232877,0.0,66,2,1
55,0,1.0,0.0,42,9,2
59,0,1.0,0.0,47,2,2
66,0,1.0,0.0,44,1,2
23,0,1.0,0.0,55,1,1
75,0,1.0,0.0,42,8,1
65,0,1.0,0.0,47,1,3
51,0,1.0,0.0,66,2,2
60,0,1.0,0.0,40,2,1
40,0,1.0,0.0,81,6,3
72,0,1.0,0.0,41,2,2
65,0,1.0,0.0,51,11,1
33,1,0.41643835616438357,510000.0,66,1,2
69,0,1.0,0.0,66,1,1
50,0,0.6904109589041096,0.0,74,1,3
43,0,1.0,0.0,108,6,2
66,0,1.0,0.0,65,1,1
21,0,1.0,0.0,40,8,3
51,0,1.0,0.0,70,1,3
33,0,0.3506849315068493,0.0,42,6,2
44,1,1.0,2607.0,70,2,2
53,0,1.0,0.0,55,1,2
68,0,0.8328767123287671,0.0,55,1,1
26,0,1.0,0.0,108,2,2
41,0,1.0,0.0,38,6,1
41,0,1.0,0.0,55,1,3
54,0,1.0,0.0,63,11,3
50,0,1.0,0.0,54,2,2
54,0,0.915068493150685,0.0,43,2,3
52,0,1.0,0.0,40,1,1
29,0,0.5808219178082191,0.0,40,6,1
34,1,1.0,2849.0,40,1,3
51,0,1.0,0.0,47,21,2
56,0,0.6164383561643836,0.0,44,5,1
36,0,0.7013698630136986,0.0,85,1,1
32,0,1.0,0.0,64,8,2
70,0,1.0,0.0,43,3,1
44,0,0.4794520547945205,0.0,63,1,2
48,0,1.0,0.0,66,1,3
59,0,1.0,0.0,47,11,2
47,1,1.0,121902.0,74,2,1
48,0,1.0,0.0,55,1,1
46,0,1.0,0.0,25,5,3
27,0,1.0,0.0,44,2,3
65,0,1.0,0.0,44,2,2
47,0,1.0,0.0,44,8,1
46,0,0.7589041095890411,0.0,40,1,1
76,0,1.0,0.0,55,6,1
48,1,1.0,2876.0,47,3,2
47,0,1.0,0.0,64,7,1
66,0,1.0,0.0,74,2,2
49,0,1.0,0.0,43,8,3
64,0,0.2876712328767123,0.0,74,1,3
45,0,0.6547945205479452,0.0,33,1,2
40,0,1.0,0.0,55,2,3
29,0,1.0,0.0,74,3,3
40,0,1.0,0.0,98,1,3
32,0,1.0,0.0,59,2,2
36,0,0.8931506849315068,0.0,51,5,3
51,0,1.0,0.0,51,1,3
36,0,1.0,0.0,43,1,1
34,1,1.0,6066.0,67,6,1
67,0,0.410958904109589,0.0,55,2,1
49,0,1.0,0.0,55,1,1
31,0,1.0,0.0,50,1,2
35,0,1.0,0.0,87,6,2
51,0,0.8438356164383561,0.0,44,2,3
30,0,1.0,0.0,43,10,2
21,0,0.7726027397260274,0.0,77,6,2
48,0,1.0,0.0,92,3,1
72,1,1.0,5954.0,40,2,3
34,1,0.4602739726027397,5850.0,42,1,1
43,0,1.0,0.0,47,2,2
44,0,1.0,0.0,35,2,1
23,0,1.0,0.0,44,1,2
41,0,1.0,0.0,43,1,2
80,0,0.6520547945205479,0.0,47,6,3
27,0,0.9013698630136986,0.0,37,12,2
57,0,1.0,0.0,39,1,2
52,0,1.0,0.0,53,2,1
47,0,1.0,0.0,85,1,1
28,0,1.0,0.0,40,11,1
73,0,1.0,0.0,40,1,2
43,0,1.0,0.0,40,1,1
45,0,1.0,0.0,40,2,2
52,0,1.0,0.0,51,6,2
39,0,1.0,0.0,53,6,1
28,0,0.3972602739726027,0.0,47,2,1
27,0,1.0,0.0,44,9,1
74,0,1.0,0.0,34,1,2
45,1,0.2465753424657534,848276.0,65,1,1
52,0,1.0,0.0,55,1,1
33,0,0.36164383561643837,0.0,47,2,1
37,0,1.0,0.0,50,10,2
61,0,1.0,0.0,53,1,1
38,0,1.0,0.0,43,10,1
24,0,1.0,0.0,75,9,1
32,0,0.30684931506849317,0.0,33,2,1
57,0,1.0,0.0,43,1,3
60,0,1.0,0.0,40,9,2
40,0,0.9643835616438357,0.0,37,1,2
51,0,0.726027397260274,0.0,60,6,1
25,0,1.0,0.0,51,3,1
27,1,1.0,111245.0,59,12,2
33,0,1.0,0.0,49,2,2
66,0,1.0,0.0,55,8,2
45,0,1.0,0.0,80,16,3
41,0,1.0,0.0,66,11,3
47,0,1.0,0.0,33,2,2
74,0,1.0,0.0,66,1,2
61,0,1.0,0.0,62,1,3
31,0,0.3041095890410959,0.0,37,12,2
27,0,1.0,0.0,40,19,2
74,0,1.0,0.0,54,2,2
41,0,1.0,0.0,60,1,3
34,0,1.0,0.0,66,11,3
50,0,1.0,0.0,55,1,1
34,0,1.0,0.0,47,1,1
20,2,1.0,12014.0,29,16,2
46,0,0.18082191780821918,0.0,40,3,3
38,1,1.0,39570.0,66,1,1
47,0,1.0,0.0,66,6,1
41,0,0.19452054794520549,0.0,90,5,1
55,0,1.0,0.0,59,1,3
48,0,1.0,0.0,51,4,3
30,1,0.7506849315068493,6534.0,61,1,2
43,0,1.0,0.0,58,12,1
70,0,1.0,0.0,83,1,1
51,0,1.0,0.0,70,3,1
33,0,0.5917808219178082,0.0,37,12,2
60,0,0.5589041095890411,0.0,44,1,1
40,0,1.0,0.0,54,1,1
80,0,1.0,0.0,43,5,1
30,0,0.4410958904109589,0.0,43,9,3
42,1,1.0,3842.0,55,12,1
39,0,1.0,0.0,37,1,3
33,0,1.0,0.0,53,8,2
27,0,1.0,0.0,33,1,3
32,0,1.0,0.0,47,10,1
60,0,1.0,0.0,66,1,3
48,0,1.0,0.0,85,1,2
26,0,1.0,0.0,34,1,2
50,0,1.0,0.0,52,1,1
39,0,0.3643835616438356,0.0,55,2,1
45,0,1.0,0.0,49,10,2
66,0,1.0,0.0,51,1,2
37,0,0.0027397260273972603,0.0,60,2,2
42,0,0.1726027397260274,0.0,43,1,1
47,0,0.038356164383561646,0.0,74,5,3
45,0,1.0,0.0,47,5,1
44,0,1.0,0.0,55,1,1
46,0,1.0,0.0,53,11,1
71,0,1.0,0.0,110,1,1
27,0,1.0,0.0,89,9,3
48,0,1.0,0.0,58,1,1
40,1,1.0,18745.0,68,12,0
29,0,0.7698630136986301,0.0,43,2,3
51,0,1.0,0.0,83,1,1
63,0,1.0,0.0,43,1,1
40,0,0.7698630136986301,0.0,60,6,2
24,0,1.0,0.0,40,1,1
53,0,1.0,0.0,40,1,1
63,0,1.0,0.0,60,1,1
70,0,1.0,0.0,51,1,1
74,0,1.0,0.0,44,6,1
54,0,1.0,0.0,40,10,3
61,0,1.0,0.0,40,1,3
58,1,1.0,18591.0,66,4,3
50,2,1.0,52644.0,40,3,1
46,0,0.6328767123287671,0.0,40,1,3
29,0,1.0,0.0,55,1,1
65,0,0.8328767123287671,0.0,33,11,1
52,0,0.3041095890410959,0.0,55,11,2
39,0,1.0,0.0,69,11,1
49,2,1.0,7791.0,55,1,3
67,0,1.0,0.0,44,6,3
35,0,0.03287671232876712,0.0,40,9,2
31,1,1.0,6350.0,106,1,3
28,0,0.0547945205479452,0.0,32,1,1
49,1,0.9424657534246575,51900.0,40,2,3
61,0,1.0,0.0,66,1,2
74,1,1.0,6066.0,47,8,3
41,0,1.0,0.0,60,5,2
46,0,1.0,0.0,70,5,1
62,0,1.0,0.0,60,1,1
56,0,1.0,0.0,55,13,3
22,0,1.0,0.0,74,1,1
77,0,1.0,0.0,36,1,3
50,0,1.0,0.0,54,7,1
70,0,0.4383561643835616,0.0,77,2,1
41,0,1.0,0.0,64,6,3
52,0,1.0,0.0,47,1,1
63,0,1.0,0.0,52,2,1
30,0,0.4136986301369863,0.0,70,4,2
57,0,1.0,0.0,85,1,1
28,2,0.8657534246575342,184972.0,55,1,2
57,0,0.17534246575342466,0.0,75,2,3
67,0,1.0,0.0,42,1,3
48,0,0.8328767123287671,0.0,44,6,2
49,0,0.25205479452054796,0.0,105,1,3
48,0,1.0,0.0,55,11,2
43,0,1.0,0.0,51,2,3
34,1,1.0,55000.0,43,1,2
62,0,1.0,0.0,66,5,2
23,0,1.0,0.0,51,1,1
47,0,1.0,0.0,34,1,3
52,0,0.4273972602739726,0.0,55,9,1
68,0,1.0,0.0,47,1,3
66,0,1.0,0.0,66,3,1
42,0,1.0,0.0,55,2,2
57,0,1.0,0.0,47,6,1
61,1,1.0,53137.0,51,6,2
22,0,1.0,0.0,60,2,2
33,0,0.29041095890410956,0.0,44,2,2
28,0,1.0,0.0,44,5,1
42,0,1.0,0.0,55,1,1
44,0,0.5534246575342465,0.0,33,10,3
19,0,1.0,0.0,50,11,3
65,1,1.0,5736.0,57,2,3
50,0,1.0,0.0,85,1,1
49,1,1.0,57540.0,55,2,1
77,0,1.0,0.0,52,2,1
46,0,1.0,0.0,40,1,1
82,1,0.8684931506849315,40631.0,44,11,3
33,0,0.7589041095890411,0.0,43,3,2
33,0,0.5123287671232877,0.0,110,2,2
26,0,1.0,0.0,58,1,2
49,0,1.0,0.0,41,2,3
34,2,1.0,8566.0,44,1,3
56,0,1.0,0.0,41,3,1
58,1,0.11232876712328767,82006.0,94,1,3
56,0,1.0,0.0,66,1,3
53,0,1.0,0.0,54,2,1
33,0,1.0,0.0,51,12,1
30,0,1.0,0.0,53,12,2
64,0,1.0,0.0,55,7,1
39,0,0.030136986301369864,0.0,43,2,3
66,0,1.0,0.0,48,2,1
41,0,0.6821917808219178,0.0,21,6,1
35,0,1.0,0.0,40,8,1
28,0,0.2,0.0,66,1,1
72,0,1.0,0.0,40,1,2
49,1,1.0,7883.0,66,1,3
73,0,1.0,0.0,40,22,1
57,0,1.0,0.0,66,16,3
41,0,0.9095890410958904,0.0,77,1,3
75,0,1.0,0.0,77,6,1
41,0,1.0,0.0,66,12,1
42,0,0.7479452054794521,0.0,60,2,3
44,0,1.0,0.0,43,1,2
37,0,0.4821917808219178,0.0,63,14,1
75,0,1.0,0.0,60,10,3
52,0,1.0,0.0,66,1,2
36,0,1.0,0.0,40,11,1
40,0,1.0,0.0,44,7,3
27,0,1.0,0.0,51,12,1
28,1,1.0,57540.0,50,2,3
36,0,0.8712328767123287,0.0,105,1,1
35,0,1.0,0.0,61,9,3
54,1,1.0,57540.0,37,9,2
70,0,1.0,0.0,110,4,3
51,0,0.6383561643835617,0.0,40,1,1
82,0,1.0,0.0,65,2,1
45,0,1.0,0.0,85,2,3
66,0,1.0,0.0,55,1,2
33,0,1.0,0.0,40,1,3
31,0,1.0,0.0,66,2,3
30,0,0.11232876712328767,0.0,40,1,1
54,0,1.0,0.0,52,1,1
63,0,1.0,0.0,33,1,2
41,0,0.25205479452054796,0.0,47,3,1
36,1,1.0,7260.0,40,2,1
52,0,1.0,0.0,87,12,1
25,0,1.0,0.0,70,1,1
71,0,1.0,0.0,73,1,1
32,0,1.0,0.0,53,6,1
31,0,0.3150684931506849,0.0,32,1,1
32,0,0.3287671232876712,0.0,35,6,2
30,0,1.0,0.0,40,10,3
29,0,1.0,0.0,55,3,1
23,0,1.0,0.0,83,1,1
43,0,1.0,0.0,55,1,1
42,1,1.0,2607.0,66,1,2
47,0,0.4958904109589041,0.0,66,2,3
23,0,1.0,0.0,66,1,2
33,0,1.0,0.0,39,11,3
60,0,0.4054794520547945,0.0,47,6,1
46,0,1.0,0.0,68,1,3
27,0,1.0,0.0,65,16,3
32,0,1.0,0.0,59,1,2
47,0,1.0,0.0,32,1,1
64,0,1.0,0.0,40,1,2
39,1,1.0,3018.0,44,11,2
29,1,0.4191780821917808,26684.0,52,1,2
28,0,1.0,0.0,75,1,3
54,1,1.0,2638.0,54,2,3
46,0,1.0,0.0,66,1,3
28,0,1.0,0.0,92,1,3
61,0,1.0,0.0,44,1,3
33,0,0.6657534246575343,0.0,81,2,3
61,0,1.0,0.0,55,1,1
64,1,1.0,273.0,40,6,3
48,0,1.0,0.0,40,1,2
64,0,0.41643835616438357,0.0,49,7,1
51,0,1.0,0.0,81,8,1
62,0,1.0,0.0,54,4,3
22,0,0.16164383561643836,0.0,59,12,2
69,0,1.0,0.0,129,1,1
43,0,1.0,0.0,103,6,1
48,0,1.0,0.0,50,15,2
33,0,0.6575342465753424,0.0,53,1,1
32,0,1.0,0.0,53,3,1
41,0,1.0,0.0,63,5,1
25,0,0.5178082191780822,0.0,40,2,1
33,0,1.0,0.0,65,1,1
60,0,1.0,0.0,55,1,1
46,1,1.0,5662.0,50,12,1
72,0,1.0,0.0,55,2,3
64,0,1.0,0.0,55,3,2
53,1,1.0,5784.0,44,5,3
58,0,1.0,0.0,132,6,2
47,0,1.0,0.0,53,1,2
39,0,0.6465753424657534,0.0,40,1,1
76,0,1.0,0.0,52,8,1
38,0,0.6547945205479452,0.0,68,7,3
41,0,1.0,0.0,40,1,1
34,0,1.0,0.0,40,8,3
51,0,1.0,0.0,66,10,1
75,1,1.0,10339.0,29,1,3
55,0,1.0,0.0,51,12,3
41,0,0.7726027397260274,0.0,68,10,2
61,0,1.0,0.0,100,2,3
35,0,0.1726027397260274,0.0,105,8,2
57,0,1.0,0.0,33,1,2
48,0,1.0,0.0,69,2,2
47,0,1.0,0.0,32,6,2
52,0,1.0,0.0,40,10,1
63,1,1.0,2840.0,62,1,2
34,0,1.0,0.0,42,4,1
70,0,1.0,0.0,47,1,2
28,1,1.0,14654.0,55,2,2
36,0,0.6027397260273972,0.0,60,12,3
62,0,0.7561643835616438,0.0,44,7,2
33,0,1.0,0.0,66,1,1
18,0,0.18904109589041096,0.0,33,1,2
21,0,1.0,0.0,51,5,1
41,0,0.25753424657534246,0.0,61,1,1
46,0,1.0,0.0,85,1,2
52,0,1.0,0.0,32,1,3
30,0,1.0,0.0,70,5,1
65,0,1.0,0.0,40,2,1
49,0,1.0,0.0,55,7,1
30,1,0.1232876712328767,63414.0,55,1,2
30,0,0.10410958904109589,0.0,39,2,2
69,0,1.0,0.0,81,2,2
37,0,1.0,0.0,52,1,2
55,0,1.0,0.0,51,1,3
50,0,1.0,0.0,82,1,1
43,0,1.0,0.0,55,5,2
53,0,1.0,0.0,66,6,2
50,1,1.0,354233.0,66,1,3
52,0,1.0,0.0,101,1,1
71,0,1.0,0.0,47,9,3
85,0,1.0,0.0,40,4,3
23,0,1.0,0.0,55,1,2
41,0,0.6657534246575343,0.0,40,6,2
26,0,1.0,0.0,66,2,3
42,0,1.0,0.0,33,4,3
31,1,1.0,2607.0,66,2,1
56,0,1.0,0.0,62,1,1
73,0,1.0,0.0,68,1,3
69,0,1.0,0.0,64,5,1
38,0,1.0,0.0,52,2,2
66,0,1.0,0.0,89,9,3
48,0,1.0,0.0,55,1,3
57,0,0.25205479452054796,0.0,60,12,3
31,0,1.0,0.0,105,8,2
46,0,0.24383561643835616,0.0,34,2,1
20,0,1.0,0.0,77,13,1
27,0,1.0,0.0,44,4,3
70,0,1.0,0.0,83,9,2
42,0,1.0,0.0,55,6,3
39,0,1.0,0.0,43,13,2
30,0,1.0,0.0,51,4,1
36,1,1.0,12622.0,50,1,3
52,0,1.0,0.0,43,1,1
26,0,1.0,0.0,21,1,3
66,0,1.0,0.0,32,2,3
79,0,1.0,0.0,55,6,2
65,0,1.0,0.0,90,1,3
43,0,1.0,0.0,45,14,1
62,0,1.0,0.0,40,6,1
52,0,1.0,0.0,40,2,1
45,0,1.0,0.0,66,6,1
63,2,1.0,46621.0,40,6,2
34,0,0.2465753424657534,0.0,66,1,3
24,0,0.8246575342465754,0.0,64,2,2
39,0,1.0,0.0,43,9,2
55,0,1.0,0.0,36,1,3
53,0,1.0,0.0,85,1,3
34,0,1.0,0.0,110,2,2
45,0,1.0,0.0,55,1,1
28,0,0.5671232876712329,0.0,60,1,1
59,0,1.0,0.0,55,1,1
31,0,1.0,0.0,55,1,1
70,0,1.0,0.0,66,1,1
42,0,1.0,0.0,95,10,3
58,0,1.0,0.0,36,4,2
56,0,0.08493150684931507,0.0,43,1,2
56,0,1.0,0.0,44,7,2
44,0,1.0,0.0,65,14,2
25,0,1.0,0.0,51,5,1
23,0,1.0,0.0,59,1,2
45,0,1.0,0.0,37,9,3
39,0,1.0,0.0,29,1,3
65,0,1.0,0.0,77,1,1
35,0,1.0,0.0,110,1,1
26,0,1.0,0.0,43,12,1
44,0,1.0,0.0,36,2,2
58,0,1.0,0.0,55,9,1
36,0,1.0,0.0,52,1,1
56,0,0.9178082191780822,0.0,75,1,2
52,1,1.0,43722.0,62,4,1
29,0,0.4136986301369863,0.0,51,1,1
32,0,0.7479452054794521,0.0,54,1,2
45,0,1.0,0.0,60,2,3
36,1,1.0,57540.0,43,5,1
22,0,1.0,0.0,55,1,1
47,1,1.0,4256.0,123,5,3
70,0,1.0,0.0,50,2,1
29,0,0.005479452054794521,0.0,40,6,2
58,0,1.0,0.0,52,11,2
76,0,1.0,0.0,68,1,2
70,0,1.0,0.0,47,7,2
22,0,0.8027397260273973,0.0,55,1,1
25,1,1.0,2426.0,85,12,2
29,0,1.0,0.0,50,12,2
40,0,1.0,0.0,33,1,1
23,0,0.852054794520548,0.0,69,12,1
40,0,1.0,0.0,60,1,1
47,0,1.0,0.0,47,1,0
51,0,0.4794520547945205,0.0,55,10,2
66,1,1.0,104520.0,73,1,1
52,0,1.0,0.0,51,1,1
60,0,0.5095890410958904,0.0,64,4,1
77,0,1.0,0.0,55,1,1
25,1,0.8438356164383561,8276.0,33,7,2
73,0,1.0,0.0,100,2,2
49,0,1.0,0.0,42,5,1
41,0,1.0,0.0,48,1,2
50,0,0.9561643835616438,0.0,90,1,3
32,0,1.0,0.0,53,2,1
26,0,1.0,0.0,55,12,2
41,0,1.0,0.0,44,1,1
34,0,1.0,0.0,68,1,3
25,0,1.0,0.0,50,11,3
31,1,1.0,2118.0,44,9,2
50,0,1.0,0.0,74,10,1
34,0,1.0,0.0,70,1,3
65,0,1.0,0.0,55,1,1
29,0,1.0,0.0,57,1,1
55,0,0.4986301369863014,0.0,68,1,2
28,2,0.3452054794520548,33405.0,55,1,3
55,1,0.6547945205479452,3072.0,61,10,1
59,1,1.0,2857.0,33,1,2
46,0,0.4328767123287671,0.0,49,1,1
38,0,1.0,0.0,48,2,2
29,1,1.0,77665.0,80,1,1
40,1,0.06575342465753424,5057540.0,100,1,2
24,0,1.0,0.0,57,3,3
36,0,1.0,0.0,53,12,3
57,0,1.0,0.0,58,12,1
50,0,0.1178082191780822,0.0,55,1,1
57,0,1.0,0.0,57,1,1
49,0,1.0,0.0,47,1,1
41,0,1.0,0.0,55,2,1
43,0,1.0,0.0,66,5,3
62,0,1.0,0.0,50,1,1
43,0,1.0,0.0,122,1,3
49,0,1.0,0.0,82,2,1
61,0,1.0,0.0,29,1,2
57,0,1.0,0.0,42,3,1
43,2,0.9698630136986301,27185.0,96,14,3
64,0,1.0,0.0,33,2,3
38,0,0.16164383561643836,0.0,55,1,2
72,0,1.0,0.0,47,7,2
50,0,1.0,0.0,96,1,1
51,0,1.0,0.0,90,11,2
75,0,1.0,0.0,55,1,2
62,0,0.11232876712328767,0.0,74,1,1
33,0,0.7452054794520548,0.0,44,2,1
44,0,1.0,0.0,55,1,1
38,0,1.0,0.0,66,2,3
73,0,1.0,0.0,70,1,2
62,0,1.0,0.0,81,1,1
31,0,1.0,0.0,40,7,3
39,1,1.0,18417.0,87,5,3
30,2,0.9397260273972603,85000.0,39,6,2
62,0,1.0,0.0,66,4,3
43,0,0.8328767123287671,0.0,66,2,1
58,0,0.5863013698630137,0.0,60,2,1
65,0,1.0,0.0,66,12,2
37,0,1.0,0.0,85,7,2
35,0,1.0,0.0,34,1,1
73,0,1.0,0.0,40,2,1
38,0,0.2465753424657534,0.0,55,1,1
40,0,1.0,0.0,90,1,2
33,0,0.3452054794520548,0.0,44,1,2
55,0,1.0,0.0,33,1,1
84,0,1.0,0.0,65,11,2
48,0,1.0,0.0,54,2,2
68,0,1.0,0.0,43,2,3
55,0,1.0,0.0,54,1,1
46,0,0.4136986301369863,0.0,47,6,3
39,0,1.0,0.0,40,2,1
49,0,0.4767123287671233,0.0,53,3,3
53,0,1.0,0.0,40,5,2
66,0,1.0,0.0,46,1,3
56,0,1.0,0.0,74,6,2
33,1,1.0,4452.0,57,12,1
46,0,0.7808219178082192,0.0,48,2,2
59,0,1.0,0.0,42,1,3
33,1,1.0,32856.0,52,2,2
28,0,1.0,0.0,53,7,2
54,0,1.0,0.0,50,7,1
38,0,1.0,0.0,94,3,3
46,0,0.1232876712328767,0.0,47,2,1
70,0,1.0,0.0,21,1,1
38,0,0.7205479452054795,0.0,52,1,1
52,0,1.0,0.0,77,2,2
32,2,1.0,19126.0,51,10,1
54,1,1.0,2607.0,77,1,2
66,0,1.0,0.0,58,1,2
53,0,1.0,0.0,44,4,1
54,2,1.0,11474.0,54,6,1
60,0,1.0,0.0,54,1,3
30,0,1.0,0.0,55,1,1
58,0,1.0,0.0,48,2,1
28,0,1.0,0.0,40,6,2
42,0,0.3726027397260274,0.0,45,1,1
72,0,1.0,0.0,40,1,1
30,0,1.0,0.0,48,8,2
68,0,1.0,0.0,29,5,3
51,0,1.0,0.0,43,11,2
28,0,1.0,0.0,40,7,3
53,0,1.0,0.0,57,1,1
45,0,0.3506849315068493,0.0,85,6,3
56,0,1.0,0.0,66,11,1
26,1,0.8273972602739726,25606.0,83,2,1
21,2,0.5780821917808219,5808.0,51,3,1
47,0,1.0,0.0,43,1,1
28,0,0.6575342465753424,0.0,40,2,3
61,0,1.0,0.0,77,11,3
22,0,1.0,0.0,55,9,2
63,1,1.0,18489.0,43,4,1
43,0,0.21643835616438356,0.0,85,1,2
31,0,0.336986301369863,0.0,33,2,3
64,0,1.0,0.0,63,6,1
61,0,1.0,0.0,75,2,3
33,0,1.0,0.0,65,8,1
40,0,0.26575342465753427,0.0,37,1,3
57,0,1.0,0.0,40,1,2
45,1,1.0,51540.0,33,3,1
40,0,1.0,0.0,43,1,2
33,0,0.18356164383561643,0.0,66,1,1
22,0,1.0,0.0,52,10,3
38,0,1.0,0.0,82,7,2
44,0,1.0,0.0,66,5,2
63,0,1.0,0.0,55,3,3
33,0,0.34794520547945207,0.0,65,1,1
41,0,1.0,0.0,65,12,3
72,0,1.0,0.0,47,10,3
24,0,1.0,0.0,40,1,2
51,0,1.0,0.0,33,10,3
23,0,1.0,0.0,150,3,3
27,0,1.0,0.0,33,1,3
47,0,1.0,0.0,66,10,2
26,0,1.0,0.0,51,6,3
24,0,1.0,0.0,41,1,2
65,0,1.0,0.0,52,5,1
42,1,1.0,65000.0,70,6,2
44,0,1.0,0.0,34,2,2
35,0,1.0,0.0,70,4,1
51,1,1.0,5850.0,68,1,1
28,1,1.0,57540.0,73,1,2
24,0,1.0,0.0,110,7,1
38,0,1.0,0.0,39,1,2
36,0,1.0,0.0,66,1,1
63,0,1.0,0.0,49,11,2
51,0,1.0,0.0,40,1,1
38,0,0.33424657534246577,0.0,60,8,3
82,0,1.0,0.0,40,3,3
54,0,1.0,0.0,43,4,3
44,0,0.1589041095890411,0.0,40,3,1
35,0,0.9643835616438357,0.0,73,12,1
32,0,1.0,0.0,100,5,2
50,0,1.0,0.0,65,1,2
71,0,1.0,0.0,102,2,2
71,0,1.0,0.0,43,1,1
31,0,1.0,0.0,83,8,2
64,0,1.0,0.0,55,6,2
43,0,1.0,0.0,40,2,1
73,0,0.2493150684931507,0.0,40,2,1
59,0,1.0,0.0,83,1,1
30,0,1.0,0.0,42,2,2
49,0,1.0,0.0,53,1,1
27,0,1.0,0.0,55,1,3
61,0,1.0,0.0,66,1,2
24,0,1.0,0.0,33,15,2
39,0,0.9917808219178083,0.0,66,4,2
82,0,1.0,0.0,55,5,1
26,0,1.0,0.0,81,3,1
34,0,1.0,0.0,37,9,3
43,0,1.0,0.0,55,3,1
40,0,1.0,0.0,66,1,2
33,0,1.0,0.0,55,6,3
29,1,1.0,2856.0,50,8,1
35,0,0.6876712328767123,0.0,39,8,3
77,0,1.0,0.0,47,16,1
34,0,1.0,0.0,82,2,1
52,0,1.0,0.0,40,10,3
82,0,1.0,0.0,54,3,2
75,0,1.0,0.0,40,1,2
46,0,1.0,0.0,48,1,3
69,1,1.0,6066.0,32,2,1
53,0,0.8082191780821918,0.0,34,12,1
66,0,0.9287671232876712,0.0,50,2,1
77,0,1.0,0.0,18,2,2
63,0,1.0,0.0,51,8,1
33,0,1.0,0.0,57,1,1
47,0,1.0,0.0,63,2,1
58,0,1.0,0.0,19,1,1
53,0,1.0,0.0,66,1,2
31,0,1.0,0.0,55,2,2
20,0,1.0,0.0,85,6,1
60,0,0.4958904109589041,0.0,42,10,1
33,1,1.0,5324.0,29,4,1
42,0,0.16712328767123288,0.0,66,5,3
61,0,1.0,0.0,85,1,3
39,0,1.0,0.0,94,3,2
50,0,0.736986301369863,0.0,40,5,3
67,0,1.0,0.0,65,6,1
38,1,1.0,74063.0,75,5,2
24,1,1.0,6740.0,70,2,1
49,0,0.40273972602739727,0.0,60,1,3
27,1,1.0,48000.0,43,1,3
37,0,1.0,0.0,40,1,3
34,0,0.16164383561643836,0.0,66,1,1
25,0,1.0,0.0,51,8,1
66,0,1.0,0.0,43,1,3
51,0,1.0,0.0,33,7,2
47,0,1.0,0.0,47,1,1
40,0,1.0,0.0,41,10,2
37,0,0.4328767123287671,0.0,31,14,2
53,0,1.0,0.0,66,1,1
45,0,1.0,0.0,44,10,3
54,0,0.6273972602739726,0.0,55,9,2
72,0,1.0,0.0,62,2,1
32,0,0.3589041095890411,0.0,47,1,3
62,0,1.0,0.0,68,12,2
46,0,1.0,0.0,70,12,3
74,0,1.0,0.0,50,5,2
31,0,0.8493150684931506,0.0,170,4,3
52,0,1.0,0.0,64,6,2
40,0,1.0,0.0,43,2,3
42,0,1.0,0.0,50,1,2
36,0,1.0,0.0,66,1,3
35,0,1.0,0.0,77,6,1
79,0,0.4273972602739726,0.0,85,2,3
33,0,1.0,0.0,55,9,1
34,0,1.0,0.0,52,5,1
25,0,1.0,0.0,85,3,3
50,0,1.0,0.0,37,1,2
70,0,1.0,0.0,33,9,2
42,0,1.0,0.0,66,2,1
36,0,0.736986301369863,0.0,55,1,1
31,0,0.1780821917808219,0.0,59,1,3
45,0,0.9643835616438357,0.0,43,5,1
32,0,1.0,0.0,44,6,1
52,0,1.0,0.0,105,12,2
67,0,1.0,0.0,44,3,3
39,0,1.0,0.0,66,2,2
28,0,1.0,0.0,42,2,1
29,0,1.0,0.0,68,11,1
25,0,1.0,0.0,34,1,3
65,0,0.16164383561643836,0.0,40,12,1
56,0,1.0,0.0,66,6,1
25,0,0.7123287671232876,0.0,47,1,1
53,0,0.873972602739726,0.0,85,2,2
68,0,0.3698630136986301,0.0,55,3,2
45,0,1.0,0.0,55,1,2
58,1,1.0,6066.0,51,1,2
59,0,1.0,0.0,51,7,3
25,0,1.0,0.0,65,2,1
37,0,0.2465753424657534,0.0,75,12,1
39,0,0.4958904109589041,0.0,29,8,2
31,0,1.0,0.0,38,6,1
21,0,1.0,0.0,64,3,3
48,0,1.0,0.0,66,1,1
38,0,0.6657534246575343,0.0,74,1,1
34,0,1.0,0.0,50,12,3
50,1,1.0,57540.0,33,11,2
41,0,0.8054794520547945,0.0,52,12,3
58,0,1.0,0.0,55,5,3
35,0,1.0,0.0,43,1,3
50,0,1.0,0.0,80,1,2
42,0,0.5808219178082191,0.0,40,10,1
36,0,1.0,0.0,170,1,1
20,1,1.0,24811.0,24,2,3
50,0,1.0,0.0,55,1,1
57,0,1.0,0.0,37,9,3
46,0,1.0,0.0,55,1,2
42,0,1.0,0.0,42,1,1
34,0,1.0,0.0,40,5,2
29,1,0.9808219178082191,3025.0,59,4,1
38,0,1.0,0.0,34,20,1
69,1,1.0,16226.0,40,1,3
37,0,0.20273972602739726,0.0,44,6,1
47,0,1.0,0.0,46,1,1
38,0,0.4575342465753425,0.0,44,3,1
34,0,0.6465753424657534,0.0,43,4,1
21,1,1.0,8457.0,66,2,1
47,0,1.0,0.0,70,1,1
64,0,1.0,0.0,70,2,1
57,1,1.0,24139.0,66,2,1
68,0,1.0,0.0,110,1,1
62,0,0.16164383561643836,0.0,59,6,2
41,0,1.0,0.0,54,12,2
38,0,1.0,0.0,55,1,2
37,0,1.0,0.0,65,12,1
67,0,1.0,0.0,60,3,3
48,0,0.1726027397260274,0.0,51,1,3
25,1,1.0,2541.0,51,6,3
54,0,1.0,0.0,73,4,2
28,0,0.4958904109589041,0.0,55,8,1
61,0,1.0,0.0,50,12,2
30,0,1.0,0.0,55,2,3
46,0,1.0,0.0,55,4,3
37,1,1.0,28518.0,60,6,3
31,0,1.0,0.0,43,8,2
48,0,1.0,0.0,85,6,2
41,1,0.852054794520548,8139.0,66,1,3
66,1,0.8301369863013699,55000.0,55,12,2
51,0,1.0,0.0,110,2,2
41,0,0.9013698630136986,0.0,40,2,3
69,0,1.0,0.0,66,1,3
36,0,1.0,0.0,48,3,1
24,0,1.0,0.0,55,1,2
51,0,1.0,0.0,98,3,2
39,0,1.0,0.0,62,1,2
55,0,1.0,0.0,33,2,3
45,0,1.0,0.0,27,2,2
56,0,1.0,0.0,35,11,1
33,0,1.0,0.0,48,1,3
50,0,1.0,0.0,66,1,2
22,0,1.0,0.0,40,1,1
44,0,1.0,0.0,58,5,3
55,0,1.0,0.0,52,2,1
39,0,1.0,0.0,37,6,2
37,0,0.6684931506849315,0.0,54,1,3
66,0,1.0,0.0,66,6,1
70,0,1.0,0.0,65,6,3
48,1,1.0,2634.0,66,2,3
38,0,1.0,0.0,34,2,2
50,0,1.0,0.0,55,3,3
47,0,1.0,0.0,83,11,1
24,0,1.0,0.0,103,1,2
66,0,1.0,0.0,55,11,1
43,0,1.0,0.0,29,5,1
60,1,1.0,6776.0,66,2,1
68,0,1.0,0.0,78,1,3
46,0,0.7424657534246575,0.0,37,1,3
49,0,1.0,0.0,55,1,3
22,0,1.0,0.0,58,16,2
54,0,1.0,0.0,88,1,3
40,0,0.6904109589041096,0.0,54,2,3
67,0,1.0,0.0,51,2,2
44,0,1.0,0.0,55,6,1
31,0,0.010958904109589041,0.0,61,1,3
42,0,1.0,0.0,55,5,1
54,0,1.0,0.0,40,5,1
55,0,1.0,0.0,68,1,2
35,0,0.3287671232876712,0.0,33,6,1
32,0,1.0,0.0,53,1,3
44,0,1.0,0.0,44,1,3
56,0,0.04657534246575343,0.0,37,1,1
65,0,1.0,0.0,65,9,2
73,0,1.0,0.0,37,1,3
54,0,1.0,0.0,40,1,3
32,0,1.0,0.0,37,2,1
61,0,1.0,0.0,47,6,1
75,0,1.0,0.0,47,1,3
28,0,0.7808219178082192,0.0,39,6,1
59,0,1.0,0.0,33,2,1
27,0,0.08493150684931507,0.0,66,1,3
55,0,1.0,0.0,43,15,1
43,0,1.0,0.0,39,2,1
61,1,0.7561643835616438,50415.0,70,5,1
65,0,1.0,0.0,51,1,3
53,0,1.0,0.0,70,6,1
28,0,1.0,0.0,44,2,1
50,0,1.0,0.0,43,2,3
30,0,0.5808219178082191,0.0,18,2,1
75,0,1.0,0.0,108,1,2
53,0,1.0,0.0,40,9,1
37,0,1.0,0.0,60,1,3
36,0,0.2821917808219178,0.0,34,1,3
41,0,1.0,0.0,34,5,2
73,0,1.0,0.0,63,5,3
26,1,1.0,55000.0,33,4,1
56,0,1.0,0.0,55,5,1
55,0,1.0,0.0,77,3,1
44,1,1.0,60147.0,65,1,1
33,1,0.2547945205479452,3008.0,40,1,1
54,0,1.0,0.0,33,6,1
52,0,1.0,0.0,69,1,1
28,0,1.0,0.0,83,6,1
51,0,1.0,0.0,74,4,3
75,0,1.0,0.0,33,1,2
48,0,1.0,0.0,71,2,1
27,0,0.4136986301369863,0.0,48,2,1
29,0,1.0,0.0,147,1,1
49,0,0.08493150684931507,0.0,60,1,2
55,0,1.0,0.0,33,2,1
27,0,1.0,0.0,40,11,2
41,0,1.0,0.0,60,1,1
34,0,0.32054794520547947,0.0,68,3,3
40,1,1.0,64362.0,59,2,3
39,0,1.0,0.0,59,1,2
56,1,1.0,6002.0,55,2,2
77,0,1.0,0.0,93,3,3
72,0,0.7945205479452054,0.0,55,11,1
22,0,1.0,0.0,54,5,1
49,0,1.0,0.0,44,5,2
49,0,1.0,0.0,43,6,2
37,0,1.0,0.0,67,1,2
47,0,0.6657534246575343,0.0,34,1,1
36,0,1.0,0.0,44,1,2
46,0,1.0,0.0,34,5,2
36,0,1.0,0.0,44,1,1
39,0,1.0,0.0,40,1,1
68,0,0.9506849315068493,0.0,35,12,1
52,0,1.0,0.0,54,1,2
38,0,1.0,0.0,40,6,3
47,0,0.6547945205479452,0.0,47,2,1
42,0,1.0,0.0,40,1,2
64,0,1.0,0.0,40,8,1
49,1,1.0,2856.0,39,2,1
40,0,1.0,0.0,40,6,2
40,0,1.0,0.0,40,6,2
28,0,1.0,0.0,88,1,2
58,0,1.0,0.0,50,2,1
36,0,0.5808219178082191,0.0,55,1,2
45,0,0.4136986301369863,0.0,65,9,1
50,0,1.0,0.0,100,6,3
52,0,1.0,0.0,90,2,3
57,0,0.5671232876712329,0.0,57,7,2
48,0,1.0,0.0,48,2,3
29,0,1.0,0.0,55,1,2
37,0,1.0,0.0,40,1,1
36,0,0.4301369863013699,0.0,66,8,3
52,0,1.0,0.0,63,8,1
44,0,0.4876712328767123,0.0,110,5,1
69,0,1.0,0.0,66,1,1
67,0,1.0,0.0,43,10,2
38,0,1.0,0.0,47,7,1
73,0,1.0,0.0,50,1,3
41,1,1.0,8673.0,65,12,1
32,0,1.0,0.0,35,1,3
66,0,1.0,0.0,66,1,1
37,0,1.0,0.0,47,1,3
31,0,1.0,0.0,66,2,3
72,0,1.0,0.0,98,1,3
58,0,1.0,0.0,48,11,2
50,1,0.5041095890410959,12411.0,94,3,1
68,0,1.0,0.0,40,12,3
48,1,1.0,8209.0,40,3,2
24,0,1.0,0.0,40,1,3
55,0,0.9452054794520548,0.0,40,10,1
42,0,0.4602739726027397,0.0,66,11,1
77,0,1.0,0.0,53,2,2
53,0,1.0,0.0,83,1,2
37,0,1.0,0.0,40,6,2
43,0,1.0,0.0,32,1,0
43,0,1.0,0.0,51,1,3
70,1,1.0,2868.0,49,2,1
33,0,0.24383561643835616,0.0,40,2,3
25,0,1.0,0.0,40,2,3
34,1,1.0,76000.0,110,6,3
54,0,1.0,0.0,43,12,2
22,0,1.0,0.0,90,11,1
74,1,1.0,57540.0,33,8,1
48,1,1.0,64503.0,29,1,2
25,0,1.0,0.0,50,6,3
50,0,1.0,0.0,38,9,3
37,0,1.0,0.0,39,12,3
33,0,0.810958904109589,0.0,44,1,1
33,0,1.0,0.0,90,10,2
67,0,1.0,0.0,40,2,1
23,0,1.0,0.0,68,9,3
60,0,0.7068493150684931,0.0,66,9,2
61,0,1.0,0.0,66,15,1
29,0,1.0,0.0,63,1,1
63,0,1.0,0.0,65,3,1
67,0,1.0,0.0,132,1,2
66,0,0.4520547945205479,0.0,72,2,3
58,0,0.6027397260273972,0.0,44,5,1
45,0,0.6438356164383562,0.0,78,6,2
60,0,1.0,0.0,40,1,3
56,0,1.0,0.0,39,1,1
38,0,1.0,0.0,47,6,3
52,0,1.0,0.0,55,1,1
45,0,0.6986301369863014,0.0,40,6,2
65,0,1.0,0.0,43,1,1
52,0,1.0,0.0,70,1,1
51,0,0.410958904109589,0.0,32,12,1
32,1,1.0,2607.0,33,2,1
37,0,0.4054794520547945,0.0,44,1,1
29,0,1.0,0.0,101,2,2
39,0,0.8684931506849315,0.0,66,1,2
56,0,1.0,0.0,66,9,1
61,0,1.0,0.0,33,6,0
54,0,1.0,0.0,43,3,3
47,0,1.0,0.0,55,6,2
70,0,1.0,0.0,48,1,1
45,0,1.0,0.0,66,11,2
49,0,1.0,0.0,43,1,3
44,0,1.0,0.0,68,10,1
42,0,0.6657534246575343,0.0,70,11,2
67,1,1.0,57540.0,55,11,1
32,0,0.019178082191780823,0.0,100,1,2
42,0,0.1726027397260274,0.0,55,5,3
68,0,1.0,0.0,51,2,3
71,0,1.0,0.0,51,1,3
51,0,1.0,0.0,33,12,2
43,0,1.0,0.0,68,1,3
42,0,1.0,0.0,43,2,1
63,0,1.0,0.0,55,12,2
49,0,1.0,0.0,64,2,1
54,0,0.5232876712328767,0.0,66,1,2
56,0,1.0,0.0,55,1,2
25,0,1.0,0.0,88,1,1
25,0,1.0,0.0,55,5,2
49,0,1.0,0.0,33,1,3
66,0,1.0,0.0,35,1,1
36,1,1.0,6659.0,43,7,3
32,1,1.0,5204.0,33,1,2
31,3,0.8246575342465754,95023.0,44,5,3
32,0,0.7506849315068493,0.0,48,1,2
46,0,0.7150684931506849,0.0,55,1,2
29,1,1.0,30341.0,66,1,1
35,0,1.0,0.0,96,1,2
65,0,1.0,0.0,66,2,2
26,0,1.0,0.0,55,2,1
60,0,1.0,0.0,109,15,1
68,0,0.26575342465753427,0.0,53,1,1
28,1,1.0,2607.0,40,3,1
37,0,1.0,0.0,58,2,3
32,2,1.0,225085.0,54,8,2
47,0,1.0,0.0,50,2,1
60,0,1.0,0.0,47,10,1
74,0,1.0,0.0,58,10,1
35,0,1.0,0.0,65,5,3
34,0,1.0,0.0,40,3,1
48,0,1.0,0.0,110,1,3
70,0,1.0,0.0,66,1,2
23,0,1.0,0.0,62,2,3
40,1,1.0,50000.0,51,1,1
37,0,0.915068493150685,0.0,40,1,1
33,0,0.2602739726027397,0.0,29,1,1
63,0,0.3287671232876712,0.0,55,1,3
59,0,1.0,0.0,70,15,1
47,0,1.0,0.0,75,5,2
75,0,1.0,0.0,85,1,1
34,1,1.0,2650.0,37,1,3
73,0,1.0,0.0,156,2,2
19,0,1.0,0.0,40,2,1
30,1,0.5534246575342465,81632.0,55,3,3
60,0,1.0,0.0,70,7,1
30,0,1.0,0.0,86,2,1
57,0,1.0,0.0,44,3,2
68,0,1.0,0.0,44,8,1
48,0,1.0,0.0,59,1,2
64,1,1.0,12368.0,51,2,2
60,0,0.2465753424657534,0.0,54,1,2
30,0,1.0,0.0,36,2,2
68,1,1.0,56115.0,55,2,3
45,0,0.29041095890410956,0.0,100,1,3
70,0,1.0,0.0,53,1,3
59,0,1.0,0.0,66,1,2
30,0,1.0,0.0,55,1,3
72,0,1.0,0.0,49,8,3
48,0,1.0,0.0,40,2,2
39,0,1.0,0.0,68,11,1
45,0,0.9315068493150684,0.0,40,2,3
50,0,1.0,0.0,51,2,1
26,0,0.273972602739726,0.0,55,9,2
25,0,1.0,0.0,40,9,1
35,1,1.0,153073.0,43,1,3
66,0,1.0,0.0,60,2,3
57,0,0.1095890410958904,0.0,107,9,3
51,0,1.0,0.0,25,1,2
43,0,1.0,0.0,74,4,2
28,0,0.9643835616438357,0.0,63,10,1
53,0,1.0,0.0,84,1,2
24,0,1.0,0.0,66,1,2
28,0,1.0,0.0,48,2,2
77,0,1.0,0.0,43,6,2
44,0,1.0,0.0,59,5,2
28,0,1.0,0.0,57,1,2
63,0,1.0,0.0,55,1,2
39,0,1.0,0.0,55,1,1
37,0,1.0,0.0,44,1,3
46,0,0.4438356164383562,0.0,55,1,1
38,0,1.0,0.0,59,1,1
38,0,1.0,0.0,55,1,1
64,0,1.0,0.0,64,10,1
31,0,1.0,0.0,44,11,1
47,0,1.0,0.0,90,1,2
34,0,1.0,0.0,33,9,2
65,0,0.8328767123287671,0.0,51,3,2
54,1,1.0,65997.0,53,2,2
34,0,1.0,0.0,66,1,3
69,0,1.0,0.0,40,6,2
39,0,1.0,0.0,55,3,1
61,0,1.0,0.0,46,2,2
69,0,0.0027397260273972603,0.0,34,1,2
36,0,1.0,0.0,43,5,1
33,0,1.0,0.0,51,9,2
34,1,0.2493150684931507,5850.0,47,1,1
35,0,1.0,0.0,63,4,3
39,0,1.0,0.0,66,1,2
52,0,1.0,0.0,40,8,3
45,0,1.0,0.0,40,1,1
29,0,0.7205479452054795,0.0,51,1,1
40,0,0.1589041095890411,0.0,44,6,2
57,1,0.7589041095890411,2607.0,44,10,1
41,0,1.0,0.0,27,11,1
46,0,1.0,0.0,33,2,1
42,0,1.0,0.0,44,1,2
23,0,1.0,0.0,77,3,1
57,0,1.0,0.0,102,1,3
25,0,0.6383561643835617,0.0,40,2,3
26,0,1.0,0.0,32,3,2
40,0,1.0,0.0,43,1,1
46,0,1.0,0.0,33,1,1
45,0,1.0,0.0,66,2,1
41,0,1.0,0.0,49,3,0
63,0,1.0,0.0,31,1,3
72,0,1.0,0.0,40,12,2
65,0,1.0,0.0,64,10,1
72,0,1.0,0.0,85,1,3
36,0,0.3287671232876712,0.0,40,1,2
55,0,0.5041095890410959,0.0,66,12,2
24,1,1.0,2374.0,55,1,1
40,0,1.0,0.0,62,2,2
51,0,0.7972602739726027,0.0,47,12,1
51,0,1.0,0.0,52,1,2
40,0,1.0,0.0,55,1,2
67,0,1.0,0.0,82,2,3
62,0,0.5808219178082191,0.0,81,9,1
39,0,1.0,0.0,44,1,3
40,0,0.7534246575342466,0.0,39,1,1
44,0,1.0,0.0,33,1,1
77,0,1.0,0.0,51,5,3
27,0,1.0,0.0,55,7,1
51,1,1.0,79837.0,62,1,1
29,0,1.0,0.0,37,2,1
26,0,0.6383561643835617,0.0,110,1,2
46,0,1.0,0.0,40,15,3
42,0,0.4465753424657534,0.0,57,1,3
66,0,1.0,0.0,68,1,3
29,0,1.0,0.0,40,2,3
42,0,1.0,0.0,55,15,3
23,0,1.0,0.0,33,11,3
34,0,0.7068493150684931,0.0,51,2,1
40,0,1.0,0.0,66,8,3
70,0,1.0,0.0,40,1,3
25,1,1.0,6292.0,77,1,1
25,0,0.12054794520547946,0.0,85,1,1
43,1,1.0,121902.0,50,2,3
66,0,0.4904109589041096,0.0,70,14,2
74,0,1.0,0.0,44,12,2
52,0,1.0,0.0,54,10,3
26,2,0.8383561643835616,106366.0,85,9,3
66,0,1.0,0.0,69,11,2
30,1,1.0,57540.0,39,1,3
32,0,1.0,0.0,70,1,1
39,0,1.0,0.0,49,1,3
45,0,1.0,0.0,65,1,1
39,0,1.0,0.0,40,2,2
68,0,0.684931506849315,0.0,65,1,1
30,0,0.7041095890410959,0.0,55,1,1
67,0,1.0,0.0,44,1,2
44,0,1.0,0.0,34,1,1
45,1,0.2958904109589041,188316.0,40,8,1
47,0,1.0,0.0,37,10,2
31,0,1.0,0.0,40,1,3
66,2,1.0,47905.0,66,14,3
26,0,1.0,0.0,29,5,3
35,1,1.0,65679.0,40,10,2
53,1,1.0,4912.0,48,1,1
27,0,0.8301369863013699,0.0,62,3,1
24,1,0.5534246575342465,2839.0,64,11,1
30,0,1.0,0.0,64,2,0
70,0,1.0,0.0,55,12,2
63,0,1.0,0.0,64,1,1
39,0,1.0,0.0,33,11,1
50,0,1.0,0.0,66,1,1
54,1,1.0,2625.0,43,2,1
78,0,1.0,0.0,66,8,3
73,0,1.0,0.0,50,2,1
58,0,1.0,0.0,63,2,3
42,1,1.0,91842.0,66,2,1
51,0,1.0,0.0,35,1,3
26,0,1.0,0.0,40,1,1
31,0,0.26301369863013696,0.0,51,2,1
67,0,1.0,0.0,41,2,1
36,0,0.5808219178082191,0.0,33,3,1
58,0,1.0,0.0,44,3,1
43,0,1.0,0.0,55,12,3
64,0,1.0,0.0,43,1,3
24,0,0.9452054794520548,0.0,47,1,2
52,0,0.5095890410958904,0.0,68,1,1
63,0,1.0,0.0,44,5,1
58,1,1.0,21395.0,29,1,3
56,0,1.0,0.0,40,1,2
42,0,1.0,0.0,85,8,2
58,0,1.0,0.0,69,1,2
55,0,1.0,0.0,33,1,3
44,1,1.0,57540.0,73,2,2
70,0,1.0,0.0,71,5,3
66,0,1.0,0.0,43,7,1
74,0,1.0,0.0,82,11,1
50,0,1.0,0.0,40,1,3
65,0,1.0,0.0,66,1,2
53,0,1.0,0.0,66,5,1
35,0,1.0,0.0,66,1,3
35,0,1.0,0.0,78,10,1
60,0,1.0,0.0,55,2,1
50,0,1.0,0.0,65,12,1
58,0,1.0,0.0,43,1,1
34,0,1.0,0.0,83,9,2
43,0,1.0,0.0,80,3,2
27,0,1.0,0.0,40,1,2
54,0,1.0,0.0,53,1,1
51,0,1.0,0.0,32,10,3
62,0,1.0,0.0,47,1,3
39,1,1.0,2850.0,66,2,1
36,0,1.0,0.0,105,15,1
46,0,1.0,0.0,55,9,1
28,0,1.0,0.0,100,1,1
30,0,1.0,0.0,55,3,1
29,0,1.0,0.0,55,1,1
73,0,0.936986301369863,0.0,44,11,3
48,0,1.0,0.0,66,2,1
46,1,1.0,28682.0,141,6,2
61,0,1.0,0.0,44,1,1
26,0,0.6109589041095891,0.0,68,6,2
60,0,0.0027397260273972603,0.0,82,2,2
56,0,1.0,0.0,58,6,1
56,0,1.0,0.0,76,1,3
27,0,1.0,0.0,58,12,1
47,1,1.0,57540.0,107,2,3
65,0,1.0,0.0,66,8,1
49,0,1.0,0.0,43,15,1
42,0,1.0,0.0,39,1,1
27,1,1.0,5530.0,45,2,1
35,0,1.0,0.0,66,1,3
32,0,1.0,0.0,44,14,2
58,1,1.0,3424.0,58,1,2
49,1,1.0,2607.0,51,2,1
43,0,1.0,0.0,44,8,2
51,1,1.0,40714.0,55,8,1
42,0,1.0,0.0,66,5,1
41,0,0.8328767123287671,0.0,51,3,1
35,0,1.0,0.0,41,1,2
35,0,0.00821917808219178,0.0,40,12,3
36,1,1.0,5396.0,40,8,2
31,1,1.0,5178.0,55,2,3
52,0,1.0,0.0,68,2,2
24,0,0.7315068493150685,0.0,44,6,2
63,0,1.0,0.0,40,1,3
55,0,0.42191780821917807,0.0,66,1,1
50,0,1.0,0.0,40,12,1
50,1,1.0,6498.0,62,1,3
60,0,1.0,0.0,44,2,3
43,0,1.0,0.0,55,6,2
40,0,0.9835616438356164,0.0,83,1,2
49,0,1.0,0.0,35,1,1
31,0,1.0,0.0,48,6,2
47,0,1.0,0.0,65,1,3
31,0,1.0,0.0,44,8,2
60,0,1.0,0.0,44,6,3
41,0,1.0,0.0,50,1,1
23,0,0.07671232876712329,0.0,54,1,1
27,1,0.2273972602739726,57930.0,33,1,3
34,0,1.0,0.0,33,11,2
49,0,0.9808219178082191,0.0,40,1,1
22,0,1.0,0.0,55,1,3
47,0,1.0,0.0,36,1,1
40,0,0.8328767123287671,0.0,55,1,1
22,0,0.5808219178082191,0.0,65,1,1
63,0,0.3287671232876712,0.0,32,1,3
40,0,0.28493150684931506,0.0,40,4,1
36,0,1.0,0.0,33,1,3
39,0,1.0,0.0,31,2,2
42,0,1.0,0.0,60,1,2
61,0,1.0,0.0,40,5,2
94,0,1.0,0.0,39,9,3
35,0,1.0,0.0,68,2,3
76,0,1.0,0.0,50,1,3
29,0,1.0,0.0,63,1,2
45,0,1.0,0.0,55,1,1
26,0,1.0,0.0,60,1,2
26,0,1.0,0.0,45,10,1
54,0,1.0,0.0,66,1,1
35,0,1.0,0.0,62,1,2
59,0,1.0,0.0,47,1,2
42,0,1.0,0.0,33,9,3
47,0,1.0,0.0,33,6,2
50,0,1.0,0.0,48,1,1
61,0,0.6657534246575343,0.0,25,12,3
24,0,1.0,0.0,21,1,1
73,0,1.0,0.0,82,3,2
60,0,1.0,0.0,66,9,1
34,0,0.10136986301369863,0.0,53,6,3
40,0,1.0,0.0,68,6,2
62,0,1.0,0.0,54,6,1
73,0,1.0,0.0,33,8,1
38,1,1.0,57540.0,65,2,1
66,0,1.0,0.0,84,4,1
57,0,1.0,0.0,64,1,1
27,0,1.0,0.0,38,1,0
34,0,1.0,0.0,77,1,1
45,0,1.0,0.0,44,13,1
60,0,1.0,0.0,89,10,1
29,1,0.6383561643835617,9327.0,66,10,1
69,0,0.4246575342465753,0.0,60,1,1
40,0,1.0,0.0,68,2,3
50,0,1.0,0.0,32,2,2
37,0,1.0,0.0,77,3,2
68,0,0.6958904109589041,0.0,66,1,2
31,0,1.0,0.0,43,11,2
35,1,1.0,3516.0,55,13,3
47,0,1.0,0.0,40,1,2
40,0,1.0,0.0,53,2,1
28,0,1.0,0.0,36,2,2
65,0,1.0,0.0,53,11,2
55,0,0.9780821917808219,0.0,90,2,3
35,0,1.0,0.0,44,6,3
39,1,1.0,127968.0,43,12,2
60,1,0.5041095890410959,2929.0,44,1,2
54,0,1.0,0.0,80,8,1
57,1,1.0,2420.0,65,1,3
39,0,1.0,0.0,46,1,3
68,0,1.0,0.0,33,1,2
29,0,1.0,0.0,53,7,3
28,0,1.0,0.0,66,15,3
41,0,1.0,0.0,96,1,1
54,0,1.0,0.0,64,1,1
26,0,1.0,0.0,43,1,1
37,0,1.0,0.0,55,12,3
61,0,1.0,0.0,50,1,3
31,0,1.0,0.0,67,1,1
37,0,1.0,0.0,55,1,1
36,0,1.0,0.0,65,11,1
76,1,1.0,71569.0,55,1,1
57,0,1.0,0.0,50,1,2
47,0,1.0,0.0,55,1,2
51,0,1.0,0.0,66,1,1
42,0,1.0,0.0,80,2,2
62,0,1.0,0.0,57,1,3
58,0,1.0,0.0,55,2,3
56,0,1.0,0.0,55,1,3
25,0,1.0,0.0,50,1,1
33,0,1.0,0.0,77,1,3
58,0,1.0,0.0,81,2,2
63,0,1.0,0.0,40,1,3
53,0,0.6356164383561644,0.0,61,10,3
57,0,1.0,0.0,66,10,3
74,0,1.0,0.0,55,2,1
57,0,1.0,0.0,47,6,1
70,0,1.0,0.0,44,2,1
59,0,1.0,0.0,33,5,1
30,0,0.9397260273972603,0.0,58,12,3
37,0,1.0,0.0,40,5,3
58,0,1.0,0.0,30,1,1
34,0,1.0,0.0,43,2,3
58,0,1.0,0.0,43,12,1
36,0,1.0,0.0,43,4,1
38,0,1.0,0.0,25,2,3
31,1,0.9506849315068493,2645.0,60,1,1
45,1,1.0,5850.0,27,9,2
40,0,1.0,0.0,29,2,1
43,0,0.4684931506849315,0.0,43,1,2
33,1,1.0,13000.0,55,1,2
63,0,1.0,0.0,29,1,2
56,1,1.0,22000.0,55,1,2
39,0,0.1178082191780822,0.0,106,5,3
36,0,1.0,0.0,66,3,2
49,0,0.2328767123287671,0.0,44,9,1
41,0,1.0,0.0,40,1,1
60,0,1.0,0.0,47,1,2
37,0,0.2465753424657534,0.0,86,3,3
37,0,1.0,0.0,110,11,3
26,0,0.6712328767123288,0.0,40,3,1
46,0,1.0,0.0,70,2,3
37,0,0.6328767123287671,0.0,61,1,2
33,0,1.0,0.0,66,1,2
62,0,0.42191780821917807,0.0,40,10,1
70,0,1.0,0.0,147,5,1
27,0,1.0,0.0,33,1,1
66,0,1.0,0.0,40,3,1
44,0,0.23013698630136986,0.0,98,12,1
69,1,1.0,4452.0,64,12,1
29,0,0.4301369863013699,0.0,60,7,3
38,0,0.1178082191780822,0.0,43,6,3
48,0,1.0,0.0,46,3,1
70,0,1.0,0.0,40,12,3
59,0,1.0,0.0,85,1,3
43,0,1.0,0.0,40,5,3
54,0,1.0,0.0,55,2,3
45,0,1.0,0.0,44,6,3
37,0,1.0,0.0,55,6,3
41,0,1.0,0.0,66,5,3
29,0,1.0,0.0,53,5,1
35,0,0.3095890410958904,0.0,50,1,1
48,0,1.0,0.0,55,7,1
52,0,1.0,0.0,32,9,3
35,0,1.0,0.0,51,2,1
61,0,1.0,0.0,81,2,1
44,0,1.0,0.0,100,1,2
68,0,1.0,0.0,93,6,1
38,0,1.0,0.0,48,5,1
32,0,1.0,0.0,98,3,3
55,0,0.09315068493150686,0.0,50,1,1
46,1,1.0,6292.0,33,1,1
59,0,0.36712328767123287,0.0,49,1,1
21,1,1.0,2566.0,59,2,3
49,0,1.0,0.0,51,1,1
24,0,1.0,0.0,40,2,3
56,0,0.8383561643835616,0.0,66,2,1
51,0,0.005479452054794521,0.0,68,9,1
73,0,1.0,0.0,83,6,1
23,0,1.0,0.0,43,1,3
31,0,0.4410958904109589,0.0,52,1,2
60,1,1.0,86693.0,66,2,3
26,0,1.0,0.0,32,1,2
47,0,0.7315068493150685,0.0,72,1,1
49,0,1.0,0.0,44,5,0
29,0,1.0,0.0,49,10,1
71,0,1.0,0.0,83,8,2
59,1,1.0,7000.0,69,5,1
31,1,1.0,57540.0,66,1,1
57,0,1.0,0.0,65,2,2
53,1,1.0,10870.0,65,3,3
33,0,1.0,0.0,70,4,3
45,0,0.1726027397260274,0.0,40,1,2
30,0,1.0,0.0,55,6,1
24,1,1.0,9265.0,66,1,1
39,0,1.0,0.0,51,1,3
54,0,1.0,0.0,53,1,3
30,0,1.0,0.0,65,1,2
71,0,1.0,0.0,43,2,2
40,2,1.0,103393.0,33,2,3
65,0,0.8328767123287671,0.0,43,1,2
23,0,1.0,0.0,66,2,1
43,0,1.0,0.0,63,7,1
69,0,1.0,0.0,37,3,1
41,0,1.0,0.0,55,1,2
33,0,1.0,0.0,40,7,1
25,1,1.0,57540.0,43,1,1
69,0,1.0,0.0,55,12,2
45,1,1.0,60147.0,60,6,2
34,0,1.0,0.0,44,1,1
50,0,0.915068493150685,0.0,51,4,1
40,0,0.11506849315068493,0.0,65,12,1
77,0,1.0,0.0,40,12,2
32,1,1.0,32056.0,53,1,3
41,0,1.0,0.0,54,6,1
41,1,0.8712328767123287,2839.0,66,4,3
38,0,1.0,0.0,40,12,2
39,0,1.0,0.0,55,1,3
32,0,0.915068493150685,0.0,64,12,3
35,0,0.3150684931506849,0.0,41,2,3
58,0,1.0,0.0,55,12,1
39,0,1.0,0.0,59,1,2
49,0,1.0,0.0,49,1,3
49,0,1.0,0.0,55,11,1
52,0,1.0,0.0,40,1,1
26,0,1.0,0.0,50,6,3
58,0,1.0,0.0,84,7,1
33,0,1.0,0.0,47,5,2
70,0,1.0,0.0,55,3,3
80,0,1.0,0.0,65,1,1
75,0,1.0,0.0,37,1,1
35,0,0.336986301369863,0.0,43,2,3
62,0,1.0,0.0,142,1,1
39,1,0.38082191780821917,2988.0,96,2,2
64,0,0.6794520547945205,0.0,74,2,2
56,0,1.0,0.0,59,2,3
64,0,0.473972602739726,0.0,40,2,2
66,0,1.0,0.0,43,13,1
32,0,1.0,0.0,33,6,2
38,0,1.0,0.0,38,1,2
63,0,1.0,0.0,55,9,1
25,1,1.0,5214.0,40,1,3
38,0,1.0,0.0,44,6,3
46,0,1.0,0.0,37,11,1
53,0,1.0,0.0,66,11,1
27,0,1.0,0.0,98,5,2
25,0,1.0,0.0,40,1,1
61,0,1.0,0.0,110,10,3
57,0,1.0,0.0,33,1,3
32,0,1.0,0.0,73,3,3
35,0,1.0,0.0,85,1,3
60,0,1.0,0.0,53,12,3
40,0,1.0,0.0,40,1,3
57,0,1.0,0.0,68,11,1
31,1,1.0,33.0,37,10,1
79,0,0.4876712328767123,0.0,48,1,3
57,0,1.0,0.0,60,12,2
76,0,1.0,0.0,84,6,1
79,0,1.0,0.0,104,2,2
49,0,1.0,0.0,55,1,2
78,0,1.0,0.0,76,2,1
35,0,0.7150684931506849,0.0,66,1,2
81,0,1.0,0.0,40,12,3
70,0,0.863013698630137,0.0,41,8,1
51,0,1.0,0.0,43,19,3
36,0,1.0,0.0,54,2,1
60,0,1.0,0.0,66,13,1
28,0,0.7835616438356164,0.0,34,2,2
79,0,1.0,0.0,74,6,2
50,0,1.0,0.0,75,11,1
50,0,0.24383561643835616,0.0,40,11,3
72,0,0.6712328767123288,0.0,66,1,1
35,0,1.0,0.0,80,1,2
64,0,1.0,0.0,40,1,3
28,0,1.0,0.0,64,10,3
41,0,1.0,0.0,54,1,3
50,0,1.0,0.0,43,3,1
27,0,0.12876712328767123,0.0,43,11,3
45,0,1.0,0.0,65,3,1
70,0,1.0,0.0,51,7,1
24,0,1.0,0.0,40,2,3
26,1,1.0,2607.0,59,1,3
42,0,1.0,0.0,81,1,3
39,0,1.0,0.0,47,10,1
69,0,1.0,0.0,44,15,3
35,1,1.0,2686.0,43,11,2
39,0,1.0,0.0,60,11,1
47,1,0.7835616438356164,18756.0,62,1,1
66,0,1.0,0.0,33,1,3
67,0,1.0,0.0,65,1,3
66,0,1.0,0.0,44,1,3
48,1,1.0,62768.0,52,6,2
38,0,1.0,0.0,55,6,2
37,0,0.8191780821917808,0.0,59,3,1
58,0,1.0,0.0,55,8,1
59,0,0.6602739726027397,0.0,59,4,1
40,1,0.5506849315068493,2685.0,43,1,1
59,0,1.0,0.0,44,1,2
24,0,0.13424657534246576,0.0,85,11,1
54,0,1.0,0.0,63,5,1
52,1,1.0,3430.0,66,2,2
63,0,1.0,0.0,48,1,1
74,0,1.0,0.0,55,1,3
35,0,1.0,0.0,39,12,2
35,0,1.0,0.0,55,1,1
58,0,0.43561643835616437,0.0,40,1,1
50,0,1.0,0.0,52,3,1
33,0,1.0,0.0,77,12,3
74,0,0.7753424657534247,0.0,65,2,3
38,3,0.8136986301369863,159474.0,42,1,3
53,0,1.0,0.0,40,1,1
57,0,1.0,0.0,40,9,1
40,0,1.0,0.0,82,2,3
65,0,1.0,0.0,88,6,3
44,0,1.0,0.0,85,3,1
57,0,1.0,0.0,44,1,2
40,0,1.0,0.0,55,1,1
71,0,1.0,0.0,66,1,3
55,0,1.0,0.0,95,5,1
44,0,1.0,0.0,50,1,3
55,0,1.0,0.0,48,2,2
54,0,1.0,0.0,74,2,3
23,0,1.0,0.0,40,1,1
62,0,1.0,0.0,61,8,1
69,0,1.0,0.0,51,6,1
41,0,1.0,0.0,50,1,2
28,0,0.16164383561643836,0.0,40,1,3
55,0,1.0,0.0,107,1,3
37,0,1.0,0.0,74,6,3
26,0,1.0,0.0,44,9,1
40,0,1.0,0.0,44,12,2
26,0,1.0,0.0,66,10,1
42,0,0.25205479452054796,0.0,43,12,1
30,0,1.0,0.0,101,10,2
47,0,0.6712328767123288,0.0,40,11,1
58,0,1.0,0.0,65,13,1
58,1,1.0,7931.0,47,3,1
54,0,1.0,0.0,40,1,1
38,0,1.0,0.0,55,8,2
38,1,1.0,7944.0,55,4,1
28,0,1.0,0.0,89,1,1
77,0,1.0,0.0,43,1,2
58,0,1.0,0.0,39,1,2
24,0,1.0,0.0,85,12,2
55,0,1.0,0.0,33,1,3
64,0,1.0,0.0,210,9,1
53,0,0.7698630136986301,0.0,47,3,1
74,0,1.0,0.0,55,9,3
45,0,1.0,0.0,55,1,3
49,0,1.0,0.0,110,1,1
60,0,1.0,0.0,49,12,1
61,0,1.0,0.0,36,1,2
51,0,0.3315068493150685,0.0,59,1,1
28,0,1.0,0.0,48,2,1
31,0,1.0,0.0,110,15,2
27,0,1.0,0.0,90,1,3
25,1,1.0,55000.0,55,1,2
25,0,0.2191780821917808,0.0,85,1,3
39,0,1.0,0.0,33,3,3
31,0,0.4958904109589041,0.0,44,3,3
37,0,1.0,0.0,43,1,3
32,0,1.0,0.0,42,2,3
28,0,0.6465753424657534,0.0,24,11,3
64,0,1.0,0.0,43,11,3
58,1,1.0,540963.0,44,12,3
40,0,0.25205479452054796,0.0,50,6,1
43,0,1.0,0.0,33,5,3
33,0,1.0,0.0,77,5,2
62,0,1.0,0.0,66,2,1
33,0,1.0,0.0,68,5,3
26,0,0.19726027397260273,0.0,37,2,2
53,0,1.0,0.0,60,4,2
64,0,1.0,0.0,95,1,3
45,0,1.0,0.0,66,2,3
29,0,1.0,0.0,33,2,2
33,0,1.0,0.0,76,12,3
68,0,0.40821917808219177,0.0,37,3,1
48,0,1.0,0.0,50,1,1
52,0,1.0,0.0,64,1,1
62,0,1.0,0.0,44,9,1
35,0,0.2465753424657534,0.0,64,3,1
49,0,0.7041095890410959,0.0,55,11,3
57,0,1.0,0.0,68,10,1
43,1,0.9945205479452055,2178.0,40,3,1
46,0,1.0,0.0,65,1,2
41,0,0.25753424657534246,0.0,33,1,1
46,0,1.0,0.0,36,5,3
62,0,1.0,0.0,65,2,3
64,0,1.0,0.0,51,12,3
62,0,1.0,0.0,58,8,1
46,0,1.0,0.0,75,2,1
39,0,1.0,0.0,37,1,1
37,1,1.0,6498.0,57,12,2
20,0,1.0,0.0,53,2,1
47,0,1.0,0.0,33,1,3
51,1,1.0,5850.0,83,1,1
56,0,1.0,0.0,40,11,2
36,0,0.9972602739726028,0.0,39,1,2
27,0,1.0,0.0,75,1,1
57,0,1.0,0.0,90,1,3
53,0,1.0,0.0,83,1,2
25,0,1.0,0.0,77,1,3
68,0,1.0,0.0,55,2,1
43,0,1.0,0.0,61,11,2
48,0,1.0,0.0,51,5,2
66,0,1.0,0.0,74,7,3
43,0,1.0,0.0,132,2,2
37,0,0.2273972602739726,0.0,59,1,1
30,0,1.0,0.0,66,2,1
85,0,1.0,0.0,44,2,3
36,0,1.0,0.0,66,2,1
76,0,1.0,0.0,42,5,1
40,0,1.0,0.0,94,1,3
64,0,1.0,0.0,37,6,3
73,0,1.0,0.0,33,2,1
29,0,0.4136986301369863,0.0,44,11,3
36,2,1.0,18681.0,66,1,3
51,0,1.0,0.0,37,1,1
31,0,1.0,0.0,74,1,2
35,0,0.4821917808219178,0.0,48,1,2
60,0,1.0,0.0,36,1,2
66,1,0.024657534246575342,17020.0,21,1,3
34,0,1.0,0.0,55,3,3
48,0,1.0,0.0,40,2,1
45,0,1.0,0.0,50,7,3
33,0,1.0,0.0,52,8,3
59,0,1.0,0.0,54,1,2
39,1,1.0,7260.0,65,9,2
73,0,1.0,0.0,66,5,1
63,0,1.0,0.0,55,10,2
50,0,1.0,0.0,41,4,3
32,0,1.0,0.0,95,1,2
45,0,1.0,0.0,66,1,2
51,0,1.0,0.0,42,14,1
48,0,1.0,0.0,58,10,1
71,0,1.0,0.0,49,1,2
57,0,1.0,0.0,40,11,2
47,1,1.0,4452.0,29,2,2
45,0,0.005479452054794521,0.0,48,1,1
26,0,0.5561643835616439,0.0,40,11,2
50,0,1.0,0.0,85,6,1
26,0,1.0,0.0,83,9,2
48,0,1.0,0.0,58,4,3
51,0,1.0,0.0,64,2,1
37,1,0.8328767123287671,5850.0,37,2,3
50,0,0.5589041095890411,0.0,66,2,1
48,0,0.2493150684931507,0.0,37,1,3
31,0,1.0,0.0,45,5,1
51,0,1.0,0.0,51,12,1
62,0,1.0,0.0,47,1,2
61,0,1.0,0.0,68,14,2
23,1,1.0,57540.0,42,9,3
49,0,1.0,0.0,43,5,1
47,1,1.0,57540.0,51,10,3
38,0,1.0,0.0,44,10,1
45,0,1.0,0.0,77,1,1
37,0,0.3506849315068493,0.0,77,2,2
52,1,1.0,6534.0,66,10,1
38,0,1.0,0.0,40,1,2
63,0,1.0,0.0,85,8,1
40,0,1.0,0.0,40,2,2
30,0,0.473972602739726,0.0,55,5,3
41,1,1.0,5566.0,21,1,3
51,1,1.0,2644.0,93,16,3
69,2,1.0,179442.0,55,12,1
40,0,0.6465753424657534,0.0,65,1,1
45,0,1.0,0.0,33,5,2
41,0,0.8602739726027397,0.0,34,7,2
32,0,1.0,0.0,59,2,1
81,0,1.0,0.0,51,4,1
64,0,1.0,0.0,51,13,1
78,0,1.0,0.0,44,3,1
38,0,0.7479452054794521,0.0,99,4,2
60,0,1.0,0.0,35,4,2
33,1,0.915068493150685,256.0,77,8,2
66,0,1.0,0.0,55,8,2
28,0,0.7315068493150685,0.0,65,1,1
71,0,1.0,0.0,32,1,1
44,0,0.9972602739726028,0.0,55,2,1
73,0,1.0,0.0,43,1,3
33,0,1.0,0.0,51,2,3
62,0,0.20273972602739726,0.0,59,1,1
28,0,1.0,0.0,37,9,1
50,0,1.0,0.0,43,2,3
37,0,0.9534246575342465,0.0,98,7,2
31,0,1.0,0.0,43,7,2
46,0,0.8027397260273973,0.0,43,4,1
44,0,0.41643835616438357,0.0,66,1,3
35,0,1.0,0.0,40,11,2
38,0,0.3150684931506849,0.0,36,2,1
52,0,1.0,0.0,43,2,2
54,0,1.0,0.0,40,2,1
36,0,0.6301369863013698,0.0,55,6,2
61,0,1.0,0.0,40,1,1
36,0,1.0,0.0,60,6,2
42,0,1.0,0.0,55,8,3
25,2,1.0,182364.0,66,1,2
55,0,1.0,0.0,48,17,2
46,0,0.7397260273972602,0.0,48,10,1
55,0,0.7479452054794521,0.0,22,8,3
64,0,1.0,0.0,72,6,2
28,0,1.0,0.0,40,1,1
60,0,1.0,0.0,66,7,3
51,0,1.0,0.0,40,4,1
50,0,0.1917808219178082,0.0,44,5,1
55,0,1.0,0.0,63,2,3
27,1,0.9232876712328767,5760.0,85,11,2
42,0,1.0,0.0,39,1,1
36,0,1.0,0.0,54,6,2
72,1,0.6657534246575343,46097.0,55,15,2
50,0,0.27123287671232876,0.0,40,3,1
75,1,0.8931506849315068,57900.0,40,3,3
51,0,1.0,0.0,51,6,3
25,0,0.7671232876712328,0.0,55,11,1
52,0,1.0,0.0,39,12,3
63,0,1.0,0.0,55,1,1
25,0,1.0,0.0,66,11,2
33,0,1.0,0.0,52,2,2
40,0,1.0,0.0,40,15,3
40,0,1.0,0.0,51,1,1
66,0,1.0,0.0,85,2,1
67,0,1.0,0.0,66,11,2
49,0,1.0,0.0,85,5,3
42,0,1.0,0.0,40,2,2
34,0,1.0,0.0,55,1,2
56,0,1.0,0.0,96,8,2
29,0,1.0,0.0,50,5,3
34,0,1.0,0.0,77,1,1
33,1,0.8,24708.0,43,1,1
48,0,1.0,0.0,66,2,2
43,0,1.0,0.0,37,3,1
42,0,1.0,0.0,55,5,1
82,0,1.0,0.0,40,11,2
73,0,1.0,0.0,55,3,2
69,0,1.0,0.0,44,6,1
65,0,1.0,0.0,61,1,1
42,0,1.0,0.0,66,16,2
57,0,1.0,0.0,46,6,2
25,0,1.0,0.0,55,1,1
66,1,1.0,5850.0,55,2,1
71,0,1.0,0.0,55,1,2
48,1,1.0,28880.0,38,11,2
68,0,1.0,0.0,110,6,1
49,0,1.0,0.0,43,1,1
64,1,0.12876712328767123,5850.0,40,2,1
38,0,0.08493150684931507,0.0,40,1,2
42,0,1.0,0.0,85,2,2
54,0,1.0,0.0,90,8,1
71,0,1.0,0.0,32,1,3
59,0,1.0,0.0,36,9,3
41,1,1.0,2607.0,45,1,1
47,0,1.0,0.0,29,1,3
52,0,1.0,0.0,138,8,2
55,1,1.0,2496.0,87,9,3
65,0,1.0,0.0,66,5,1
29,0,1.0,0.0,33,1,2
47,0,1.0,0.0,55,1,2
41,0,0.8493150684931506,0.0,47,1,2
36,0,1.0,0.0,43,1,1
29,0,0.6958904109589041,0.0,55,10,3
77,0,1.0,0.0,70,6,1
58,0,1.0,0.0,40,7,1
55,0,1.0,0.0,44,1,2
57,0,1.0,0.0,55,2,3
35,0,1.0,0.0,44,2,2
54,0,1.0,0.0,39,12,2
60,0,1.0,0.0,42,1,1
37,0,0.7452054794520548,0.0,40,1,1
71,0,1.0,0.0,44,6,3
68,0,1.0,0.0,44,1,3
68,0,1.0,0.0,69,2,3
25,0,1.0,0.0,55,1,1
45,0,1.0,0.0,40,1,2
66,0,1.0,0.0,40,5,1
67,0,1.0,0.0,55,4,3
33,0,0.0027397260273972603,0.0,30,4,1
48,0,1.0,0.0,44,2,1
70,0,0.04657534246575343,0.0,81,1,1
45,1,1.0,24660.0,85,12,2
47,0,1.0,0.0,80,6,1
24,0,1.0,0.0,66,2,2
25,0,1.0,0.0,43,2,1
37,0,0.32602739726027397,0.0,55,1,0
45,1,1.0,500000.0,32,1,1
28,0,0.8328767123287671,0.0,147,1,2
24,0,0.915068493150685,0.0,44,6,1
37,0,1.0,0.0,55,14,2
36,0,1.0,0.0,70,4,1
26,0,1.0,0.0,54,6,1
61,0,1.0,0.0,55,11,2
37,0,1.0,0.0,33,5,1
40,0,1.0,0.0,42,12,2
59,1,1.0,68624.0,84,8,3
57,0,0.3287671232876712,0.0,44,11,3
52,0,1.0,0.0,53,2,2
56,1,1.0,3056.0,65,2,1
58,0,1.0,0.0,66,2,1
32,0,1.0,0.0,54,1,1
48,0,0.5808219178082191,0.0,78,8,3
21,0,1.0,0.0,33,12,2
47,0,1.0,0.0,75,12,3
46,0,1.0,0.0,44,5,3
26,0,1.0,0.0,75,1,3
42,0,1.0,0.0,47,6,2
38,0,1.0,0.0,55,21,3
31,0,1.0,0.0,55,1,2
64,0,1.0,0.0,82,1,3
27,0,0.6602739726027397,0.0,29,1,1
51,0,1.0,0.0,24,5,1
69,0,0.3287671232876712,0.0,44,1,2
52,0,1.0,0.0,47,1,1
52,0,1.0,0.0,59,1,1
67,0,1.0,0.0,66,1,3
69,0,1.0,0.0,40,10,3
44,0,1.0,0.0,66,1,3
65,0,1.0,0.0,44,2,3
54,0,1.0,0.0,44,1,2
54,0,1.0,0.0,38,10,1
62,0,1.0,0.0,66,1,2
28,1,1.0,4894.0,37,5,1
54,0,1.0,0.0,44,1,1
29,0,0.4136986301369863,0.0,40,2,1
39,1,0.4986301369863014,3593.0,43,5,1
38,0,0.5917808219178082,0.0,60,2,3
63,0,1.0,0.0,55,1,1
24,0,0.5013698630136987,0.0,50,3,3
73,0,1.0,0.0,70,4,1
38,0,1.0,0.0,55,7,2
51,0,0.06575342465753424,0.0,40,1,1
32,0,0.5287671232876713,0.0,41,6,2
51,0,1.0,0.0,40,1,1
41,0,0.3315068493150685,0.0,76,2,2
54,0,1.0,0.0,47,1,2
84,0,1.0,0.0,53,3,3
28,0,1.0,0.0,90,6,1
31,0,1.0,0.0,48,2,1
34,0,0.4136986301369863,0.0,87,12,1
82,0,0.273972602739726,0.0,55,2,3
44,0,0.6301369863013698,0.0,40,6,1
33,0,1.0,0.0,60,7,2
50,0,1.0,0.0,60,1,3
34,0,1.0,0.0,65,1,3
34,1,0.9287671232876712,60147.0,55,5,1
68,0,1.0,0.0,66,10,2
46,0,1.0,0.0,60,3,3
38,0,1.0,0.0,50,3,2
41,0,1.0,0.0,81,3,0
49,1,1.0,15000.0,55,2,3
71,0,1.0,0.0,44,1,0
67,0,0.4383561643835616,0.0,33,11,3
49,0,1.0,0.0,55,8,3
41,0,1.0,0.0,48,7,3
30,0,1.0,0.0,40,1,2
67,0,1.0,0.0,54,1,1
52,0,1.0,0.0,44,10,3
62,0,1.0,0.0,74,1,1
37,0,1.0,0.0,66,2,2
53,1,0.4136986301369863,6510.0,66,9,2
29,0,1.0,0.0,40,7,1
53,0,1.0,0.0,50,1,1
56,0,1.0,0.0,125,11,2
44,0,1.0,0.0,79,2,1
34,0,0.9041095890410958,0.0,40,3,1
59,0,1.0,0.0,55,10,1
77,0,1.0,0.0,46,2,1
49,0,1.0,0.0,43,1,1
55,0,1.0,0.0,42,2,1
37,1,1.0,30863.0,109,1,3
37,0,0.41643835616438357,0.0,119,1,1
28,1,0.821917808219178,55000.0,58,1,1
70,0,1.0,0.0,47,3,3
50,0,1.0,0.0,47,8,1
33,0,0.4301369863013699,0.0,40,1,1
59,0,1.0,0.0,48,1,1
44,0,1.0,0.0,54,12,2
33,0,1.0,0.0,49,1,3
75,0,1.0,0.0,54,1,3
48,1,1.0,18187.0,40,12,3
71,0,1.0,0.0,40,1,3
50,0,1.0,0.0,40,10,2
45,0,0.8273972602739726,0.0,40,7,3
32,1,1.0,2856.0,79,8,1
69,0,1.0,0.0,66,1,2
34,1,0.5972602739726027,95209.0,41,3,0
52,0,0.6109589041095891,0.0,64,2,1
73,0,1.0,0.0,47,1,2
51,0,1.0,0.0,33,2,1
55,0,0.6657534246575343,0.0,40,1,3
46,0,1.0,0.0,55,6,1
34,0,1.0,0.0,53,1,2
47,1,1.0,415000.0,39,9,1
51,0,1.0,0.0,25,1,1
49,0,1.0,0.0,93,1,3
25,0,1.0,0.0,60,8,3
49,0,1.0,0.0,49,3,2
76,0,1.0,0.0,44,1,3
19,1,0.6410958904109589,32085.0,91,1,1
43,1,1.0,2840.0,74,5,3
46,0,1.0,0.0,40,1,2
63,0,1.0,0.0,55,1,3
59,0,1.0,0.0,40,1,2
26,0,1.0,0.0,66,6,1
41,0,0.9972602739726028,0.0,40,6,3
42,0,1.0,0.0,65,1,3
71,0,1.0,0.0,58,12,1
34,0,1.0,0.0,40,4,1
40,0,1.0,0.0,40,2,2
57,0,1.0,0.0,63,4,3
65,0,1.0,0.0,57,1,2
29,0,0.5808219178082191,0.0,50,10,2
59,0,1.0,0.0,55,7,1
64,0,1.0,0.0,51,15,2
62,0,1.0,0.0,55,2,2
75,0,1.0,0.0,83,2,2
63,0,1.0,0.0,60,1,3
34,0,0.16164383561643836,0.0,38,3,3
35,0,1.0,0.0,52,4,0
52,0,1.0,0.0,44,4,1
35,1,1.0,70433.0,40,1,2
42,0,1.0,0.0,47,1,2
27,1,0.3835616438356164,2644.0,55,2,1
65,0,1.0,0.0,70,1,3
38,0,0.5506849315068493,0.0,74,1,2
71,0,1.0,0.0,52,10,2
55,1,1.0,5850.0,29,6,2
53,0,0.5808219178082191,0.0,55,1,2
63,0,1.0,0.0,20,7,1
58,0,1.0,0.0,54,6,2
46,0,1.0,0.0,40,6,3
40,0,0.8383561643835616,0.0,70,2,2
67,0,1.0,0.0,101,1,3
59,0,1.0,0.0,44,1,1
41,0,1.0,0.0,59,1,1
31,0,1.0,0.0,64,1,2
45,0,1.0,0.0,50,12,2
33,0,1.0,0.0,33,2,2
35,0,0.4767123287671233,0.0,43,1,2
58,0,1.0,0.0,48,5,3
27,0,1.0,0.0,77,1,3
49,0,1.0,0.0,55,1,1
65,0,1.0,0.0,64,1,1
72,0,0.43561643835616437,0.0,46,1,1
63,0,1.0,0.0,66,7,1
52,0,0.9452054794520548,0.0,66,12,3
62,0,1.0,0.0,51,1,2
30,0,1.0,0.0,55,1,3
35,0,1.0,0.0,32,1,2
44,0,1.0,0.0,70,14,3
30,0,1.0,0.0,55,3,2
23,0,1.0,0.0,66,10,1
40,0,1.0,0.0,36,7,1
60,0,1.0,0.0,66,1,1
50,0,1.0,0.0,50,7,1
23,0,0.4575342465753425,0.0,47,6,1
60,0,1.0,0.0,40,1,2
33,0,0.936986301369863,0.0,65,1,3
26,0,0.6164383561643836,0.0,40,1,2
79,0,1.0,0.0,37,2,2
41,0,1.0,0.0,47,2,3
55,0,1.0,0.0,57,10,0
51,0,1.0,0.0,40,1,1
25,0,1.0,0.0,82,1,1
58,0,1.0,0.0,57,1,2
57,0,1.0,0.0,40,5,1
36,0,1.0,0.0,66,1,1
44,0,1.0,0.0,40,3,2
29,0,1.0,0.0,35,1,2
68,0,1.0,0.0,70,1,1
30,0,0.5780821917808219,0.0,46,2,2
35,0,1.0,0.0,85,5,1
50,0,1.0,0.0,53,6,3
31,0,1.0,0.0,43,8,1
46,0,0.4794520547945205,0.0,85,4,2
54,0,1.0,0.0,85,6,1
31,0,0.9452054794520548,0.0,31,1,3
35,1,0.4958904109589041,7926.0,65,1,1
24,0,1.0,0.0,81,6,1
36,0,1.0,0.0,61,2,3
52,0,1.0,0.0,66,1,1
36,0,1.0,0.0,76,10,3
47,0,0.915068493150685,0.0,66,1,3
25,0,1.0,0.0,60,1,1
59,3,1.0,198907.0,42,4,1
45,0,0.4136986301369863,0.0,33,10,2
36,1,1.0,76195.0,51,1,3
36,1,0.2219178082191781,105465.0,55,5,2
43,0,1.0,0.0,49,6,3
44,0,1.0,0.0,83,8,2
38,0,1.0,0.0,29,7,2
47,0,0.8273972602739726,0.0,36,1,1
28,1,1.0,7100.0,33,5,1
50,0,1.0,0.0,160,14,2
54,0,0.8328767123287671,0.0,93,3,1
42,0,1.0,0.0,40,9,1
67,0,0.4136986301369863,0.0,55,2,3
54,0,1.0,0.0,44,1,1
46,0,1.0,0.0,47,1,1
52,0,0.6,0.0,40,12,2
47,0,1.0,0.0,50,8,3
49,0,1.0,0.0,43,1,1
24,0,0.6465753424657534,0.0,52,1,1
44,0,1.0,0.0,25,3,1
73,0,1.0,0.0,77,2,1
45,0,1.0,0.0,47,1,1
71,0,1.0,0.0,78,12,3
47,0,1.0,0.0,66,1,2
23,0,0.9205479452054794,0.0,66,1,3
53,0,1.0,0.0,66,6,2
72,1,0.18082191780821918,62336.0,92,12,1
33,0,1.0,0.0,44,2,1
39,0,1.0,0.0,59,1,3
69,0,1.0,0.0,66,1,1
54,0,0.7479452054794521,0.0,81,9,2
27,0,0.6109589041095891,0.0,53,12,3
61,0,1.0,0.0,55,1,2
35,0,1.0,0.0,82,1,3
48,0,1.0,0.0,70,1,2
42,0,1.0,0.0,60,2,2
37,1,1.0,57540.0,59,8,1
65,0,1.0,0.0,55,1,2
28,0,1.0,0.0,40,12,1
38,0,0.852054794520548,0.0,50,8,2
27,0,0.25205479452054796,0.0,68,5,3
25,0,0.2493150684931507,0.0,47,1,1
60,0,1.0,0.0,64,5,1
73,0,0.8821917808219178,0.0,39,12,3
21,0,0.9452054794520548,0.0,40,1,1
68,1,1.0,5178.0,44,1,3
42,0,1.0,0.0,41,6,1
64,0,1.0,0.0,105,2,1
42,0,1.0,0.0,40,2,1
77,0,1.0,0.0,80,1,1
31,0,1.0,0.0,64,3,1
52,0,1.0,0.0,58,1,1
64,0,1.0,0.0,67,2,3
62,0,1.0,0.0,63,2,3
57,0,1.0,0.0,66,2,1
38,0,1.0,0.0,52,1,3
30,0,1.0,0.0,55,12,3
66,1,0.9013698630136986,67814.0,63,1,1
33,0,1.0,0.0,42,1,2
35,0,0.273972602739726,0.0,51,8,1
32,1,1.0,70100.0,85,1,1
41,0,1.0,0.0,54,1,3
44,0,1.0,0.0,33,10,1
29,0,1.0,0.0,40,2,2
34,0,1.0,0.0,96,1,1
51,0,0.07671232876712329,0.0,60,1,1
23,0,1.0,0.0,60,6,2
42,0,1.0,0.0,35,1,1
53,0,1.0,0.0,85,7,2
33,0,1.0,0.0,66,1,1
49,0,1.0,0.0,50,6,3
29,2,1.0,20251.0,54,1,3
43,0,1.0,0.0,30,7,1
48,0,1.0,0.0,44,2,3
37,0,1.0,0.0,33,6,2
49,1,1.0,36169.0,77,9,2
42,0,1.0,0.0,74,12,3
48,0,1.0,0.0,43,5,1
65,0,0.6410958904109589,0.0,40,1,2
50,0,1.0,0.0,33,6,3
42,0,1.0,0.0,68,1,1
59,0,1.0,0.0,40,1,3
34,0,0.43561643835616437,0.0,44,1,1
72,0,0.547945205479452,0.0,81,2,1
33,0,0.5808219178082191,0.0,38,2,3
30,0,1.0,0.0,68,3,3
42,0,1.0,0.0,74,1,1
41,0,0.915068493150685,0.0,38,2,1
50,0,1.0,0.0,60,1,3
66,0,1.0,0.0,73,3,2
62,0,0.42191780821917807,0.0,37,13,2
22,0,0.5013698630136987,0.0,58,9,1
54,0,1.0,0.0,29,1,3
27,0,1.0,0.0,84,9,1
57,0,0.6191780821917808,0.0,94,2,1
29,0,1.0,0.0,42,2,3
28,0,1.0,0.0,74,1,1
31,0,1.0,0.0,25,1,1
31,0,0.873972602739726,0.0,70,2,3
24,1,0.16986301369863013,3257.0,50,11,3
50,0,1.0,0.0,40,2,1
71,0,1.0,0.0,65,1,2
44,0,1.0,0.0,53,6,3
39,0,1.0,0.0,61,1,2
58,0,0.2054794520547945,0.0,55,6,3
61,0,1.0,0.0,65,7,3
45,0,0.6657534246575343,0.0,54,8,1
66,1,1.0,2645.0,43,1,3
58,0,0.2465753424657534,0.0,40,4,1
28,0,1.0,0.0,74,20,1
68,0,1.0,0.0,55,3,2
34,0,1.0,0.0,66,1,1
50,0,1.0,0.0,33,1,3
57,0,1.0,0.0,106,1,1
54,0,1.0,0.0,55,1,1
46,0,1.0,0.0,66,2,3
66,0,1.0,0.0,51,11,1
59,0,1.0,0.0,44,1,1
49,0,0.8821917808219178,0.0,88,1,1
30,0,0.5205479452054794,0.0,81,1,1
45,0,1.0,0.0,66,2,3
62,0,1.0,0.0,48,1,2
38,0,1.0,0.0,50,5,1
49,0,1.0,0.0,61,10,2
38,0,1.0,0.0,66,10,3
43,0,1.0,0.0,40,5,2
35,0,1.0,0.0,110,2,2
42,0,1.0,0.0,43,1,2
73,0,1.0,0.0,55,11,3
63,0,0.5041095890410959,0.0,65,2,3
67,0,1.0,0.0,35,1,3
65,0,0.6986301369863014,0.0,65,2,1
42,0,1.0,0.0,55,1,1
49,0,1.0,0.0,64,10,1
59,0,1.0,0.0,66,13,1
24,0,0.7698630136986301,0.0,61,11,1
67,0,1.0,0.0,66,1,1
27,1,0.863013698630137,17878.0,35,2,3
64,0,1.0,0.0,40,1,2
36,1,1.0,181200.0,36,2,1
30,0,1.0,0.0,47,1,2
59,0,0.4136986301369863,0.0,103,10,2
46,0,1.0,0.0,66,13,1
45,0,1.0,0.0,55,12,1
29,0,1.0,0.0,40,1,3
58,1,1.0,133038.0,90,2,3
70,0,0.7616438356164383,0.0,68,1,3
52,0,1.0,0.0,85,1,2
41,0,1.0,0.0,53,1,3
51,0,1.0,0.0,63,6,1
55,0,1.0,0.0,55,3,1
27,0,0.34794520547945207,0.0,103,20,3
57,0,0.7205479452054795,0.0,57,4,1
31,0,1.0,0.0,52,12,1
27,0,1.0,0.0,43,1,3
36,0,1.0,0.0,50,1,1
51,0,0.3287671232876712,0.0,66,3,2
53,0,1.0,0.0,76,6,1
33,0,1.0,0.0,37,12,2
46,1,0.25753424657534246,66840.0,55,1,1
53,1,1.0,55000.0,33,2,1
33,0,0.7534246575342466,0.0,60,7,2
49,0,1.0,0.0,50,12,1
62,0,1.0,0.0,49,11,1
70,0,1.0,0.0,33,1,1
59,0,1.0,0.0,62,8,1
78,0,1.0,0.0,40,1,3
59,0,1.0,0.0,43,8,2
52,0,1.0,0.0,80,6,1
41,0,1.0,0.0,81,1,1
55,0,1.0,0.0,55,12,3
49,2,1.0,20000.0,85,5,3
65,0,1.0,0.0,66,13,1
31,0,1.0,0.0,36,20,2
60,0,1.0,0.0,65,1,1
45,0,0.2191780821917808,0.0,60,5,1
34,1,0.9808219178082191,43375.0,33,5,1
49,0,1.0,0.0,66,5,2
73,0,0.8328767123287671,0.0,50,1,2
37,0,1.0,0.0,54,5,2
75,0,1.0,0.0,84,12,3
29,0,1.0,0.0,62,1,2
36,0,1.0,0.0,40,2,3
46,0,0.6438356164383562,0.0,66,3,1
51,0,0.4958904109589041,0.0,43,1,3
40,1,0.9452054794520548,6630.0,37,6,2
41,0,0.6082191780821918,0.0,70,10,1
43,1,1.0,60147.0,69,2,3
44,0,1.0,0.0,56,5,1
28,0,1.0,0.0,22,2,1
63,0,1.0,0.0,55,4,2
64,0,1.0,0.0,86,1,2
37,0,1.0,0.0,84,8,2
73,0,1.0,0.0,46,12,3
46,0,1.0,0.0,47,1,3
72,0,1.0,0.0,76,1,3
40,0,1.0,0.0,33,7,1
49,0,1.0,0.0,75,7,2
38,1,1.0,2755.0,40,1,1
29,1,1.0,5850.0,34,6,3
23,0,1.0,0.0,25,1,1
62,0,1.0,0.0,94,6,2
37,0,1.0,0.0,66,2,3
28,0,0.5260273972602739,0.0,40,1,1
34,0,0.5945205479452055,0.0,40,4,1
51,0,0.13150684931506848,0.0,49,1,1
48,0,1.0,0.0,33,2,1
75,0,1.0,0.0,55,1,3
36,0,1.0,0.0,75,1,1
34,0,0.5616438356164384,0.0,66,1,1
49,0,1.0,0.0,48,1,1
63,1,1.0,74100.0,51,12,2
61,0,1.0,0.0,47,2,1
26,0,1.0,0.0,66,1,1
68,0,1.0,0.0,40,1,3
59,1,1.0,6066.0,47,2,1
29,0,1.0,0.0,55,11,2
43,0,1.0,0.0,40,9,2
58,0,1.0,0.0,60,1,2
25,0,0.3424657534246575,0.0,58,1,2
76,0,1.0,0.0,55,1,2
38,0,1.0,0.0,51,7,1
37,0,1.0,0.0,66,1,1
41,0,0.13424657534246576,0.0,43,7,3
42,0,1.0,0.0,55,15,1
43,0,1.0,0.0,40,2,3
40,0,1.0,0.0,75,12,2
38,0,1.0,0.0,68,10,1
39,0,1.0,0.0,40,1,3
67,0,0.9041095890410958,0.0,33,5,2
51,0,0.915068493150685,0.0,44,6,1
50,0,1.0,0.0,55,12,1
46,0,1.0,0.0,47,2,2
44,0,0.3424657534246575,0.0,50,7,3
28,0,1.0,0.0,47,2,2
63,0,1.0,0.0,74,1,1
60,1,1.0,55000.0,65,1,1
59,0,1.0,0.0,65,12,3
57,0,1.0,0.0,51,1,1
63,0,1.0,0.0,66,2,1
27,0,0.5917808219178082,0.0,100,5,1
54,0,0.8136986301369863,0.0,66,5,1
45,0,0.15616438356164383,0.0,53,1,1
76,0,1.0,0.0,78,3,1
71,0,1.0,0.0,43,1,2
74,0,1.0,0.0,90,12,3
41,0,1.0,0.0,55,1,2
39,0,1.0,0.0,55,2,2
75,1,1.0,5832.0,55,4,2
45,0,1.0,0.0,43,1,1
26,0,1.0,0.0,102,1,1
29,0,0.6712328767123288,0.0,43,1,2
26,0,0.4465753424657534,0.0,53,7,2
47,0,1.0,0.0,44,8,2
33,0,1.0,0.0,40,5,2
45,0,1.0,0.0,40,6,1
46,0,1.0,0.0,33,12,2
39,0,1.0,0.0,33,2,1
52,0,1.0,0.0,47,1,2
39,0,0.8986301369863013,0.0,55,1,1
24,0,0.13150684931506848,0.0,37,1,1
36,0,1.0,0.0,40,1,3
69,0,1.0,0.0,79,12,1
48,0,1.0,0.0,58,1,2
50,0,1.0,0.0,39,2,1
65,0,1.0,0.0,55,1,1
25,0,1.0,0.0,54,1,1
43,0,1.0,0.0,47,6,2
85,0,1.0,0.0,70,5,3
28,0,1.0,0.0,55,12,3
61,0,0.852054794520548,0.0,44,2,2
52,0,1.0,0.0,32,6,1
57,0,1.0,0.0,53,1,1
41,0,1.0,0.0,42,1,1
71,1,1.0,62158.0,66,6,1
45,0,0.08493150684931507,0.0,59,1,1
46,0,1.0,0.0,65,10,1
36,0,0.3698630136986301,0.0,40,2,3
55,0,0.8904109589041096,0.0,55,1,2
34,0,1.0,0.0,90,4,1
32,0,1.0,0.0,33,1,1
34,0,1.0,0.0,36,3,1
34,0,1.0,0.0,41,1,2
75,0,1.0,0.0,33,8,1
45,0,0.07671232876712329,0.0,40,1,1
63,0,1.0,0.0,48,4,3
27,0,0.8575342465753425,0.0,48,2,1
69,0,1.0,0.0,44,1,2
58,0,0.41643835616438357,0.0,77,8,3
39,0,1.0,0.0,47,5,2
63,0,1.0,0.0,32,8,3
53,0,1.0,0.0,61,2,1
42,0,1.0,0.0,66,1,2
33,0,1.0,0.0,55,4,2
29,0,1.0,0.0,40,1,3
34,0,0.08493150684931507,0.0,43,2,2
71,0,1.0,0.0,53,2,3
40,0,1.0,0.0,51,1,3
51,0,1.0,0.0,40,9,1
37,0,0.024657534246575342,0.0,82,10,1
40,1,1.0,19523.0,87,3,1
70,0,1.0,0.0,103,8,2
68,0,1.0,0.0,55,3,3
60,0,1.0,0.0,53,4,2
64,0,0.9013698630136986,0.0,43,2,1
35,0,1.0,0.0,74,1,2
43,0,0.6904109589041096,0.0,46,1,1
36,0,1.0,0.0,55,1,3
53,0,1.0,0.0,55,1,1
48,0,1.0,0.0,64,12,1
65,0,1.0,0.0,66,9,2
39,1,0.6657534246575343,6776.0,55,3,2
38,1,0.9452054794520548,6066.0,51,1,1
71,0,0.36712328767123287,0.0,51,4,1
65,0,1.0,0.0,40,11,1
57,0,1.0,0.0,55,1,1
54,0,1.0,0.0,42,7,1
30,0,0.5835616438356165,0.0,59,1,1
61,0,1.0,0.0,85,8,3
55,0,1.0,0.0,47,1,2
30,0,1.0,0.0,33,6,1
31,1,1.0,2607.0,37,8,1
66,0,1.0,0.0,75,4,2
65,0,1.0,0.0,82,5,3
23,0,0.08493150684931507,0.0,69,1,1
41,0,1.0,0.0,68,1,2
43,0,1.0,0.0,40,1,1
29,0,0.7479452054794521,0.0,51,1,2
39,0,1.0,0.0,63,15,1
52,0,1.0,0.0,68,8,1
78,0,1.0,0.0,84,2,1
76,0,1.0,0.0,49,1,1
26,1,1.0,805000.0,43,2,1
35,0,1.0,0.0,85,1,1
36,0,1.0,0.0,85,1,2
33,0,1.0,0.0,35,1,2
29,0,1.0,0.0,52,1,1
58,1,1.0,4452.0,33,6,3
64,0,0.2356164383561644,0.0,40,6,2
54,0,1.0,0.0,37,8,3
44,0,1.0,0.0,40,1,3
40,0,1.0,0.0,50,5,1
74,0,1.0,0.0,48,9,1
36,0,0.18082191780821918,0.0,51,10,1
41,0,1.0,0.0,85,2,1
25,0,1.0,0.0,75,8,1
25,0,1.0,0.0,39,1,3
75,0,1.0,0.0,110,2,1
21,0,1.0,0.0,66,1,1
68,0,1.0,0.0,40,14,2
37,0,1.0,0.0,57,9,3
44,0,1.0,0.0,57,2,1
34,0,0.4136986301369863,0.0,50,11,3
44,0,0.5917808219178082,0.0,29,2,2
46,1,1.0,5178.0,42,1,1
58,0,1.0,0.0,68,6,1
53,0,1.0,0.0,60,16,1
35,0,1.0,0.0,55,10,2
50,0,1.0,0.0,36,2,1
48,0,0.22465753424657534,0.0,68,1,1
26,0,0.08493150684931507,0.0,83,11,1
55,0,1.0,0.0,48,11,2
35,0,1.0,0.0,55,2,2
41,0,1.0,0.0,43,1,2
56,1,0.4410958904109589,8116.0,51,11,3
51,0,1.0,0.0,67,7,3
46,0,1.0,0.0,59,2,2
34,0,1.0,0.0,67,2,2
65,0,1.0,0.0,55,2,1
25,0,1.0,0.0,81,9,1
70,0,1.0,0.0,68,12,1
72,0,1.0,0.0,51,2,2
41,0,1.0,0.0,110,8,3
74,0,1.0,0.0,59,1,1
27,0,0.5232876712328767,0.0,39,1,3
76,0,1.0,0.0,55,5,3
39,0,1.0,0.0,50,2,1
39,0,1.0,0.0,39,1,1
58,0,1.0,0.0,44,1,3
59,0,0.4958904109589041,0.0,40,1,1
31,0,0.7123287671232876,0.0,60,1,2
45,0,1.0,0.0,47,2,2
56,0,0.1917808219178082,0.0,44,5,2
41,0,0.6,0.0,50,18,1
39,0,0.4136986301369863,0.0,104,5,2
47,0,0.4958904109589041,0.0,62,1,3
61,0,1.0,0.0,50,9,1
31,0,0.8301369863013699,0.0,43,2,1
48,1,0.8958904109589041,5688.0,110,10,2
31,0,0.7424657534246575,0.0,51,11,1
32,0,1.0,0.0,54,2,3
25,1,1.0,5850.0,54,1,3
48,0,0.7616438356164383,0.0,42,2,3
40,0,1.0,0.0,62,1,3
61,0,1.0,0.0,54,1,3
29,0,0.7150684931506849,0.0,52,10,1
62,1,1.0,22451.0,25,6,1
46,0,1.0,0.0,33,1,2
50,0,1.0,0.0,67,1,3
26,0,0.0273972602739726,0.0,49,8,3
45,1,0.8986301369863013,2989.0,48,7,2
28,0,1.0,0.0,47,1,2
62,0,1.0,0.0,54,1,2
70,0,1.0,0.0,77,1,1
63,0,1.0,0.0,68,4,2
38,0,0.11506849315068493,0.0,100,2,1
24,0,1.0,0.0,21,1,1
36,0,1.0,0.0,63,1,1
76,0,1.0,0.0,66,1,1
53,0,0.7616438356164383,0.0,40,3,3
49,0,0.3315068493150685,0.0,66,2,3
35,0,1.0,0.0,44,2,3
63,0,1.0,0.0,55,11,1
67,0,0.7972602739726027,0.0,66,1,3
27,0,0.6054794520547945,0.0,45,11,1
49,0,1.0,0.0,60,10,2
67,0,0.3287671232876712,0.0,44,1,3
70,1,0.7534246575342466,13926.0,65,9,3
31,0,1.0,0.0,84,2,1
20,0,1.0,0.0,85,2,2
46,0,1.0,0.0,59,1,3
43,0,1.0,0.0,44,1,2
74,0,1.0,0.0,40,5,2
51,0,1.0,0.0,37,1,2
49,0,1.0,0.0,43,9,1
34,0,1.0,0.0,40,2,1
53,0,1.0,0.0,37,7,3
30,0,1.0,0.0,55,1,1
49,0,0.5342465753424658,0.0,44,7,3
36,0,0.7643835616438356,0.0,40,1,1
55,0,1.0,0.0,48,7,2
61,0,1.0,0.0,74,1,2
34,0,1.0,0.0,73,2,1
20,0,1.0,0.0,51,1,3
70,0,1.0,0.0,51,1,1
39,0,1.0,0.0,40,1,1
82,0,1.0,0.0,53,1,2
59,0,1.0,0.0,40,4,2
59,0,0.26575342465753427,0.0,40,6,2
45,0,1.0,0.0,53,1,2
50,0,1.0,0.0,47,2,0
35,0,0.0821917808219178,0.0,37,1,2
57,0,1.0,0.0,33,2,1
50,0,1.0,0.0,85,12,2
46,0,1.0,0.0,43,1,2
25,0,1.0,0.0,40,1,0
39,0,0.34794520547945207,0.0,55,1,2
38,0,1.0,0.0,42,1,2
25,0,1.0,0.0,29,6,1
24,1,1.0,57540.0,43,10,1
73,0,0.8821917808219178,0.0,43,14,3
42,0,1.0,0.0,55,1,2
36,0,1.0,0.0,51,1,1
49,0,1.0,0.0,47,8,1
25,1,1.0,37624.0,73,3,2
34,0,0.9726027397260274,0.0,51,8,1
50,0,1.0,0.0,87,8,2
43,0,1.0,0.0,44,1,1
57,0,1.0,0.0,43,1,1
35,0,1.0,0.0,51,2,3
48,0,1.0,0.0,85,6,2
50,0,0.6794520547945205,0.0,37,11,2
70,1,1.0,5750.0,58,7,2
37,0,0.5068493150684932,0.0,60,2,3
67,0,1.0,0.0,40,1,2
51,1,0.44931506849315067,17768.0,64,3,2
54,0,0.3643835616438356,0.0,40,6,2
29,0,1.0,0.0,116,1,1
70,1,1.0,2607.0,158,11,2
77,1,1.0,45133.0,65,2,1
32,0,1.0,0.0,70,1,3
37,0,0.7780821917808219,0.0,65,6,1
67,1,0.7479452054794521,7206.0,49,6,3
56,1,1.0,6534.0,47,5,1
36,0,1.0,0.0,53,2,2
75,0,1.0,0.0,65,1,2
67,0,0.28493150684931506,0.0,35,1,2
80,0,1.0,0.0,60,13,2
45,0,1.0,0.0,46,2,2
43,0,1.0,0.0,40,1,2
71,0,1.0,0.0,31,14,3
57,0,0.7808219178082192,0.0,77,11,3
39,0,1.0,0.0,55,9,3
30,0,1.0,0.0,66,3,2
72,1,1.0,32469.0,33,10,3
29,0,1.0,0.0,55,1,1
43,0,1.0,0.0,50,1,3
41,0,1.0,0.0,85,1,2
66,0,1.0,0.0,59,2,2
36,0,1.0,0.0,79,5,3
66,0,1.0,0.0,47,7,1
30,0,0.4136986301369863,0.0,59,12,3
34,0,0.336986301369863,0.0,98,1,2
30,0,1.0,0.0,90,12,3
34,0,0.7013698630136986,0.0,40,2,2
56,0,1.0,0.0,63,8,2
41,0,1.0,0.0,34,5,3
66,1,1.0,5850.0,98,4,1
67,0,1.0,0.0,37,8,1
33,0,0.03287671232876712,0.0,51,1,2
57,0,0.9835616438356164,0.0,141,2,3
67,0,1.0,0.0,55,1,3
43,0,0.40821917808219177,0.0,40,15,3
47,0,1.0,0.0,44,1,3
68,0,1.0,0.0,51,7,3
53,0,1.0,0.0,65,7,1
53,2,0.8602739726027397,23636.0,36,5,1
30,0,1.0,0.0,47,1,1
33,0,1.0,0.0,55,1,1
34,0,1.0,0.0,65,2,1
66,0,1.0,0.0,40,3,2
36,0,1.0,0.0,81,2,3
75,0,1.0,0.0,74,3,2
55,0,1.0,0.0,47,2,1
37,0,0.5178082191780822,0.0,29,2,3
71,0,1.0,0.0,40,3,1
35,0,1.0,0.0,54,1,1
75,0,1.0,0.0,57,1,1
68,1,1.0,3114.0,33,1,3
40,0,1.0,0.0,66,1,0
27,1,1.0,6066.0,85,2,3
29,0,1.0,0.0,103,1,2
42,0,1.0,0.0,85,9,1
30,0,1.0,0.0,98,12,3
50,0,1.0,0.0,33,8,1
60,0,1.0,0.0,29,1,2
28,0,0.4602739726027397,0.0,69,6,1
48,0,1.0,0.0,75,1,1
56,0,1.0,0.0,44,1,3
40,0,1.0,0.0,65,6,1
46,0,1.0,0.0,33,1,1
20,0,1.0,0.0,53,5,2
29,2,1.0,356363.0,90,12,2
68,0,1.0,0.0,57,12,2
64,0,1.0,0.0,66,6,1
78,0,1.0,0.0,44,12,1
57,0,1.0,0.0,90,2,2
37,0,0.25753424657534246,0.0,43,1,3
25,0,1.0,0.0,51,2,2
49,0,1.0,0.0,55,9,0
39,0,1.0,0.0,85,1,1
37,0,0.5424657534246575,0.0,40,1,1
47,0,1.0,0.0,33,6,1
35,0,1.0,0.0,55,7,3
57,0,1.0,0.0,66,2,2
44,0,1.0,0.0,54,1,2
26,0,1.0,0.0,65,1,1
27,0,1.0,0.0,62,1,2
59,0,1.0,0.0,51,6,3
57,0,1.0,0.0,65,1,1
61,0,0.08493150684931507,0.0,40,1,2
51,0,1.0,0.0,83,3,3
46,0,1.0,0.0,68,5,2
45,0,0.8794520547945206,0.0,40,9,3
70,0,1.0,0.0,68,1,3
44,0,1.0,0.0,40,2,2
59,1,1.0,5178.0,67,5,0
27,0,0.9945205479452055,0.0,40,8,3
55,0,1.0,0.0,66,4,1
36,0,1.0,0.0,50,4,1
66,0,1.0,0.0,68,1,1
43,0,1.0,0.0,51,5,1
53,0,0.9397260273972603,0.0,59,1,3
38,0,1.0,0.0,75,1,1
61,0,1.0,0.0,47,12,2
71,0,1.0,0.0,66,1,2
57,0,1.0,0.0,30,11,3
62,0,1.0,0.0,40,2,3
50,0,0.14520547945205478,0.0,57,1,1
59,0,1.0,0.0,87,3,3
71,1,1.0,65997.0,34,11,2
46,0,1.0,0.0,87,3,3
75,0,1.0,0.0,51,2,1
24,1,1.0,2347.0,50,1,0
37,0,1.0,0.0,74,1,1
77,0,1.0,0.0,85,7,2
33,0,1.0,0.0,40,7,3
38,0,1.0,0.0,25,8,2
69,0,1.0,0.0,25,1,1
34,0,1.0,0.0,55,1,3
48,0,1.0,0.0,53,1,2
56,0,1.0,0.0,40,1,1
30,0,1.0,0.0,55,1,3
38,0,1.0,0.0,40,1,2
49,0,0.4958904109589041,0.0,50,12,1
33,0,1.0,0.0,55,6,1
46,0,0.4246575342465753,0.0,43,1,3
36,0,0.2191780821917808,0.0,43,2,2
19,0,1.0,0.0,55,1,1
43,1,1.0,68236.0,33,2,2
34,0,0.00821917808219178,0.0,66,1,1
42,0,1.0,0.0,34,7,3
52,0,0.5589041095890411,0.0,40,2,1
32,0,0.4876712328767123,0.0,83,2,1
42,0,1.0,0.0,55,1,1
43,0,1.0,0.0,40,1,1
24,0,1.0,0.0,40,2,1
34,0,1.0,0.0,70,6,3
43,0,1.0,0.0,55,13,1
53,0,1.0,0.0,40,2,1
29,0,0.5342465753424658,0.0,44,2,1
71,0,1.0,0.0,115,1,3
48,0,1.0,0.0,70,1,2
39,0,1.0,0.0,52,1,2
45,0,1.0,0.0,40,5,1
36,1,1.0,121902.0,55,11,1
77,0,1.0,0.0,39,6,3
39,0,0.4191780821917808,0.0,40,1,2
45,0,1.0,0.0,70,12,1
60,1,1.0,3414.0,75,1,2
36,0,0.6958904109589041,0.0,63,1,1
50,0,1.0,0.0,33,3,3
30,0,1.0,0.0,40,4,1
38,0,1.0,0.0,82,1,1
42,1,0.07945205479452055,398169.0,34,11,2
50,0,0.3150684931506849,0.0,66,1,1
37,0,1.0,0.0,63,2,1
55,0,1.0,0.0,158,1,2
49,0,1.0,0.0,54,2,1
63,0,1.0,0.0,55,12,2
71,0,1.0,0.0,40,9,1
33,1,0.810958904109589,6317.0,33,2,1
31,0,1.0,0.0,51,15,1
47,0,0.6301369863013698,0.0,50,9,1
53,0,1.0,0.0,32,2,3
71,0,1.0,0.0,55,10,1
56,0,1.0,0.0,40,8,1
25,0,1.0,0.0,48,2,1
30,0,1.0,0.0,55,3,2
52,0,1.0,0.0,39,9,2
29,0,0.4383561643835616,0.0,76,6,2
31,0,0.16712328767123288,0.0,107,1,2
55,0,1.0,0.0,85,1,2
57,0,1.0,0.0,66,1,1
53,0,1.0,0.0,66,2,1
31,0,0.5561643835616439,0.0,40,5,2
30,0,1.0,0.0,81,1,1
48,1,1.0,57540.0,37,1,1
54,0,1.0,0.0,55,2,1
34,1,0.6657534246575343,67871.0,64,2,2
76,0,1.0,0.0,92,6,1
45,2,1.0,55541.0,34,2,1
41,0,1.0,0.0,55,1,1
46,0,0.1506849315068493,0.0,82,1,3
27,0,1.0,0.0,37,1,3
27,0,0.4054794520547945,0.0,60,1,1
52,0,1.0,0.0,74,2,1
41,0,0.0547945205479452,0.0,36,1,1
50,0,0.2876712328767123,0.0,36,5,1
29,1,1.0,65679.0,25,12,3
41,0,1.0,0.0,55,2,3
37,1,1.0,71301.0,37,3,1
52,0,0.3506849315068493,0.0,107,1,2
46,0,1.0,0.0,54,2,0
36,0,0.4136986301369863,0.0,33,1,1
48,1,1.0,121902.0,34,12,3
45,0,0.4191780821917808,0.0,69,1,1
41,0,1.0,0.0,44,8,1
53,1,0.8986301369863013,14199.0,40,1,2
69,0,1.0,0.0,39,2,1
42,0,0.16164383561643836,0.0,33,1,3
43,0,1.0,0.0,48,3,1
36,0,1.0,0.0,47,1,3
37,0,1.0,0.0,51,8,2
25,0,1.0,0.0,87,9,2
63,1,1.0,105000.0,40,1,2
38,0,1.0,0.0,170,2,2
53,1,1.0,24550.0,61,7,1
35,0,1.0,0.0,68,2,2
62,0,1.0,0.0,68,9,3
67,0,1.0,0.0,43,6,3
77,0,1.0,0.0,65,12,3
54,0,1.0,0.0,40,1,3
53,0,0.14246575342465753,0.0,74,1,1
41,0,1.0,0.0,85,10,3
45,0,1.0,0.0,66,9,3
65,0,0.4136986301369863,0.0,66,2,1
55,0,1.0,0.0,44,1,2
35,0,1.0,0.0,55,1,2
53,0,1.0,0.0,40,6,1
48,0,1.0,0.0,46,1,3
48,0,1.0,0.0,134,12,3
72,0,1.0,0.0,81,6,1
59,0,1.0,0.0,55,1,2
62,0,0.4246575342465753,0.0,55,11,2
75,0,0.06301369863013699,0.0,54,5,2
47,0,0.9972602739726028,0.0,40,5,3
61,0,1.0,0.0,51,11,2
58,0,1.0,0.0,110,4,3
35,0,1.0,0.0,37,2,1
47,0,0.4136986301369863,0.0,43,3,2
49,0,1.0,0.0,54,1,3
83,1,0.8958904109589041,242791.0,30,12,3
28,0,0.4136986301369863,0.0,32,6,2
29,0,0.3150684931506849,0.0,45,1,3
39,0,0.5808219178082191,0.0,57,9,3
26,0,1.0,0.0,70,10,1
58,0,1.0,0.0,52,12,2
64,0,1.0,0.0,60,1,2
43,2,1.0,14741.0,51,11,3
48,0,1.0,0.0,44,6,3
72,1,1.0,856766.0,55,4,1
38,0,1.0,0.0,55,10,2
33,0,1.0,0.0,40,1,1
72,0,0.3452054794520548,0.0,77,1,2
41,2,1.0,15215.0,33,1,1
25,0,1.0,0.0,43,17,2
55,2,0.7342465753424657,157480.0,47,2,2
55,0,1.0,0.0,85,1,1
68,0,1.0,0.0,50,8,2
30,0,0.2958904109589041,0.0,55,7,2
75,0,1.0,0.0,44,12,2
50,0,1.0,0.0,40,9,3
27,0,1.0,0.0,43,3,1
26,0,1.0,0.0,66,3,3
38,0,1.0,0.0,78,2,1
52,0,1.0,0.0,81,11,1
36,1,1.0,2875.0,33,8,2
51,0,1.0,0.0,50,1,1
30,0,1.0,0.0,29,4,3
37,0,1.0,0.0,44,12,2
66,0,1.0,0.0,83,11,1
33,0,1.0,0.0,43,1,2
31,0,1.0,0.0,43,1,3
55,0,1.0,0.0,38,11,1
71,0,1.0,0.0,49,2,1
33,0,0.958904109589041,0.0,54,1,3
32,0,0.9397260273972603,0.0,74,1,1
50,0,1.0,0.0,54,3,3
73,0,1.0,0.0,80,1,2
43,0,1.0,0.0,43,12,3
36,1,1.0,5954.0,43,1,2
30,0,0.24383561643835616,0.0,85,1,3
52,1,1.0,8101.0,66,7,1
69,0,1.0,0.0,100,2,2
62,0,1.0,0.0,55,3,3
39,0,1.0,0.0,50,1,2
45,0,1.0,0.0,39,2,2
45,0,1.0,0.0,66,1,2
21,0,1.0,0.0,33,6,1
25,1,1.0,10000.0,64,10,2
36,0,1.0,0.0,110,4,1
29,0,0.3232876712328767,0.0,66,12,3
50,0,1.0,0.0,50,1,2
34,0,1.0,0.0,47,3,3
29,0,1.0,0.0,68,1,1
53,0,1.0,0.0,55,14,1
39,0,1.0,0.0,43,7,2
21,0,0.9534246575342465,0.0,66,2,2
64,0,1.0,0.0,36,2,2
44,0,0.1917808219178082,0.0,38,4,2
26,0,0.5041095890410959,0.0,66,1,1
35,0,1.0,0.0,70,1,2
30,0,1.0,0.0,40,5,1
50,0,1.0,0.0,37,4,3
34,0,0.10684931506849316,0.0,43,12,1
71,0,1.0,0.0,33,1,3
44,0,1.0,0.0,52,4,1
62,0,1.0,0.0,48,7,1
26,0,1.0,0.0,50,2,3
47,0,1.0,0.0,44,12,3
51,0,1.0,0.0,37,5,1
34,0,1.0,0.0,54,1,2
39,0,1.0,0.0,47,2,1
42,0,0.5232876712328767,0.0,78,3,1
43,0,1.0,0.0,39,1,2
57,0,0.9452054794520548,0.0,73,7,2
44,1,0.536986301369863,32630.0,29,1,1
73,0,1.0,0.0,68,19,2
39,0,1.0,0.0,55,1,1
47,0,0.33424657534246577,0.0,100,1,2
71,0,1.0,0.0,44,1,3
73,0,1.0,0.0,74,11,1
77,0,1.0,0.0,90,10,2
61,0,1.0,0.0,65,1,1
25,1,1.0,4821.0,43,2,3
58,0,1.0,0.0,147,1,1
59,0,0.09315068493150686,0.0,40,2,1
31,0,1.0,0.0,66,1,1
39,0,0.7863013698630137,0.0,52,1,1
30,0,1.0,0.0,63,1,1
45,0,1.0,0.0,105,6,2
71,0,1.0,0.0,40,7,1
55,0,1.0,0.0,53,2,1
48,0,0.08493150684931507,0.0,81,12,1
47,0,1.0,0.0,60,6,1
61,0,1.0,0.0,66,3,1
51,0,1.0,0.0,50,1,1
74,0,1.0,0.0,54,8,1
40,0,1.0,0.0,99,6,2
29,0,0.2356164383561644,0.0,44,3,3
47,0,1.0,0.0,66,1,1
73,0,0.3452054794520548,0.0,39,11,2
68,1,1.0,60147.0,37,1,3
49,1,1.0,43342.0,55,1,2
46,0,1.0,0.0,68,14,2
32,0,1.0,0.0,53,5,3
73,0,1.0,0.0,61,3,2
56,0,1.0,0.0,60,1,1
41,0,0.6438356164383562,0.0,60,1,1
58,0,1.0,0.0,40,2,1
48,0,1.0,0.0,55,1,1
63,0,0.13150684931506848,0.0,55,2,1
67,0,0.03287671232876712,0.0,44,1,1
54,0,1.0,0.0,37,12,2
57,0,1.0,0.0,51,1,2
41,0,1.0,0.0,48,1,2
46,0,1.0,0.0,55,2,3
57,0,1.0,0.0,43,8,3
52,0,1.0,0.0,66,11,2
32,0,1.0,0.0,105,6,3
36,0,0.2684931506849315,0.0,66,1,1
37,0,1.0,0.0,35,1,1
50,0,1.0,0.0,39,1,2
59,0,1.0,0.0,39,2,3
28,0,1.0,0.0,55,10,1
58,0,1.0,0.0,60,6,1
42,0,1.0,0.0,44,8,2
47,0,1.0,0.0,40,1,2
57,0,1.0,0.0,40,11,1
49,0,1.0,0.0,48,1,2
47,0,1.0,0.0,81,12,3
64,0,1.0,0.0,38,1,2
39,0,1.0,0.0,65,10,1
22,1,0.5260273972602739,20603.0,43,1,2
35,1,1.0,10892.0,59,2,1
54,0,1.0,0.0,81,2,1
31,0,0.1643835616438356,0.0,66,3,3
40,1,1.0,57540.0,33,10,1
30,0,1.0,0.0,90,1,1
55,1,0.5945205479452055,3019.0,77,7,1
36,0,1.0,0.0,47,1,2
63,0,0.6383561643835617,0.0,40,7,2
62,0,0.15616438356164383,0.0,50,1,0
45,0,0.873972602739726,0.0,66,6,1
52,0,1.0,0.0,46,5,3
77,0,0.3041095890410959,0.0,50,1,2
48,0,1.0,0.0,89,2,1
34,0,1.0,0.0,87,13,1
80,0,1.0,0.0,50,1,3
80,0,1.0,0.0,66,5,2
28,0,1.0,0.0,54,4,3
78,0,1.0,0.0,66,9,1
68,0,1.0,0.0,55,3,1
46,0,1.0,0.0,51,3,2
72,0,1.0,0.0,55,4,3
62,0,0.39452054794520547,0.0,53,1,3
37,0,1.0,0.0,83,12,3
31,1,1.0,5850.0,55,10,1
59,0,1.0,0.0,58,1,3
45,0,1.0,0.0,47,5,2
24,0,1.0,0.0,55,1,1
37,1,1.0,4452.0,46,12,1
30,0,1.0,0.0,55,3,2
67,1,1.0,5850.0,37,7,3
73,0,1.0,0.0,84,1,2
58,0,1.0,0.0,66,2,1
37,0,1.0,0.0,55,5,1
27,0,1.0,0.0,44,12,1
38,0,0.2958904109589041,0.0,44,1,1
43,0,1.0,0.0,52,1,2
65,0,1.0,0.0,44,11,3
36,0,1.0,0.0,40,1,2
32,0,1.0,0.0,37,11,2
62,0,1.0,0.0,55,11,2
51,1,1.0,3008.0,96,10,1
31,0,1.0,0.0,55,1,1
41,0,1.0,0.0,40,3,2
44,0,1.0,0.0,40,1,1
62,0,0.9561643835616438,0.0,51,2,2
56,0,1.0,0.0,66,11,2
36,0,1.0,0.0,51,1,3
24,1,1.0,9016.0,140,12,2
59,1,0.4465753424657534,64362.0,70,1,3
41,0,1.0,0.0,66,2,3
30,1,1.0,121902.0,50,1,2
48,0,0.9095890410958904,0.0,90,11,2
28,0,1.0,0.0,43,12,1
46,0,1.0,0.0,103,1,3
38,1,1.0,2850.0,66,1,2
76,0,1.0,0.0,37,3,2
38,1,1.0,2706.0,55,9,3
52,1,0.336986301369863,16620.0,66,12,1
38,0,0.2356164383561644,0.0,21,8,1
34,0,1.0,0.0,37,2,1
30,0,1.0,0.0,54,6,3
68,0,1.0,0.0,63,5,1
38,1,0.7589041095890411,84271.0,44,1,3
57,0,1.0,0.0,44,1,1
35,0,0.16164383561643836,0.0,70,1,2
63,0,0.8493150684931506,0.0,42,10,1
33,0,1.0,0.0,33,2,1
26,1,1.0,1487.0,51,1,1
31,0,1.0,0.0,40,3,1
26,0,0.5616438356164384,0.0,51,6,2
46,0,1.0,0.0,81,10,3
52,0,1.0,0.0,21,11,2
65,0,1.0,0.0,44,14,3
63,0,1.0,0.0,38,11,1
29,1,0.8986301369863013,2607.0,60,1,1
53,0,1.0,0.0,54,2,1
60,1,1.0,2989.0,63,1,1
69,1,1.0,33732.0,54,5,2
68,0,1.0,0.0,59,2,2
39,0,1.0,0.0,50,2,1
75,0,1.0,0.0,44,10,1
65,0,1.0,0.0,37,6,1
56,0,0.4273972602739726,0.0,70,4,1
33,0,1.0,0.0,77,2,1
41,0,1.0,0.0,58,5,2
33,1,1.0,3426.0,50,2,1
25,1,1.0,10000.0,51,1,2
75,1,0.5397260273972603,121902.0,100,12,1
41,0,0.41643835616438357,0.0,40,5,3
58,0,1.0,0.0,60,10,2
44,1,1.0,6066.0,40,12,3
47,0,1.0,0.0,55,7,2
65,1,0.8931506849315068,4792.0,51,1,1
77,0,1.0,0.0,66,2,2
35,0,0.7890410958904109,0.0,73,1,3
57,0,1.0,0.0,40,3,2
61,0,1.0,0.0,47,1,2
70,0,0.5123287671232877,0.0,55,8,1
40,0,0.136986301369863,0.0,33,8,1
56,0,1.0,0.0,51,11,3
40,0,0.5863013698630137,0.0,83,3,2
22,0,1.0,0.0,44,6,1
55,0,1.0,0.0,43,1,1
44,0,1.0,0.0,37,8,2
37,0,1.0,0.0,85,1,3
64,0,1.0,0.0,39,3,1
45,0,1.0,0.0,90,1,1
66,0,1.0,0.0,33,1,1
44,0,1.0,0.0,44,2,3
70,1,1.0,48123.0,55,2,1
52,0,0.2054794520547945,0.0,73,5,2
32,0,1.0,0.0,65,2,2
52,0,1.0,0.0,33,2,1
62,0,0.4684931506849315,0.0,51,1,2
69,0,1.0,0.0,55,1,1
31,1,1.0,245000.0,44,1,3
62,0,1.0,0.0,26,1,2
48,0,1.0,0.0,145,1,3
62,0,1.0,0.0,55,10,2
38,0,1.0,0.0,66,15,2
24,0,1.0,0.0,43,12,3
45,0,1.0,0.0,33,5,1
31,0,1.0,0.0,53,12,1
30,0,0.6273972602739726,0.0,40,2,1
70,0,1.0,0.0,66,20,1
30,0,0.16164383561643836,0.0,55,1,3
57,0,1.0,0.0,40,10,1
31,0,1.0,0.0,40,1,2
29,0,1.0,0.0,33,1,1
47,0,1.0,0.0,55,1,1
39,0,1.0,0.0,53,2,2
56,0,1.0,0.0,58,5,1
61,0,1.0,0.0,41,1,1
59,0,1.0,0.0,73,6,2
27,0,1.0,0.0,40,2,1
68,0,1.0,0.0,54,2,0
41,0,0.3506849315068493,0.0,54,8,1
37,0,1.0,0.0,40,11,3
71,0,1.0,0.0,69,1,1
27,0,0.8575342465753425,0.0,94,6,3
75,0,1.0,0.0,47,1,1
30,1,1.0,134900.0,55,2,3
40,0,0.18082191780821918,0.0,48,6,3
42,0,1.0,0.0,51,2,1
33,0,1.0,0.0,55,1,2
33,0,1.0,0.0,65,12,3
48,0,0.08493150684931507,0.0,110,10,1
50,0,1.0,0.0,55,12,1
68,0,1.0,0.0,55,7,3
20,0,1.0,0.0,40,2,2
24,0,1.0,0.0,40,2,1
64,0,1.0,0.0,60,1,1
31,0,1.0,0.0,47,10,3
64,0,0.2493150684931507,0.0,39,1,3
49,0,1.0,0.0,48,6,2
75,0,1.0,0.0,65,8,3
49,0,1.0,0.0,66,2,2
29,0,1.0,0.0,55,8,2
64,0,1.0,0.0,32,6,1
53,0,1.0,0.0,55,1,1
27,0,1.0,0.0,49,5,1
52,0,1.0,0.0,51,1,1
49,0,1.0,0.0,33,11,1
67,0,1.0,0.0,55,8,2
66,1,1.0,23168.0,40,2,2
27,0,1.0,0.0,63,2,2
68,0,0.1178082191780822,0.0,57,6,1
49,0,1.0,0.0,43,1,3
58,0,1.0,0.0,66,1,2
76,0,1.0,0.0,44,11,1
32,0,1.0,0.0,37,2,3
51,0,1.0,0.0,51,6,1
40,0,1.0,0.0,65,2,3
64,0,1.0,0.0,40,3,1
52,1,1.0,121902.0,33,1,3
58,0,1.0,0.0,40,6,1
31,0,1.0,0.0,35,3,2
30,0,1.0,0.0,70,14,3
42,0,0.9397260273972603,0.0,54,1,1
31,0,0.18904109589041096,0.0,85,1,3
48,0,0.6657534246575343,0.0,51,2,1
30,0,0.1589041095890411,0.0,90,1,1
